ref_id,fonte,autor,ano,arxiv,doi,titulo,raw
A001,AGOSTINI,Aalbers,2016,1606.07001,,DARWIN: towards the ultimate dark matter detector,"Aalbers, J, et al. (DARWIN) (2016), “DARWIN: towards the ultimate dark matter detector,” JCAP 11, 017, arXiv:1606.07001 [astro-ph.IM]."
A002,AGOSTINI,Aalseth,2005,,,"[aip topical workshop on low radioactivity techniques: Lrt 2004 - sudbury, ontario (canada) (12- 14 december 2004)] aip conference proceedings - ultra-lowbackground copper production and clean fabrication","Aalseth, C E (2005), “[aip topical workshop on low radioactivity techniques: Lrt 2004 - sudbury, ontario (canada) (12- 14 december 2004)] aip conference proceedings - ultra-lowbackground copper production and clean fabrication,”."
A003,AGOSTINI,Aalseth,2002,hep-ex/0202018,,Comment on ‘Evidence for neutrinoless double beta decay’,"Aalseth, C E, et al. (2002), “Comment on ‘Evidence for neutrinoless double beta decay’,” Mod. Phys. Lett. A 17, 1475- 1478, arXiv:hep-ex/0202018."
A004,AGOSTINI,Aaltonen,2022,,,High-precision measurement of the W boson mass with the CDF II detector,"Aaltonen, T, et al. (CDF) (2022), “High-precision measurement of the W boson mass with the CDF II detector,” Science 376 (6589), 170-176."
A005,AGOSTINI,Abe,2012,,10.1016/j.nima.2011.09.051,Radon removal from gaseous xenon with activated charcoal,"Abe, K, et al. (2012a), “Radon removal from gaseous xenon with activated charcoal,” Nuclear Instruments and Methods in Physics Research Section A: Accelerators, Spectrometers, Detectors and Associated Equipment 661, 10.1016/j.nima.2011.09.051."
A006,AGOSTINI,Abe,2014,1311.4750,,Observation of Electron Neutrino Appearance in a Muon Neutrino Beam,"Abe, K, et al. (T2K) (2014), “Observation of Electron Neutrino Appearance in a Muon Neutrino Beam,” Phys. Rev. Lett. 112, 061802, arXiv:1311.4750 [hep-ex]."
A007,AGOSTINI,Abe,2022,2203.02139,,First Search for the Majorana Nature of Neutrinos in the Inverted Mass Ordering Region with KamLAND-Zen,"Abe, S, et al. (KamLAND-Zen) (2022), “First Search for the Majorana Nature of Neutrinos in the Inverted Mass Ordering Region with KamLAND-Zen,” arXiv:2203.02139 [hep-ex]."
A008,AGOSTINI,Abe,2012,,,"Benchmarks of the full configuration interaction, Monte Carlo shell model, and no-core full configuration methods","Abe, T, P. Maris, T. Otsuka, N. Shimizu, Y. Utsuno, and J. P. Vary (2012b), “Benchmarks of the full configuration interaction, Monte Carlo shell model, and no-core full configuration methods,” Phys. Rev. C 86, 054301."
A009,AGOSTINI,Aberle,2014,1307.5813,,Measuring Directionality in Double-Beta Decay and Neutrino Interactions with Kiloton-Scale Scintillation Detectors,"Aberle, C, A. Elagin, H.J. Frisch, M. Wetstein, and L. Winslow (2014), “Measuring Directionality in Double-Beta Decay and Neutrino Interactions with Kiloton-Scale Scintillation Detectors,” JINST 9, P06012, arXiv:1307.5813 [physics.ins-det]."
A010,AGOSTINI,Aberle,2013,1307.4742,,Optical Properties of Quantum-Dot-Doped Liquid Scintillators,"Aberle, C, J. J. Li, S. Weiss, and L. Winslow (2013), “Optical Properties of Quantum-Dot-Doped Liquid Scintillators,” JINST 8, P10015, arXiv:1307.4742 [physics.ins-det]."
A011,AGOSTINI,Abgrall,2014,1308.1633,,The Majorana Demonstrator Neutrinoless Double-Beta Decay Experiment,"Abgrall, N, et al. (Majorana) (2014), “The Majorana Demonstrator Neutrinoless Double-Beta Decay Experiment,” Adv. High Energy Phys. 2014, 365432, arXiv:1308.1633 [physics.ins-det]."
A012,AGOSTINI,Abgrall,2015,1502.01748,,The Majorana Parts Tracking Database,"Abgrall, N, et al. (Majorana) (2015), “The Majorana Parts Tracking Database,” Nucl. Instrum. Meth. A 779, 52-62, arXiv:1502.01748 [physics.ins-det]."
A013,AGOSTINI,Abgrall,2017,1612.00886,,"New limits on Bosonic Dark Matter, Solar Axions, Pauli Exclusion Principle Violation, and Electron Decay from the Majorana Demonstrator","Abgrall, N, et al. (Majorana) (2017), “New limits on Bosonic Dark Matter, Solar Axions, Pauli Exclusion Principle Violation, and Electron Decay from the Majorana Demonstrator,” Phys. Rev. Lett. 118 (16), 161801, arXiv:1612.00886 [nucl-ex]."
A014,AGOSTINI,Abgrall,2021,2107.11462,,The Large Enriched Germanium Experiment for Neutrinoless ββ Decay: LEGEND-1000 Preconceptual Design Report,"Abgrall, N, et al. (LEGEND) (2021), “The Large Enriched Germanium Experiment for Neutrinoless ββ Decay: LEGEND-1000 Preconceptual Design Report,” arXiv:2107.11462 [physics.ins-det]."
A015,AGOSTINI,Abi,2021,2104.03281,,Measurement of the Positive Muon Anomalous Magnetic Moment to 0.46 ppm,"Abi, B, et al. (Muon g-2) (2021), “Measurement of the Positive Muon Anomalous Magnetic Moment to 0.46 ppm,” Phys. Rev. Lett. 126 (14), 141801, arXiv:2104.03281 [hep-ex]."
A016,AGOSTINI,Abusleme,2021,2104.02565,,JUNO Physics and Detector,"Abusleme, A, et al. (JUNO) (2021), “JUNO Physics and Detector,” arXiv:2104.02565 [hep-ex]."
A017,AGOSTINI,Ackermann,2013,1212.4067,,The GERDA experiment for the search of 0νββ decay in 76 Ge,"Ackermann, K H, et al. (GERDA) (2013), “The GERDA experiment for the search of 0νββ decay in 76 Ge,” Eur. Phys. J. C73 (3), 2330, arXiv:1212.4067 [physics.ins-det]."
A018,AGOSTINI,Adams,2021,2005.06467,,Sensitivity of a tonnescale NEXT detector for neutrinoless double beta decay searches,"Adams, C, et al. (NEXT) (2021a), “Sensitivity of a tonnescale NEXT detector for neutrinoless double beta decay searches,” JHEP 2021 (08), 164, arXiv:2005.06467 [physics.ins-det]."
A019,AGOSTINI,Adams,2021,2012.11749,,Measurement of the 2νββ Decay Half-Life of 130 Te with CUORE,"Adams, D Q, et al. (CUORE) (2021b), “Measurement of the 2νββ Decay Half-Life of 130 Te with CUORE,” Phys. Rev. Lett. 126 (17), 171801, arXiv:2012.11749 [nucl-ex]."
A020,AGOSTINI,Adams,2022,2104.06906,,Search for Majorana neutrinos exploiting millikelvin cryogenics with CUORE,"Adams, D Q, et al. (CUORE) (2022), “Search for Majorana neutrinos exploiting millikelvin cryogenics with CUORE,” Nature 604 (7904), 53-58, arXiv:2104.06906 [nucl-ex]."
A021,AGOSTINI,Adhikari,2022,2106.16243,,nEXO: neutrinoless double beta decay search beyond 1028 year half-life sensitivity,"Adhikari, G, et al. (nEXO) (2022), “nEXO: neutrinoless double beta decay search beyond 1028 year half-life sensitivity,” J. Phys. G 49 (1), 015104, arXiv:2106.16243 [nucl-ex]."
A022,AGOSTINI,Adler,1969,,,Axial vector vertex in spinor electrodynamics,"Adler, S L (1969), “Axial vector vertex in spinor electrodynamics,” Phys.Rev. 177, 2426-2438."
A023,AGOSTINI,Agafonova,2018,1804.04912,,Final results of the opera experiment on ν τ appearance in the cngs neutrino beam,"Agafonova, N, et al. (OPERA) (2018), “Final results of the opera experiment on ν τ appearance in the cngs neutrino beam,” Phys.Rev.Lett. 120 (21), 211801, [Erratum: Phys.Rev.Lett. 121, 139901 (2018)], arXiv:1804.04912 [hep-ex]."
A024,AGOSTINI,Aghanim,2018,1807.06209,,Planck 2018 results. VI. Cosmological parameters,"Aghanim, N, et al. (Planck) (2018), “Planck 2018 results. VI. Cosmological parameters,” arXiv:1807.06209 [astro-ph.CO]."
A025,AGOSTINI,Aghanim,2020,1807.06209,,Planck 2018 results. VI. Cosmological parameters,"Aghanim, N, et al. (Planck) (2020), “Planck 2018 results. VI. Cosmological parameters,” Astron. Astrophys. 641, A6, arXiv:1807.06209 [astro-ph.CO]."
A026,AGOSTINI,Agostini,2020,2003.13407,,Sensitivity of the DARWIN observatory to the neutrinoless double beta decay of 136 Xe,"Agostini, F, et al. (DARWIN) (2020a), “Sensitivity of the DARWIN observatory to the neutrinoless double beta decay of 136 Xe,” Eur. Phys. J. C 80 (9), 808, arXiv:2003.13407 [physics.ins-det]."
A027,AGOSTINI,Agostini,2021,2012.13938,,Discovery probabilities of Majorana neutrinos based on cosmological data,"Agostini, M, G. Benato, S. Dell’Oro, S. Pirro, and F. Vissani (2021a), “Discovery probabilities of Majorana neutrinos based on cosmological data,” Phys. Rev. D 103 (3), 033008, arXiv:2012.13938 [hep-ph]."
A028,AGOSTINI,Agostini,2017,1705.02996,,Discovery probability of next-generation neutrinoless double- β decay experiments,"Agostini, M, G. Benato, and J. Detwiler (2017), “Discovery probability of next-generation neutrinoless double- β decay experiments,” Phys.Rev.D 96 (5), 053001, arXiv:1705.02996 [hep-ex]."
A029,AGOSTINI,Agostini,2021,2107.09104,,Testing the inverted neutrino mass ordering with neutrinoless double-β decay,"Agostini, M, G. Benato, J. A. Detwiler, J. Menéndez, and F. Vissani (2021b), “Testing the inverted neutrino mass ordering with neutrinoless double-β decay,” Phys. Rev. C 104 (4), L042501, arXiv:2107.09104 [hep-ph]."
A030,AGOSTINI,Agostini,2021,2012.09281,,Search for Light Exotic Fermions in Double-Beta Decays,"Agostini, M, E. Bossio, A. Ibarra, and X. Marcano (2021c), “Search for Light Exotic Fermions in Double-Beta Decays,” Phys. Lett. B 815, 136127, arXiv:2012.09281 [hep-ph]."
A031,AGOSTINI,Agostini,2016,1506.06133,,Probing flavor models with76 Ge-based experiments on neutrinoless double-β decay,"Agostini, M, A. Merle, and K. Zuber (2016), “Probing flavor models with76 Ge-based experiments on neutrinoless double-β decay,” Eur. Phys. J. C 76 (4), 176, arXiv:1506.06133 [hep-ex]."
A032,AGOSTINI,Agostini,2013,1307.4720,,Results on Neutrinoless Double-β Decay of 76 Ge from Phase I of the GERDA Experiment,"Agostini, M, et al. (GERDA) (2013), “Results on Neutrinoless Double-β Decay of 76 Ge from Phase I of the GERDA Experiment,” Phys. Rev. Lett. 111 (12), 122503, arXiv:1307.4720 [nucl-ex]."
A033,AGOSTINI,Agostini,2015,1501.02345,,Results on ββ decay with emission of two neutrinos or Majorons in76 Ge from GERDA Phase I,"Agostini, M, et al. (GERDA) (2015), “Results on ββ decay with emission of two neutrinos or Majorons in76 Ge from GERDA Phase I,” Eur. Phys. J. C75 (9), 416, arXiv:1501.02345 [nucl-ex]."
A034,AGOSTINI,Agostini,2018,,,Comprehensive measurement of pp-chain solar neutrinos,"Agostini, M, et al. (BOREXINO) (2018a), “Comprehensive measurement of pp-chain solar neutrinos,” Nature 562 (7728), 505-510."
A035,AGOSTINI,Agostini,2018,1711.01452,,Upgrade for Phase II of the Gerda experiment,"Agostini, M, et al. (GERDA) (2018b), “Upgrade for Phase II of the Gerda experiment,” Eur. Phys. J. C78 (5), 388, arXiv:1711.01452 [physics.ins-det]."
A036,AGOSTINI,Agostini,2020,2009.06079,,Final Results of GERDA on the Search for Neutrinoless Double-β Decay,"Agostini, M, et al. (GERDA) (2020b), “Final Results of GERDA on the Search for Neutrinoless Double-β Decay,” Phys. Rev. Lett. 125 (25), 252502, arXiv:2009.06079 [nucl-ex]."
A037,AGOSTINI,Agostini,2020,1909.02522,,Modeling of GERDA Phase II data,"Agostini, M, et al. (GERDA) (2020c), “Modeling of GERDA Phase II data,” JHEP 03, 139, arXiv:1909.02522 [nucl-ex]."
A038,AGOSTINI,Agostini,2020,2005.14184,,The first search for bosonic super-WIMPs with masses up to 1 MeV/c2 with GERDA,"Agostini, M, et al. (GERDA) (2020d), “The first search for bosonic super-WIMPs with masses up to 1 MeV/c2 with GERDA,” Phys. Rev. Lett. 125 (1), 011801, arXiv:2005.14184 [hep-ex]."
A039,AGOSTINI,Agostini,2022,2112.11816,,First Directional Measurement of Sub-MeV Solar Neutrinos with Borexino,"Agostini, M, et al. (BOREXINO) (2022), “First Directional Measurement of Sub-MeV Solar Neutrinos with Borexino,” Phys. Rev. Lett. 128 (9), 091803, arXiv:2112.11816 [hep-ex]."
A040,AGOSTINI,Agrawal,2021,2102.12143,,Feebly-interacting particles: FIPs 2020 workshop report,"Agrawal, Prateek, et al. (2021), “Feebly-interacting particles: FIPs 2020 workshop report,” Eur. Phys. J. C 81 (11), 1015, arXiv:2102.12143 [hep-ph]."
A041,AGOSTINI,Ahmad,2001,nucl-ex/0106015,,Measurement of the rate of νe + d → p + p + e− interactions produced by 8 B solar neutrinos at the Sudbury Neutrino Observatory,"Ahmad, Q R, et al. (SNO) (2001), “Measurement of the rate of νe + d → p + p + e− interactions produced by 8 B solar neutrinos at the Sudbury Neutrino Observatory,” Phys. Rev. Lett. 87, 071301, arXiv:nucl-ex/0106015."
A042,AGOSTINI,Ahmed,2020,,,Interference Effects for 0νββ Decay in the Left-Right Symmetric Model,"Ahmed, F, and M. Horoi (2020), “Interference Effects for 0νββ Decay in the Left-Right Symmetric Model,” Phys. Rev. C 101, 035504."
A043,AGOSTINI,Ahmed,2017,,,Interference between light and heavy neutrinos for 0νββ decay in the left-right symmetric model,"Ahmed, F, A. Neacsu, and M. Horoi (2017), “Interference between light and heavy neutrinos for 0νββ decay in the left-right symmetric model,” Phys. Lett. B 769, 299-304."
A044,AGOSTINI,Ajimura,2021,2008.09288,,Low background measurement in CANDLES-III for studying the neutrino-less double beta decay of 48 Ca,"Ajimura, S, et al. (CANDLES) (2021), “Low background measurement in CANDLES-III for studying the neutrino-less double beta decay of 48 Ca,” Phys. Rev. D 103 (9), 092008, arXiv:2008.09288 [hep-ex]."
A045,AGOSTINI,Aker,2019,1909.06048,,An improved upper limit on the neutrino mass from a direct kinematic method by katrin,"Aker, M, et al. (KATRIN) (2019), “An improved upper limit on the neutrino mass from a direct kinematic method by katrin,” Phys.Rev.Lett. 123 (22), 221802, arXiv:1909.06048 [hep-ex]."
A046,AGOSTINI,Aker,2022,2105.08533,,Direct neutrino-mass measurement with sub-electronvolt sensitivity,"Aker, M, et al. (KATRIN) (2022), “Direct neutrino-mass measurement with sub-electronvolt sensitivity,” Nature Phys. 18 (2), 160-166, arXiv:2105.08533 [hep-ex]."
A047,AGOSTINI,Akerib,2015,1509.02910,,LUX-ZEPLIN (LZ) Conceptual Design Report,"Akerib, D S, et al. (LZ) (2015), “LUX-ZEPLIN (LZ) Conceptual Design Report,” arXiv:1509.02910 [physics.ins-det]."
A048,AGOSTINI,Akerib,2020,1912.04248,,Projected sensitivity of the LUX-ZEPLIN experiment to the 0νββ decay of 136 Xe,"Akerib, D S, et al. (LZ) (2020), “Projected sensitivity of the LUX-ZEPLIN experiment to the 0νββ decay of 136 Xe,” Phys. Rev. C 102 (1), 014602, arXiv:1912.04248 [nucl-ex]."
A049,AGOSTINI,Akhmedov,2013,1302.1872,,Improving Electro-Weak Fits with TeV-scale Sterile Neutrinos,"Akhmedov, E, A. Kartavtsev, M. Lindner, L. Michaels, and J. Smirnov (2013), “Improving Electro-Weak Fits with TeV-scale Sterile Neutrinos,” JHEP 05, 081, arXiv:1302.1872 [hep-ph]."
A050,AGOSTINI,Akhmedov,1998,hep-ph/9803255,,Baryogenesis via neutrino oscillations,"Akhmedov, Evgeny K, V. A. Rubakov, and A. Yu. Smirnov (1998), “Baryogenesis via neutrino oscillations,” Phys. Rev. Lett. 81, 1359-1362, arXiv:hep-ph/9803255."
A051,AGOSTINI,Al Kharusi,2018,1805.11142,,nEXO Pre-Conceptual Design Report,"Al Kharusi, S, et al. (nEXO) (2018), “nEXO Pre-Conceptual Design Report,” arXiv:1805.11142 [physics.ins-det]."
A052,AGOSTINI,Al Kharusi,2020,,,Measurement of the Spectral Shape of the β-Decay of 137 Xe to the Ground State of 137 Cs in EXO-200 and Comparison with Theory,"Al Kharusi, S, et al. (EXO-200) (2020), “Measurement of the Spectral Shape of the β-Decay of 137 Xe to the Ground State of 137 Cs in EXO-200 and Comparison with Theory,” Phys. Rev. Lett. 124, 232502, 2002.00108."
A053,AGOSTINI,Alanssari,2016,,,"Single and Double Beta-Decay Q Values among the Triplet Zr96 , Nb96 , and Mo96","Alanssari, M, et al. (2016a), “Single and Double Beta-Decay Q Values among the Triplet Zr96 , Nb96 , and Mo96,” Phys. Rev. Lett. 116 (7), 072501."
A054,AGOSTINI,Alanssari,2016,,,"Single and Double Beta-Decay Q Values among the Triplet Zr96 , Nb96 , and Mo96","Alanssari, M, et al. (2016b), “Single and Double Beta-Decay Q Values among the Triplet Zr96 , Nb96 , and Mo96,” Phys. Rev. Lett. 116 (7), 072501."
A055,AGOSTINI,Albanese,2021,2104.11687,,The SNO+ Experiment,"Albanese, V, et al. (SNO+) (2021), “The SNO+ Experiment,” arXiv:2104.11687 [physics.ins-det]."
A056,AGOSTINI,Albert,2014,1306.6106,,Improved measurement of the 2νββ half-life of 136 Xe with the EXO-200 detector,"Albert, J B, et al. (EXO-200) (2014), “Improved measurement of the 2νββ half-life of 136 Xe with the EXO-200 detector,” Phys. Rev. C89 (1), 015502, arXiv:1306.6106 [nucl-ex]."
A057,AGOSTINI,Albert,2018,1710.07670,,Search for nucleon decays with EXO-200,"Albert, J B, et al. (EXO-200) (2018), “Search for nucleon decays with EXO-200,” Phys. Rev. D 97 (7), 072007, arXiv:1710.07670 [hep-ex]."
A058,AGOSTINI,Alduino,2017,1705.10816,,CUORE sensitivity to 0νββ decay,"Alduino, C, et al. (CUORE) (2017a), “CUORE sensitivity to 0νββ decay,” Eur. Phys. J. C 77 (8), 532, arXiv:1705.10816 [physics.ins-det]."
A059,AGOSTINI,Alduino,2017,1609.01666,,Measurement of the two-neutrino double-beta decay half-life of130 Te with the CUORE-0 experiment,"Alduino, C, et al. (CUORE) (2017b), “Measurement of the two-neutrino double-beta decay half-life of130 Te with the CUORE-0 experiment,” Eur. Phys. J. C77 (1), 13, arXiv:1609.01666 [nucl-ex]."
A060,AGOSTINI,Alduino,2017,1704.08970,,The projected background for the CUORE experiment,"Alduino, C, et al. (CUORE) (2017c), “The projected background for the CUORE experiment,” Eur. Phys. J. C 77 (8), 543, arXiv:1704.08970 [physics.ins-det]."
A061,AGOSTINI,Alduino,2018,1710.07988,,First Results from CUORE: A Search for Lepton Number Violation via 0νββ Decay of 130 Te,"Alduino, C, et al. (CUORE) (2018), “First Results from CUORE: A Search for Lepton Number Violation via 0νββ Decay of 130 Te,” Phys. Rev. Lett. 120 (13), 132501, arXiv:1710.07988 [nucl-ex]."
A062,AGOSTINI,Alduino,2019,1904.05745,,The CUORE cryostat: An infrastructure for rare event searches at millikelvin temperatures,"Alduino, C, et al. (2019), “The CUORE cryostat: An infrastructure for rare event searches at millikelvin temperatures,” Cryogenics 102, 9-21, arXiv:1904.05745 [physics.ins-det]."
A063,AGOSTINI,Alekhin,2016,1504.04855,,A facility to Search for Hidden Particles at the CERN SPS: the SHiP physics case,"Alekhin, Sergey, et al. (2016), “A facility to Search for Hidden Particles at the CERN SPS: the SHiP physics case,” Rept. Prog. Phys. 79 (12), 124201, arXiv:1504.04855 [hep-ph]."
A064,AGOSTINI,Algeri,2019,1911.10237,,Searching for new physics with profile likelihoods: Wilks and beyond,"Algeri, S, J. Aalbers, K. Dundas Morå, and J. Conrad (2019), “Searching for new physics with profile likelihoods: Wilks and beyond,” arXiv:1911.10237 [physics.data-an]."
A065,AGOSTINI,Ali,2007,,,Probing new physics in the neutrinoless double beta decay using electron angular correlation,"Ali, A, A. V. Borisov, and D. V. Zhuridov (2007), “Probing new physics in the neutrinoless double beta decay using electron angular correlation,” Phys. Rev. D 76, 093009."
A066,AGOSTINI,Allen,1942,,,Experimental evidence for the existence of a neutrino,"Allen, J S (1942), “Experimental evidence for the existence of a neutrino,” Phys. Rev. 61, 692-697."
A067,AGOSTINI,Altarelli,2013,1305.1001,,A non supersymmetric SO(10) grand unified model for all the physics below MGU T ,"Altarelli, G, and D. Meloni (2013), “A non supersymmetric SO(10) grand unified model for all the physics below MGU T ,” JHEP 08, 021, arXiv:1305.1001 [hep-ph]."
A068,AGOSTINI,Alvarez,2012,1202.0721,,NEXT-100 Technical Design Report (TDR): Executive Summary,"Alvarez, V, et al. (NEXT) (2012), “NEXT-100 Technical Design Report (TDR): Executive Summary,” JINST 7, T06001, arXiv:1202.0721 [physics.ins-det]."
A069,AGOSTINI,Alvis,2018,1801.10145,,First Limit on the Direct Detection of Lightly Ionizing Particles for Electric Charge as Low as e/1000 with the Majorana Demonstrator,"Alvis, S I, et al. (Majorana) (2018), “First Limit on the Direct Detection of Lightly Ionizing Particles for Electric Charge as Low as e/1000 with the Majorana Demonstrator,” Phys. Rev. Lett. 120 (21), 211804, arXiv:1801.10145 [hep-ex]."
A070,AGOSTINI,Alvis,2019,1902.02299,,A Search for Neutrinoless Double-Beta Decay in 76 Ge with 26 kg-yr of Exposure from the MAJORANA DEMONSTRATOR,"Alvis, S I, et al. (Majorana) (2019a), “A Search for Neutrinoless Double-Beta Decay in 76 Ge with 26 kg-yr of Exposure from the MAJORANA DEMONSTRATOR,” Phys. Rev. C 100 (2), 025501, arXiv:1902.02299 [nucl-ex]."
A071,AGOSTINI,Alvis,2019,1812.01090,,Search for trinucleon decay in the Majorana Demonstrator,"Alvis, S I, et al. (Majorana) (2019b), “Search for trinucleon decay in the Majorana Demonstrator,” Phys. Rev. D 99 (7), 072004, arXiv:1812.01090 [hep-ex]."
A072,AGOSTINI,Ambrosio,1995,,,Vertical muon intensity measured with MACRO at the Gran Sasso Laboratory,"Ambrosio, M, et al. (MACRO) (1995), “Vertical muon intensity measured with MACRO at the Gran Sasso Laboratory,” Phys. Rev. D 52, 3793-3802."
A073,AGOSTINI,Anderson,2010,,,Operator Evolution via the Similarity Renormalization Group I: The Deuteron,"Anderson, E R, S. K. Bogner, R. J. Furnstahl, and R. J. Perry (2010), “Operator Evolution via the Similarity Renormalization Group I: The Deuteron,” Phys. Rev. C 82, 054001."
A074,AGOSTINI,Andringa,2016,1508.05759,,Current Status and Future Prospects of the SNO+ Experiment,"Andringa, S, et al. (SNO+) (2016), “Current Status and Future Prospects of the SNO+ Experiment,” Adv. High Energy Phys. 2016, 6194250, arXiv:1508.05759 [physics.insdet]."
A075,AGOSTINI,Anton,2019,1906.02723,,Search for Neutrinoless Double-β Decay with the Complete EXO-200 Dataset,"Anton, G, et al. (EXO-200) (2019), “Search for Neutrinoless Double-β Decay with the Complete EXO-200 Dataset,” Phys. Rev. Lett. 123 (16), 161802, arXiv:1906.02723 [hep-ex]."
A076,AGOSTINI,Anton,2020,1908.04128,,Measurement of the scintillation and ionization response of liquid xenon at MeV energies in the EXO-200 experiment,"Anton, G, et al. (EXO-200) (2020), “Measurement of the scintillation and ionization response of liquid xenon at MeV energies in the EXO-200 experiment,” Phys. Rev. C 101 (6), 065501, arXiv:1908.04128 [physics.ins-det]."
A077,AGOSTINI,Aprahamian,2015,,,Reaching for the horizon: The 2015 long range plan for nuclear science,"Aprahamian, Ani, et al. (2015), “Reaching for the horizon: The 2015 long range plan for nuclear science,” ."
A078,AGOSTINI,Aprile,2017,1702.06942,,Online222 Rn removal by cryogenic distillation in the XENON100 experiment,"Aprile, E, et al. (XENON100) (2017), “Online222 Rn removal by cryogenic distillation in the XENON100 experiment,” Eur. Phys. J. C 77 (6), 358, arXiv:1702.06942 [physics.insdet]."
A079,AGOSTINI,Aprile,2019,,,Observation of two-neutrino double electron capture in 124 Xe with XENON1T,"Aprile, E, et al. (XENON) (2019), “Observation of two-neutrino double electron capture in 124 Xe with XENON1T,” Nature 568, 532-535."
A080,AGOSTINI,Archidiacono,2017,1610.09852,,Physical effects involved in the measurements of neutrino masses with future cosmological data,"Archidiacono, M, T. Brinckmann, J. Lesgourgues, and V. Poulin (2017), “Physical effects involved in the measurements of neutrino masses with future cosmological data,” JCAP 02, 052, arXiv:1610.09852 [astro-ph.CO]."
A081,AGOSTINI,Argyriades,2010,0906.2694,,Measurement of the two neutrino double beta decay half-life of Zr-96 with the NEMO-3 detector,"Argyriades, J, et al. (NEMO-3) (2010), “Measurement of the two neutrino double beta decay half-life of Zr-96 with the NEMO-3 detector,” Nucl. Phys. A 847, 168-179, arXiv:0906.2694 [nucl-ex]."
A082,AGOSTINI,Arima,1976,,,Interacting boson model of collective states. 1. The Vibrational limit,"Arima, A, and F. Iachello (1976), “Interacting boson model of collective states. 1. The Vibrational limit,” Annals Phys. 99, 253-317."
A083,AGOSTINI,Arima,1978,,,Interacting boson model of collective nuclear states. II. The rotational limit,"Arima, A, and F. Iachello (1978), “Interacting boson model of collective nuclear states. II. The rotational limit,” Annals Phys. 111, 201-238."
A084,AGOSTINI,Arima,1987,,,Nuclear Magnetic Properties and Gamow-teller Transitions,"Arima, A, K. Shimizu, W. Bentz, and H. Hyuga (1987), “Nuclear Magnetic Properties and Gamow-teller Transitions,” Adv. Nucl. Phys. 18, 1-106."
A085,AGOSTINI,Arling,2021,,,Commissioning of the COBRA extended demonstrator at the LNGS,"Arling, J H, et al. (2021), “Commissioning of the COBRA extended demonstrator at the LNGS,” Nucl. Instrum. Meth. A 1010, 165524."
A086,AGOSTINI,Armatol,2020,2011.11726,,A novel technique for the study of pile-up events in cryogenic bolometers,"Armatol, A, et al. (CUPID) (2020), “A novel technique for the study of pile-up events in cryogenic bolometers,” arXiv:2011.11726 [physics.ins-det]."
A087,AGOSTINI,Armengaud,2020,1912.07272,,Precise measurement of 2νββ decay of 100 Mo with the CUPID-Mo detection technology,"Armengaud, E, et al. (2020a), “Precise measurement of 2νββ decay of 100 Mo with the CUPID-Mo detection technology,” Eur. Phys. J. C 80 (7), 674, arXiv:1912.07272 [nucl-ex]."
A088,AGOSTINI,Armengaud,2020,1909.02994,,The CUPID-Mo experiment for neutrinoless double-beta decay: performance and prospects,"Armengaud, E, et al. (2020b), “The CUPID-Mo experiment for neutrinoless double-beta decay: performance and prospects,” Eur. Phys. J. C 80 (1), 44, arXiv:1909.02994 [physics.ins-det]."
A089,AGOSTINI,Armengaud,2021,2011.13243,,New Limit for Neutrinoless Double-Beta Decay of 100 Mo from the CUPID- Mo Experiment,"Armengaud, E, et al. (CUPID) (2021), “New Limit for Neutrinoless Double-Beta Decay of 100 Mo from the CUPID- Mo Experiment,” Phys. Rev. Lett. 126 (18), 181802, arXiv:2011.13243 [nucl-ex]."
A090,AGOSTINI,Armstrong,2019,1907.09376,,CUPID pre-CDR,"Armstrong, W R, et al. (CUPID) (2019), “CUPID pre-CDR,” arXiv:1907.09376 [physics.ins-det]."
A091,AGOSTINI,Arnold,1995,,,Observation of two neutrino double beta decay of Cd-116 with the tracking detector NEMO-2,"Arnold, R, et al. (NEMO) (1995), “Observation of two neutrino double beta decay of Cd-116 with the tracking detector NEMO-2,” JETP Lett. 61, 170-174."
A092,AGOSTINI,Arnold,1996,,,Double-beta decay of Cd- 116,"Arnold, R, et al. (NEMO) (1996), “Double-beta decay of Cd- 116,” Z. Phys. C 72, 239-247."
A093,AGOSTINI,Arnold,1998,,,Double beta decay of Se- 82,"Arnold, R, et al. (NEMO) (1998), “Double beta decay of Se- 82,” Nucl. Phys. A 636, 209-223."
A094,AGOSTINI,Arnold,1999,,,Double beta decay of Zr-96,"Arnold, R, et al. (1999), “Double beta decay of Zr-96,” Nucl. Phys. A 658, 299-312."
A095,AGOSTINI,Arnold,2010,,,Probing New Physics Models of Neutrinoless Double Beta Decay with SuperNEMO,"Arnold, R, et al. (SuperNEMO) (2010), “Probing New Physics Models of Neutrinoless Double Beta Decay with SuperNEMO,” Eur. Phys. J. C 70, 927."
A096,AGOSTINI,Arnold,2015,1506.05825,,Results of the search for neutrinoless double-β decay in 100 Mo with the NEMO-3 experiment,"Arnold, R, et al. (NEMO-3) (2015), “Results of the search for neutrinoless double-β decay in 100 Mo with the NEMO-3 experiment,” Phys. Rev. D 92 (7), 072011, arXiv:1506.05825 [hep-ex]."
A097,AGOSTINI,Arnold,2016,1606.08494,,Measurement of the 2νββ decay half-life of 150 Nd and a search for 0νββ decay processes with the full exposure from the NEMO-3 detector,"Arnold, R, et al. (NEMO-3) (2016a), “Measurement of the 2νββ decay half-life of 150 Nd and a search for 0νββ decay processes with the full exposure from the NEMO-3 detector,” Phys. Rev. D 94 (7), 072003, arXiv:1606.08494 [hep-ex]."
A098,AGOSTINI,Arnold,2016,1604.01710,,Measurement of the double-beta decay half-life and search for the neutrinoless double-beta decay of 48 Ca with the NEMO-3 detector,"Arnold, R, et al. (NEMO-3) (2016b), “Measurement of the double-beta decay half-life and search for the neutrinoless double-beta decay of 48 Ca with the NEMO-3 detector,” Phys. Rev. D93 (11), 112008, arXiv:1604.01710 [hep-ex]."
A099,AGOSTINI,Arnold,2019,,,Detailed studies of Mo two-neutrino double beta decay in NEMO-3,"Arnold, R, et al. (NEMO-3) (2019), “Detailed studies of Mo two-neutrino double beta decay in NEMO-3,” Eur. Phys. J. C 79, 440."
A100,AGOSTINI,Arnold,2020,2011.07657,,Search for Periodic Modulations of the Rate of Double-Beta Decay of 100 Mo in the NEMO-3 Detector,"Arnold, R, et al. (NEMO-3) (2020), “Search for Periodic Modulations of the Rate of Double-Beta Decay of 100 Mo in the NEMO-3 Detector,” arXiv:2011.07657 [nucl-ex]."
A101,AGOSTINI,Arnquist,2022,2207.07638,,Final Result of the MAJORANA DEMONSTRATOR’s Search for Neutrinoless Double-β Decay in 76 Ge,"Arnquist, I J, et al. (2022), “Final Result of the MAJORANA DEMONSTRATOR’s Search for Neutrinoless Double-β Decay in 76 Ge,” arXiv:2207.07638 [nucl-ex]."
A102,AGOSTINI,Artusa,2017,1610.03513,,Enriched TeO2 bolometers with active particle discrimination: towards the CUPID experiment,"Artusa, D R, et al. (2017), “Enriched TeO2 bolometers with active particle discrimination: towards the CUPID experiment,” Phys. Lett. B767, 321-329, arXiv:1610.03513 [physics.ins-det]."
A103,AGOSTINI,Asaka,2005,hep-ph/0503065,,"The nuMSM, dark matter and neutrino masses","Asaka, Takehiko, Steve Blanchet, and Mikhail Shaposhnikov (2005), “The nuMSM, dark matter and neutrino masses,” Phys. Lett. B 631, 151-156, arXiv:hep-ph/0503065."
A104,AGOSTINI,Askins,2020,1911.03501,,THEIA: an advanced optical neutrino detector,"Askins, M, et al. (Theia) (2020), “THEIA: an advanced optical neutrino detector,” Eur. Phys. J. C 80 (5), 416, arXiv:1911.03501 [physics.ins-det]."
A105,AGOSTINI,Atre,2009,0901.3589,,The search for heavy majorana neutrinos,"Atre, A, T. Han, S. Pascoli, and B. Zhang (2009), “The search for heavy majorana neutrinos,” JHEP 05, 030, arXiv:0901.3589 [hep-ph]."
A106,AGOSTINI,Auerbach,2018,,,Nuclear structure studies of double-charge-exchange Gamow-Teller strength,"Auerbach, N, and Bui Minh Loc (2018), “Nuclear structure studies of double-charge-exchange Gamow-Teller strength,” Phys. Rev. C 98, 064301."
A107,AGOSTINI,Auerbach,1989,,,,"Auerbach, N, L. Zamick, and D. C. Zheng (1989), Annals Phys. 192, 77."
A108,AGOSTINI,Auger,2012,1202.2192,,"The EXO-200 detector, part I: Detector design and construction","Auger, M, et al. (2012), “The EXO-200 detector, part I: Detector design and construction,” JINST 7, P05010, arXiv:1202.2192 [physics.ins-det]."
A109,AGOSTINI,Avignone,2019,1901.02805,,"The Search for Double Beta Decay With Germanium Detectors: Past, Present, and Future","Avignone, F T, and S. R. Elliott (2019), “The Search for Double Beta Decay With Germanium Detectors: Past, Present, and Future,” Front.in Phys. 7, 6, arXiv:1901.02805 [nucl-ex]."
A110,AGOSTINI,Avignone,1986,,,Search for the Double Beta Decay of 76 Ge,"Avignone, F T, H. S. Miley, R. L. Brodzinski, J. C. Evans, W. K. Hensley, and J. H. Reeves (1986), “Search for the Double Beta Decay of 76 Ge,” Phys. Rev. C 34, 666-677."
A111,AGOSTINI,Avignone,2008,0708.1033,,"Double Beta Decay, Majorana Neutrinos, and Neutrino Mass","Avignone, III, F T, S. R. Elliott, and J. Engel (2008), “Double Beta Decay, Majorana Neutrinos, and Neutrino Mass,” Rev. Mod. Phys. 80, 481-516, arXiv:0708.1033 [nucl-ex]."
A112,AGOSTINI,Avignone III,2008,,,"Double beta decay, Majorana neutrinos, and neutrino mass","Avignone III, F T, S. R. Elliott, and J. Engel (2008), “Double beta decay, Majorana neutrinos, and neutrino mass,” Rev. Mod. Phys. 80, 481."
A113,AGOSTINI,Awasthi,2013,1302.0672,,"Neutrino masses, dominant neutrinoless double beta decay, and observable lepton flavor violation in leftright models and SO(10) grand unification with low mass WR , ZR bosons","Awasthi, Ram Lal, M. K. Parida, and Sudhanwa Patra (2013), “Neutrino masses, dominant neutrinoless double beta decay, and observable lepton flavor violation in leftright models and SO(10) grand unification with low mass WR , ZR bosons,” JHEP 08, 122, arXiv:1302.0672 [hep-ph]."
A114,AGOSTINI,Ayangeakaa,2019,,,Evidence for Rigid Triaxial Deformation in 76 Ge from a Model-Independent Analysis,"Ayangeakaa, A D, et al. (2019), “Evidence for Rigid Triaxial Deformation in 76 Ge from a Model-Independent Analysis,” Phys. Rev. Lett. 123, 102501, 1909.03270."
A115,AGOSTINI,Azzolini,2019,1904.10397,,Background Model of the CUPID-0 Experiment,"Azzolini, O, et al. (CUPID) (2019a), “Background Model of the CUPID-0 Experiment,” Eur. Phys. J. C79 (7), 583, arXiv:1904.10397 [nucl-ex]."
A116,AGOSTINI,Azzolini,2019,1909.03397,,Evidence of Single State Dominance in the Two-Neutrino Double-β Decay of 82 Se with CUPID-0,"Azzolini, O, et al. (2019b), “Evidence of Single State Dominance in the Two-Neutrino Double-β Decay of 82 Se with CUPID-0,” Phys. Rev. Lett. 123 (26), 262501, arXiv:1909.03397 [nucl-ex]."
A117,AGOSTINI,Azzolini,2019,1906.05001,,Final result of CUPID- 0 phase-I in the search for the 82 Se Neutrinoless Double-β Decay,"Azzolini, O, et al. (CUPID) (2019c), “Final result of CUPID- 0 phase-I in the search for the 82 Se Neutrinoless Double-β Decay,” Phys. Rev. Lett. 123 (3), 032501, arXiv:1906.05001 [nucl-ex]."
A118,AGOSTINI,Babu,2001,hep-ph/0106054,,Classification of effective neutrino mass operators,"Babu, K S, and C. N. Leung (2001), “Classification of effective neutrino mass operators,” Nucl.Phys.B 619, 667-689, arXiv:hep-ph/0106054."
A119,AGOSTINI,Baertsch,1970,,,Gamma ray detectors made from high purity germanium,"Baertsch, R D, and R. N. Hall (1970), “Gamma ray detectors made from high purity germanium,” IEEE Transactions on Nuclear Science 17 (3), 235-240."
A120,AGOSTINI,Bahcall,2004,,,,"Bahcall, J, H. Murayama, and C. Peña-Garay (2004), Phys. Rev. D 70, 033012."
A121,AGOSTINI,Bahcall,1994,astro-ph/9401024,,The Be-7 solar neutrino line: A Reflection of the central temperature distribution of the sun,"Bahcall, J N (1994), “The Be-7 solar neutrino line: A Reflection of the central temperature distribution of the sun,” Phys. Rev. D 49, 3923-3945, arXiv:astro-ph/9401024."
A122,AGOSTINI,Bahcall,1996,nucl-th/9601044,,Standard neutrino spectrum from B-8 decay,"Bahcall, J N, E. Lisi, D. E. Alburger, L. De Braeckeleer, S. J. Freedman, and J. Napolitano (1996), “Standard neutrino spectrum from B-8 decay,” Phys. Rev. C 54, 411-422, arXiv:nucl-th/9601044."
A123,AGOSTINI,Bahcall,1988,,,"Solar Models, Neutrino Experiments and Helioseismology","Bahcall, J N, and R. K. Ulrich (1988), “Solar Models, Neutrino Experiments and Helioseismology,” Rev. Mod. Phys. 60, 297-372."
A124,AGOSTINI,Bajc,2006,hep-ph/0510139,,Yukawa sector in non-supersymmetric renormalizable SO(10),"Bajc, B, A. Melfo, G. Senjanovic, and F. Vissani (2006), “Yukawa sector in non-supersymmetric renormalizable SO(10),” Phys. Rev. D 73, 055001, arXiv:hep-ph/0510139."
A125,AGOSTINI,Bally,2014,,,Beyond Mean-Field Calculations for Odd-Mass Nuclei,"Bally, B, B. Avez, M. Bender, and P. H. Heenen (2014), “Beyond Mean-Field Calculations for Odd-Mass Nuclei,” Phys. Rev. Lett. 113, 162501."
A126,AGOSTINI,Bally,2021,2010.14169,,Symmetry-projected variational calculations with the numerical suite TAURUS: I. Variation after particlenumber projection,"Bally, B, A. Sánchez-Fernández, and T. R. Rodrı́guez (2021), “Symmetry-projected variational calculations with the numerical suite TAURUS: I. Variation after particlenumber projection,” Eur. Phys. J. A 57 (2), 69, [Erratum: Eur.Phys.J.A 57, 124 (2021)], arXiv:2010.14169 [nucl-th]."
A127,AGOSTINI,Balysh,1996,nucl-ex/9608001,,Double beta decay of 48 Ca,"Balysh, A, A. S. De Silva, V. I. Lebedev, K. Lou, M. K. Moe, M. A. Nelson, A. Piepke, A. Pronsky, M. A. Vient, and P. Vogel (1996), “Double beta decay of 48 Ca,” Phys. Rev. Lett. 77, 5186-5189, arXiv:nucl-ex/9608001."
A128,AGOSTINI,Bandac,2017,,,Ultra-low background and environmental measurements at Laboratorio Subterráneo de Canfranc (LSC),"Bandac, I, S. Borjabad, A. Ianni, R. Nuñez Lagos, C. Pérez, S. Rodrı́guez, and J. A. Villar (2017), “Ultra-low background and environmental measurements at Laboratorio Subterráneo de Canfranc (LSC),” Appl. Radiat. Isot. 126, 127-129."
A129,AGOSTINI,Bandac,2020,1906.10233,,The 0ν2β-decay CROSS experiment: preliminary results and prospects,"Bandac, I C, et al. (CROSS) (2020), “The 0ν2β-decay CROSS experiment: preliminary results and prospects,” JHEP 01, 018, [JHEP20,018(2020)], arXiv:1906.10233 [nucl-ex]."
A130,AGOSTINI,Barabash,2020,,,Precise Half-Life Values for Two- Neutrino Double-β Decay: 2020 Review,"Barabash, A (2020), “Precise Half-Life Values for Two- Neutrino Double-β Decay: 2020 Review,” Universe 6, 159, 2009.14451."
A131,AGOSTINI,Barabash,2011,1104.2714,,Double Beta Decay: Historical Review of 75 Years of Research,"Barabash, A S (2011), “Double Beta Decay: Historical Review of 75 Years of Research,” Phys. Atom. Nucl. 74, 603- 613, arXiv:1104.2714 [nucl-ex]."
A132,AGOSTINI,Barabash,1995,,,Two neutrino double beta decay of Mo-100 to the first excited 0+ state in Ru-100,"Barabash, A S, et al. (1995), “Two neutrino double beta decay of Mo-100 to the first excited 0+ state in Ru-100,” Phys. Lett. B 345, 408-413."
A133,AGOSTINI,Barabash,2014,1405.6937,,Enriched Zn100 MoO4 scintillating bolometers to search for 0ν2β decay of 100 Mo with the LUMINEU experiment,"Barabash, A S, et al. (2014), “Enriched Zn100 MoO4 scintillating bolometers to search for 0ν2β decay of 100 Mo with the LUMINEU experiment,” Eur. Phys. J. C74 (10), 3133, arXiv:1405.6937 [physics.ins-det]."
A134,AGOSTINI,Barabash,2011,1108.2771,,Low background detector with enriched 116 CdW O4 crystal scintillators to search for double β decay of 116 Cd,"Barabash, AS, et al. (2011), “Low background detector with enriched 116 CdW O4 crystal scintillators to search for double β decay of 116 Cd,” JINST 6, P08011, arXiv:1108.2771 [physics.ins-det]."
A135,AGOSTINI,Barabash,2018,1811.06398,,Final results of the Aurora experiment to study 2β decay of 116 Cd with enriched CdWO4 crystal scintillators,"Barabash, AS, et al. (2018), “Final results of the Aurora experiment to study 2β decay of 116 Cd with enriched CdWO4 crystal scintillators,” Phys. Rev. D 98 (9), 092007, arXiv:1811.06398 [nucl-ex]."
A136,AGOSTINI,Barbieri,1988,,,Upper Bounds on Supersymmetric Particle Masses,"Barbieri, R, and G.F. Giudice (1988), “Upper Bounds on Supersymmetric Particle Masses,” Nucl. Phys. B 306, 63- 76."
A137,AGOSTINI,Bardeen,1969,,,Anomalous ward identities in spinor field theories,"Bardeen, W A (1969), “Anomalous ward identities in spinor field theories,” Phys.Rev. 184, 1848-1857."
A138,AGOSTINI,Bardin,1967,,,Double beta decay in 48 Ca and the conservation of leptons,"Bardin, R K, P. J. Gollon, J. D. Ullman, and C. S. Wu (1967), “Double beta decay in 48 Ca and the conservation of leptons,” Phys. Lett. B 26, 112-116."
A139,AGOSTINI,Bardin,1970,,,A search for the double beta decay of 48 Ca and lepton conservation,"Bardin, R K, P. J. Gollon, J. D. Ullman, and C. S. Wu (1970), “A search for the double beta decay of 48 Ca and lepton conservation,” Nucl. Phys. A 158, 337-363."
A140,AGOSTINI,Barea,2009,,,Neutrinoless double-beta decay in the microscopic interacting boson model,"Barea, J, and F. Iachello (2009), “Neutrinoless double-beta decay in the microscopic interacting boson model,” Phys. Rev. C 79, 044301."
A141,AGOSTINI,Barea,2015,,,0νββ and 2νββ nuclear matrix elements in the interacting boson model with isospin restoration,"Barea, J, J. Kotila, and F. Iachello (2015a), “0νββ and 2νββ nuclear matrix elements in the interacting boson model with isospin restoration,” Phys. Rev. C 91, 034304."
A142,AGOSTINI,Barea,2015,,,Limits on sterile neutrino contributions to neutrinoless double beta decay,"Barea, J, J. Kotila, and F. Iachello (2015b), “Limits on sterile neutrino contributions to neutrinoless double beta decay,” Phys. Rev. D 92, 093001."
A143,AGOSTINI,Baroni,2016,,,Nuclear Axial Currents in Chiral Effective Field Theory,"Baroni, A, L. Girlanda, S. Pastore, R. Schiavilla, and M. Viviani (2016), “Nuclear Axial Currents in Chiral Effective Field Theory,” Phys. Rev. C 93 (1), 015501, [Erratum: Phys. Rev.C95,no.5,059901(2017)]."
A144,AGOSTINI,Barrett,2013,,,Ab initio no core shell model,"Barrett, B R, P. Navrátil, and J. P. Vary (2013), “Ab initio no core shell model,” Prog. Part. Nucl. Phys. 69, 131-181."
A145,AGOSTINI,de Barros,2011,1103.5757,,Solar neutrino-electron scattering as background limitation for double beta decay,"de Barros, N F, and K. Zuber (2011), “Solar neutrino-electron scattering as background limitation for double beta decay,” J. Phys. G 38, 105201, arXiv:1103.5757 [hep-ph]."
A146,AGOSTINI,Basak,2021,,,Shape coexistence scenario in Sm150 from a γ-γ fast-timing measurement,"Basak, S, S. S. Alam, D. Kumar, A. Saha, and T. Bhattacharjee (2021), “Shape coexistence scenario in Sm150 from a γ-γ fast-timing measurement,” Phys. Rev. C 104, 024320."
A147,AGOSTINI,Basili,2019,1909.06501,,Benchmark neutrinoless double-beta decay matrix elements in a light nucleus,"Basili, R A M, J. M. Yao, J. Engel, H. Hergert, M. Lockner, P. Maris, and J. P. Vary (2019), “Benchmark neutrinoless double-beta decay matrix elements in a light nucleus,” arXiv:1909.06501."
A148,AGOSTINI,Baudis,2015,1508.05731,,Production and characterization of 228 Th calibration sources with low neutron emission for GERDA,"Baudis, L, G. Benato, P. Carconi, C. M. Cattadori, P. De Felice, K. Eberhardt, R. Eichler, A. Petrucci, M. Tarka, and M. Walter (2015), “Production and characterization of 228 Th calibration sources with low neutron emission for GERDA,” JINST 10 (12), P12005, arXiv:1508.05731 [physics.ins-det]."
A149,AGOSTINI,Baudis,2011,1103.2125,,Gator: a low-background counting facility at the Gran Sasso Underground Laboratory,"Baudis, L, et al. (2011), “Gator: a low-background counting facility at the Gran Sasso Underground Laboratory,” JINST 6, P08010, arXiv:1103.2125 [astro-ph.IM]."
A150,AGOSTINI,Behrens,1971,,,Nuclear beta decay,"Behrens, H, and W. Bühring (1971), “Nuclear beta decay,” Nucl. Phys. A162, 111-144."
A151,AGOSTINI,Beller,2013,,,Constraint on 0νββ Matrix Elements from a Novel Decay Channel of the Scissors Mode: The Case of 154 Gd,"Beller, J, et al. (2013), “Constraint on 0νββ Matrix Elements from a Novel Decay Channel of the Scissors Mode: The Case of 154 Gd,” Phys. Rev. Lett. 111, 172501."
A152,AGOSTINI,Belley,2021,2008.06588,,"AbInitio Neutrinoless Double-Beta Decay Matrix Elements for 48 Ca , 76 Ge , and 82 Se","Belley, A, C. G. Payne, S. R. Stroberg, T. Miyagi, and J. D. Holt (2021), “AbInitio Neutrinoless Double-Beta Decay Matrix Elements for 48 Ca , 76 Ge , and 82 Se,” Phys. Rev. Lett. 126, 042502, arXiv:2008.06588."
A153,AGOSTINI,Belli,2020,,,Double Beta Decay to Excited States of Daughter Nuclei,"Belli, P, R. Bernabei, F. Cappella, V. Caracciolo, R. Cerulli, A. Incicchitti, and V. Merlo (2020), “Double Beta Decay to Excited States of Daughter Nuclei,” Universe 6 (12), 239."
A154,AGOSTINI,Bellone,2019,1912.03043,,Sequential Heavy Ion Double Charge Exchange Reactions and the Link to Double β-decay,"Bellone, J I, S. Burrello, M. Colonna, J.-A. Lay, and H. Lenske (2019), “Sequential Heavy Ion Double Charge Exchange Reactions and the Link to Double β-decay,” arXiv:1912.03043."
A155,AGOSTINI,Benato,2015,1510.01089,,Effective majorana mass and neutrinoless double beta decay,"Benato, G (2015), “Effective majorana mass and neutrinoless double beta decay,” Eur.Phys.J.C 75 (11), 563, arXiv:1510.01089 [hep-ph]."
A156,AGOSTINI,Benato,2018,1711.07936,,Radon mitigation during the installation of the CUORE 0νββ decay detector,"Benato, G, et al. (2018), “Radon mitigation during the installation of the CUORE 0νββ decay detector,” JINST 13 (01), P01010, arXiv:1711.07936 [physics.ins-det]."
A157,AGOSTINI,Bender,2003,,,Selfconsistent mean-field models for nuclear structure,"Bender, M, P.-H. Heenen, and P.-G. Reinhard (2003), “Selfconsistent mean-field models for nuclear structure,” Rev. Mod. Phys. 75, 121-180."
A158,AGOSTINI,Benhar,2014,1401.2030,,Short-range correlation effects on the nuclear matrix element of neutrinoless double-β decay,"Benhar, Omar, Riccardo Biondi, and Enrico Speranza (2014), “Short-range correlation effects on the nuclear matrix element of neutrinoless double-β decay,” Phys. Rev. C 90 (6), 065504, arXiv:1401.2030 [nucl-th]."
A159,AGOSTINI,Bergstrom,2016,1601.00972,,Updated determination of the solar neutrino fluxes from solar neutrino data,"Bergstrom, J, M. C. Gonzalez-Garcia, M. Maltoni, C. Pena- Garay, A. M. Serenelli, and N. Song (2016), “Updated determination of the solar neutrino fluxes from solar neutrino data,” JHEP 03, 132, arXiv:1601.00972 [hep-ph]."
A160,AGOSTINI,Bernard,1997,,,Aspects of chiral pion - nucleon physics,"Bernard, V, N. Kaiser, and U.-G. Meissner (1997), “Aspects of chiral pion - nucleon physics,” Nucl. Phys. A 615, 483- 500."
A161,AGOSTINI,Bertolini,2012,1202.0807,,Seesaw Scale in the Minimal Renormalizable SO(10) Grand Unification,"Bertolini, S, L. Di Luzio, and M. Malinsky (2012), “Seesaw Scale in the Minimal Renormalizable SO(10) Grand Unification,” Phys. Rev. D 85, 095014, arXiv:1202.0807 [hep-ph]."
A162,AGOSTINI,Bertsch,1982,,,Gamow-Teller strength at high excitations,"Bertsch, G F, and I. Hamamoto (1982), “Gamow-Teller strength at high excitations,” Phys. Rev. C 26, 1323-1326."
A163,AGOSTINI,Bezrukov,2005,hep-ph/0505247,,nu MSM-predictions for neutrinoless double beta decay,"Bezrukov, F L (2005), “nu MSM-predictions for neutrinoless double beta decay,” Phys. Rev. D 72, 071303, arXiv:hep-ph/0505247."
A164,AGOSTINI,Bhattiprolu,2021,2009.07249,,Criteria for projected discovery and exclusion sensitivities of counting experiments,"Bhattiprolu, P N, S. P. Martin, and J. D. Wells (2021), “Criteria for projected discovery and exclusion sensitivities of counting experiments,” Eur. Phys. J. C 81 (2), 123, arXiv:2009.07249 [physics.data-an]."
A165,AGOSTINI,Bhupal Dev,2013,1305.0056,,Constraining Neutrino Mass from Neutrinoless Double Beta Decay,"Bhupal Dev, P S, Srubabati Goswami, Manimala Mitra, and Werner Rodejohann (2013), “Constraining Neutrino Mass from Neutrinoless Double Beta Decay,” Phys. Rev. D 88, 091301, arXiv:1305.0056 [hep-ph]."
A166,AGOSTINI,Bilenky,2015,1411.4791,,Neutrinoless Double- Beta Decay: a Probe of Physics Beyond the Standard Model,"Bilenky, S M, and C. Giunti (2015), “Neutrinoless Double- Beta Decay: a Probe of Physics Beyond the Standard Model,” Int. J. Mod. Phys. A 30 (04n05), 1530001, arXiv:1411.4791 [hep-ph]."
A167,AGOSTINI,Bilenky,1980,,,On oscillations of neutrinos with dirac and majorana masses,"Bilenky, S M, J. Hosek, and S.T. Petcov (1980), “On oscillations of neutrinos with dirac and majorana masses,” Phys.Lett.B 94, 495-498."
A168,AGOSTINI,Blaum,2020,2007.14908,,Neutrinoless Double-Electron Capture,"Blaum, K, S. Eliseev, F. A. Danevich, V. I. Tretyak, S. Kovalenko, M. I. Krivoruchenko, Yu. N. Novikov, and J. Suhonen (2020), “Neutrinoless Double-Electron Capture,” Rev. Mod. Phys. 92, 045007, arXiv:2007.14908 [hep-ph]."
A169,AGOSTINI,Blennow,2010,,,Neutrinoless double beta decay in seesaw models,"Blennow, M, E. Fernandez-Martinez, J. Lopez-Pavon, and J. Menéndez (2010), “Neutrinoless double beta decay in seesaw models,” JHEP 07, 096."
A170,AGOSTINI,Bochkarev,1987,,,Electroweak Production of Baryon Asymmetry and Upper Bounds on the Higgs and Top Masses,"Bochkarev, AI, and M.E. Shaposhnikov (1987), “Electroweak Production of Baryon Asymmetry and Upper Bounds on the Higgs and Top Masses,” Mod. Phys. Lett. A 2, 417."
A171,AGOSTINI,Bodenstein-Dresler,2020,,,Quenching of gA deduced from the β-spectrum shape of 113 Cd measured with the COBRA experiment,"Bodenstein-Dresler, L, et al. (COBRA) (2020), “Quenching of gA deduced from the β-spectrum shape of 113 Cd measured with the COBRA experiment,” Phys. Lett. B 800, 135092."
A172,AGOSTINI,Boger,2000,nucl-ex/9910016,,The Sudbury neutrino observatory,"Boger, J, et al. (SNO) (2000), “The Sudbury neutrino observatory,” Nucl. Instrum. Meth. A 449, 172-207, arXiv:nucl-ex/9910016."
A173,AGOSTINI,Bogner,2014,,,Nonperturbative shell-model interactions from the in-medium similarity renormalization group,"Bogner, S K, H. Hergert, J. D. Holt, A. Schwenk, S. Binder, A. Calci, J. Langhammer, and R. Roth (2014), “Nonperturbative shell-model interactions from the in-medium similarity renormalization group,” Phys. Rev. Lett. 113, 142501."
A174,AGOSTINI,Bogner,2012,,,High-momentum tails from low-momentum effective theories,"Bogner, S K, and D. Roscher (2012), “High-momentum tails from low-momentum effective theories,” Phys. Rev. C 86, 064304."
A175,AGOSTINI,Bohr,1953,,,,"Bohr, A, and B. R. Mottelson (1953), K. Dan. Vidensk. Selsk. Mat. Fys. Medd 27, 16."
A176,AGOSTINI,Bohr,1913,,,On the Constitution of Atoms and Molecules,"Bohr, N (1913), “On the Constitution of Atoms and Molecules,” Phil. Mag. Ser. 6 26, 1-24."
A177,AGOSTINI,Bolotnikov,1997,,,The spectroscopic properties of high-pressure xenon,"Bolotnikov, A, and B. Ramsey (1997), “The spectroscopic properties of high-pressure xenon,” Nuclear Instruments and Methods in Physics Research Section A: Accelerators, Spectrometers, Detectors and Associated Equipment 396 (3), 360-370."
A178,AGOSTINI,Bolotnikov,1997,,,The spectroscopic properties of high-pressure xenon,"Bolotnikov, A, and B. Ramsey (1997), “The spectroscopic properties of high-pressure xenon,” Nuclear Instruments and Methods in Physics Research A 396 (3), 360-370."
A179,AGOSTINI,Bolton,2021,2011.13387,,Two-Neutrino Double Beta Decay with Sterile Neutrinos,"Bolton, P D, F. F. Deppisch, Lukáš G., and F. Šimkovic (2021), “Two-Neutrino Double Beta Decay with Sterile Neutrinos,” Phys. Rev. D 103 (5), 055019, arXiv:2011.13387 [hep-ph]."
A180,AGOSTINI,Bolton,2020,1912.03058,,Neutrinoless double beta decay versus other probes of heavy sterile neutrinos,"Bolton, Patrick D, Frank F. Deppisch, and P. S. Bhupal Dev (2020), “Neutrinoless double beta decay versus other probes of heavy sterile neutrinos,” JHEP 03, 170, arXiv:1912.03058 [hep-ph]."
A181,AGOSTINI,Bolton,2022,2112.12658,,Neutrinoless double beta decay via light neutralinos in R-parity violating supersymmetry,"Bolton, Patrick D, Frank F. Deppisch, and P. S. Bhupal Dev (2022), “Neutrinoless double beta decay via light neutralinos in R-parity violating supersymmetry,” JHEP 03, 152, arXiv:2112.12658 [hep-ph]."
A182,AGOSTINI,Bonnet,2013,1212.3045,,Systematic decomposition of the neutrinoless double beta decay operator,"Bonnet, F, M. Hirsch, T. Ota, and W. Winter (2013), “Systematic decomposition of the neutrinoless double beta decay operator,” JHEP 03, 055, [Erratum: JHEP 04, 090 (2014)], arXiv:1212.3045 [hep-ph]."
A183,AGOSTINI,Bossio,2022,,,A review of exotic physics searches with double-beta decay,"Bossio, E, and M. Agostini (2022), “A review of exotic physics searches with double-beta decay,” To appear in September 2022."
A184,AGOSTINI,Bouet,2021,2007.02570,,R2D2 spherical TPC: first energy resolution results,"Bouet, R, et al. (2021), “R2D2 spherical TPC: first energy resolution results,” JINST 16 (03), P03012, arXiv:2007.02570 [physics.ins-det]."
A185,AGOSTINI,Brase,2021,2108.11805,,Neutrinoless doublebeta decay from an effective field theory for heavy nuclei,"Brase, Catharina, Javier Menéndez, Eduardo Antonio Coello Pérez, and Achim Schwenk (2021), “Neutrinoless doublebeta decay from an effective field theory for heavy nuclei,” arXiv:2108.11805 [nucl-th]."
A186,AGOSTINI,Brodzinski,1990,,,Further reduction of radioactive backgrounds in ultrasensitive germanium spectrometers,"Brodzinski, R L, H. S. Miley, J. H. Reeves, and F. T. Avignone (1990), “Further reduction of radioactive backgrounds in ultrasensitive germanium spectrometers,” Nucl. Instrum. Meth. A 292, 337-342."
A187,AGOSTINI,Brofferio,2018,1801.03580,,Contributed Review: The saga of neutrinoless double beta decay search with T eO2 thermal detectors,"Brofferio, C, and S. Dell’Oro (2018), “Contributed Review: The saga of neutrinoless double beta decay search with T eO2 thermal detectors,” Rev. Sci. Instrum. 89 (12), 121502, arXiv:1801.03580 [hep-ex]."
A188,AGOSTINI,Brofferio,2019,,,Neutrinoless Double Beta Decay Experiments With TeO2 Low-Temperature Detectors,"Brofferio, Chiara, Oliviero Cremonesi, and Stefano Dell’Oro (2019), “Neutrinoless Double Beta Decay Experiments With TeO2 Low-Temperature Detectors,” Front. in Phys. 7, 86."
A189,AGOSTINI,Brown,2001,,,The nuclear shell model towards the drip lines,"Brown, B A (2001), “The nuclear shell model towards the drip lines,” Prog. Part. Nucl. Phys. 47, 517-599."
A190,AGOSTINI,Brown,2014,,,Nuclear Structure Aspects of Neutrinoless Double-β Decay,"Brown, B A, M. Horoi, and R. A. Sen’kov (2014), “Nuclear Structure Aspects of Neutrinoless Double-β Decay,” Phys. Rev. Lett. 113, 262501."
A191,AGOSTINI,Brown,1987,,,Empirically optimum M1 operator for sd-shell nuclei,"Brown, B A, and B. H. Wildenthal (1987), “Empirically optimum M1 operator for sd-shell nuclei,” Nucl. Phys. A 474, 290-306."
A192,AGOSTINI,Brunner,2015,1412.1144,,An RF-only ion-funnel for extraction from high-pressure gases,"Brunner, T, et al. (2015), “An RF-only ion-funnel for extraction from high-pressure gases,” Int. J. Mass Spectrometry 379, 110-120, arXiv:1412.1144 [physics.ins-det]."
A193,AGOSTINI,Buccella,2012,1203.0829,,Squeezing out predictions with leptogenesis from SO(10),"Buccella, F, D. Falcone, C. S. Fong, E. Nardi, and G. Ricciardi (2012), “Squeezing out predictions with leptogenesis from SO(10),” Phys. Rev. D 86, 035012, arXiv:1203.0829 [hep-ph]."
A194,AGOSTINI,Buck,2019,1908.03334,,Novel Opaque Scintillator for Neutrino Detection,"Buck, C, B. Gramlich, and S. Schoppmann (2019), “Novel Opaque Scintillator for Neutrino Detection,” JINST 14 (11), P11007, arXiv:1908.03334 [physics.ins-det]."
A195,AGOSTINI,Butler,2001,,,Neutrino deuteron scattering in effective field theory at next-to-nextto-leading order,"Butler, M, J.-W. Chen, and X. Kong (2001), “Neutrino deuteron scattering in effective field theory at next-to-nextto-leading order,” Phys. Rev. C 63, 035501."
A196,AGOSTINI,Cabibbo,1963,,,Unitary Symmetry and Leptonic Decays,"Cabibbo, N (1963), “Unitary Symmetry and Leptonic Decays,” Meeting of the Italian School of Physics and Weak Interactions Bologna, Italy, April 26-28, 1984, Phys. Rev. Lett. 10, 531-533, [,648(1963)]."
A197,AGOSTINI,Cabrera,2019,1908.02859,,Neutrino Physics with an Opaque Detector,"Cabrera, A, et al. (2019), “Neutrino Physics with an Opaque Detector,” arXiv:1908.02859 [physics.ins-det]."
A198,AGOSTINI,Cacciapaglia,2022,2204.04514,,The W boson mass weighs in on the non-standard Higgs,"Cacciapaglia, Giacomo, and Francesco Sannino (2022), “The W boson mass weighs in on the non-standard Higgs,” Phys. Lett. B 832, 137232, arXiv:2204.04514 [hep-ph]."
A199,AGOSTINI,Caldwell,2006,physics/0608249,,Signal discovery in sparse spectra: A Bayesian analysis,"Caldwell, A, and K. Kroninger (2006), “Signal discovery in sparse spectra: A Bayesian analysis,” Phys. Rev. D 74, 092003, arXiv:physics/0608249."
A200,AGOSTINI,Caldwell,2017,1705.01945,,Global Bayesian analysis of neutrino mass data,"Caldwell, A, A. Merle, O. Schulz, and M. Totzauer (2017), “Global Bayesian analysis of neutrino mass data,” Phys. Rev. D 96 (7), 073001, arXiv:1705.01945 [hep-ph]."
A201,AGOSTINI,Calvez,2017,,,,"Calvez, S (2017), Development of reconstruction tools and sensitivity of the SuperNEMO demonstrator, Ph.D. thesis (Université Paris Saclay)."
A202,AGOSTINI,Capozzi,2021,2107.00532,,Unfinished fabric of the three neutrino paradigm,"Capozzi, F, E. Di Valentino, E. Lisi, A. Marrone, A. Melchiorri, and A. Palazzo (2021), “Unfinished fabric of the three neutrino paradigm,” Phys. Rev. D 104 (8), 083031, arXiv:2107.00532 [hep-ph]."
A203,AGOSTINI,Cappuzzello,2018,,,The NUMEN project: NUclear Matrix Elements for Neutrinoless double beta decay,"Cappuzzello, F, et al. (2018), “The NUMEN project: NUclear Matrix Elements for Neutrinoless double beta decay,” Eur. Phys. J. A 54, 72."
A204,AGOSTINI,Caravaca,2017,1610.02011,,Cherenkov and Scintillation Light Separation in Organic Liquid Scintillators,"Caravaca, J, F.B. Descamps, B.J. Land, M. Yeh, and G. D. Orebi Gann (2017), “Cherenkov and Scintillation Light Separation in Organic Liquid Scintillators,” Eur. Phys. J. C 77 (12), 811, arXiv:1610.02011 [physics.ins-det]."
A205,AGOSTINI,Caravaca,2020,2006.00173,,Characterization of water-based liquid scintillator for Cherenkov and scintillation separation,"Caravaca, J, B.J. Land, M. Yeh, and G.D. Orebi Gann (2020), “Characterization of water-based liquid scintillator for Cherenkov and scintillation separation,” Eur. Phys. J. C 80 (9), 867, arXiv:2006.00173 [physics.ins-det]."
A206,AGOSTINI,Carlson,2015,,,Quantum monte carlo methods for nuclear physics,"Carlson, J, S. Gandolfi, F. Pederiva, S. C. Pieper, R. Schiavilla, K. E. Schmidt, and R. B. Wiringa (2015), “Quantum monte carlo methods for nuclear physics,” Rev. Mod. Phys. 87, 1067-1118."
A207,AGOSTINI,Case,1957,,,Reformulation of the Majorana Theory of the Neutrino,"Case, K M (1957), “Reformulation of the Majorana Theory of the Neutrino,” Phys. Rev. 107, 307-316."
A208,AGOSTINI,Caurier,2005,,,The Shell model as unified view of nuclear structure,"Caurier, E, G. Martinez-Pinedo, F. Nowacki, A. Poves, and A. P. Zuker (2005), “The Shell model as unified view of nuclear structure,” Rev. Mod. Phys. 77, 427-488."
A209,AGOSTINI,Caurier,2008,,,Nuclear Structure Aspects of the Neutrinoless Double Beta Decay,"Caurier, E, F. Nowacki, and A. Poves (2008), “Nuclear Structure Aspects of the Neutrinoless Double Beta Decay,” Eur. Phys. J. A 36, 195-200."
A210,AGOSTINI,Caurier,2012,,,Shell Model description of the beta beta decay of 136Xe,"Caurier, E, F. Nowacki, and A. Poves (2012), “Shell Model description of the beta beta decay of 136Xe,” Phys. Lett. B 711, 62-64."
A211,AGOSTINI,Caurier,1990,,,A Full 0~ω description of the 2νββ decay of 48 Ca,"Caurier, E, A. P. Zuker, and A. Poves (1990), “A Full 0~ω description of the 2νββ decay of 48 Ca,” Phys. Lett. B 252, 13-17."
A212,AGOSTINI,Chadwick,1932,,,Possible Existence of a Neutron,"Chadwick, J (1932), “Possible Existence of a Neutron,” Nature 129, 312."
A213,AGOSTINI,Chadwick,1933,,,Bakerian lecture. the neutron,"Chadwick, J (1933), “Bakerian lecture. the neutron,” Proceedings Mathematical Physical and Engineering Sciences 142, 1-25."
A214,AGOSTINI,Chakrabortty,2012,1204.2527,,Neutrinoless double-β decay in TeV scale Left-Right symmetric models,"Chakrabortty, Joydeep, H. Zeen Devi, Srubabati Goswami, and Sudhanwa Patra (2012), “Neutrinoless double-β decay in TeV scale Left-Right symmetric models,” JHEP 08, 008, arXiv:1204.2527 [hep-ph]."
A215,AGOSTINI,Chambers,2019,1806.10694,,Imaging individual barium atoms in solid xenon for barium tagging in nEXO,"Chambers, C, et al. (nEXO) (2019), “Imaging individual barium atoms in solid xenon for barium tagging in nEXO,” Nature 569 (7755), 203-207, arXiv:1806.10694 [physics.insdet]."
A216,AGOSTINI,Chavarria,2017,1609.03887,,A high-resolution CMOS imaging detector for the search of neutrinoless double β decay in 82 Se,"Chavarria, A E, C. Galbiati, X. Li, and J. A. Rowlands (2017), “A high-resolution CMOS imaging detector for the search of neutrinoless double β decay in 82 Se,” JINST 12, P03022, arXiv:1609.03887 [physics.ins-det]."
A217,AGOSTINI,Chen,2017,1610.08883,,PandaX-III: Searching for neutrinoless double beta decay with high pressure136 Xe gas time projection chambers,"Chen, X, et al. (2017), “PandaX-III: Searching for neutrinoless double beta decay with high pressure136 Xe gas time projection chambers,” Sci. China Phys. Mech. Astron. 60 (6), 061011, arXiv:1610.08883 [physics.ins-det]."
A218,AGOSTINI,Chikovani,1963,,,A track spark chamber,"Chikovani, GE, V.A. Mikhailov, and V.N. Roinishvili (1963), “A track spark chamber,” Physics Letters 6 (3), 254-255."
A219,AGOSTINI,Choi,2002,hep-ph/0207180,,Operator analysis of neutrinoless double beta decay,"Choi, K, K. S. Jeong, and W. Y. Song (2002), “Operator analysis of neutrinoless double beta decay,” Phys.Rev.D 66, 093007, arXiv:hep-ph/0207180."
A220,AGOSTINI,Chuo,1993,,,,"Chuo, W T, B. H. Wildenthal, and B. A. Brown (1993), “,” Phys. Rev. C 47, 163."
A221,AGOSTINI,Cirigliano,2019,,,A renormalized approach to neutrinoless double-beta decay,"Cirigliano, V, W. Dekens, J. De Vries, M. L. Graesser, E. Mereghetti, S. Pastore, M. Piarulli, U. Van Kolck, and R. B. Wiringa (2019), “A renormalized approach to neutrinoless double-beta decay,” Phys. Rev. C 100, 055504."
A222,AGOSTINI,Cirigliano,2018,,,New Leading Contribution to Neutrinoless Double-β Decay,"Cirigliano, V, W. Dekens, J. De Vries, M. L. Graesser, E. Mereghetti, Saori Pastore, and Ubirajara Van Kolck (2018a), “New Leading Contribution to Neutrinoless Double-β Decay,” Phys. Rev. Lett. 120, 202001."
A223,AGOSTINI,Cirigliano,2018,,,Neutrinoless double-β decay in effective field theory: The light-Majorana neutrino-exchange mechanism,"Cirigliano, V, W. Dekens, E. Mereghetti, and A. Walker-Loud (2018b), “Neutrinoless double-β decay in effective field theory: The light-Majorana neutrino-exchange mechanism,” Phys. Rev. C 97, 065501."
A224,AGOSTINI,Cirigliano,2017,,,Neutrinoless double beta decay in chiral effective field theory: lepton number violation at dimension seven,"Cirigliano, V, W. Dekens, J. de Vries, M. L. Graesser, and E. Mereghetti (2017), “Neutrinoless double beta decay in chiral effective field theory: lepton number violation at dimension seven,” JHEP 12, 082."
A225,AGOSTINI,Cirigliano,2018,,,A neutrinoless double beta decay master formula from effective field theory,"Cirigliano, V, W. Dekens, J. de Vries, M. L. Graesser, and E. Mereghetti (2018c), “A neutrinoless double beta decay master formula from effective field theory,” JHEP 12, 097."
A226,AGOSTINI,Cirigliano,2021,,,Determining the leading-order contact term in neutrinoless double β decay,"Cirigliano, V, W. Dekens, J. de Vries, M. Hoferichter, and E. Mereghetti (2021a), “Determining the leading-order contact term in neutrinoless double β decay,” JHEP 05, 289, 2102.03371."
A227,AGOSTINI,Cirigliano,2021,,,Toward Complete Leading-Order Predictions for Neutrinoless Double β Decay,"Cirigliano, V, W. Dekens, J. de Vries, M. Hoferichter, and E. Mereghetti (2021b), “Toward Complete Leading-Order Predictions for Neutrinoless Double β Decay,” Phys. Rev. Lett. 126, 172002, 2012.11602."
A228,AGOSTINI,Cirigliano,2022,2207.01085,,Towards Precise and Accurate Calculations of Neutrinoless Double-Beta Decay: Project Scoping Workshop Report,"Cirigliano, V, et al. (2022), “Towards Precise and Accurate Calculations of Neutrinoless Double-Beta Decay: Project Scoping Workshop Report,” arXiv:2207.01085 [nucl-th]."
A229,AGOSTINI,Clemenza,2018,,10.1007/s10967-,Low background neutron activation: a high sensitivity technique for long-lived radionuclides determination in rare events physics experiments,"Clemenza, M (2018), “Low background neutron activation: a high sensitivity technique for long-lived radionuclides determination in rare events physics experiments,” Journal of Radioanalytical and Nuclear Chemistry 10.1007/s10967- 018-6333-z."
A230,AGOSTINI,Cleveland,1998,,,Measurement of the solar electron neutrino flux with the Homestake chlorine detector,"Cleveland, B T, Timothy Daily, Raymond Davis, Jr., James R. Distel, Kenneth Lande, C. K. Lee, Paul S. Wildenhain, and Jack Ullman (1998), “Measurement of the solar electron neutrino flux with the Homestake chlorine detector,” Astrophys. J. 496, 505-526."
A231,AGOSTINI,Cleveland,1975,,,Lepton Conservation in the Double beta Decay of Se-82,"Cleveland, B T, W. R. Leo, C. S. Wu, L. R. Kasday, A. M. Rushton, P. J. Gollon, and J. D. Ullman (1975), “Lepton Conservation in the Double beta Decay of Se-82,” Phys. Rev. Lett. 35, 757-760."
A232,AGOSTINI,Coello Pérez,2018,,,Gamow-Teller and double-β decays of heavy nuclei within an effective theory,"Coello Pérez, E A, J. Menéndez, and A. Schwenk (2018), “Gamow-Teller and double-β decays of heavy nuclei within an effective theory,” Phys. Rev. C 98, 045501."
A233,AGOSTINI,Coello Pérez,2019,,,Two-neutrino double electron capture on 124 Xe based on an effective theory and the nuclear shell model,"Coello Pérez, E A, J. Menéndez, and A. Schwenk (2019), “Two-neutrino double electron capture on 124 Xe based on an effective theory and the nuclear shell model,” Phys. Lett. B 797, 134885."
A234,AGOSTINI,Conti,2003,hep-ex/0303008,,Correlated fluctuations between luminescence and ionization in liquid xenon,"Conti, E, et al. (EXO-200) (2003), “Correlated fluctuations between luminescence and ionization in liquid xenon,” Phys. Rev. B 68, 054201, arXiv:hep-ex/0303008."
A235,AGOSTINI,Coraggio,2019,,,Renormalization of the Gamow- Teller operator within the realistic shell model,"Coraggio, L, L. De Angelis, T. Fukui, A. Gargano, N. Itaco, and F. Nowacki (2019), “Renormalization of the Gamow- Teller operator within the realistic shell model,” Phys. Rev. C 100, 014316."
A236,AGOSTINI,Coraggio,2020,,,The calculation of the neutrinoless double-beta decay matrix element within the realistic shell model,"Coraggio, L, A. Gargano, N. Itaco, R. Mancino, and F. Nowacki (2020), “The calculation of the neutrinoless double-beta decay matrix element within the realistic shell model,” Phys. Rev. C 101, 044315, 2001.00890."
A237,AGOSTINI,Coraggio,2022,,,Shell-model calculation of Mo double-β decay,"Coraggio, L, N. Itaco, G. De Gregorio, A. Gargano, R. Mancino, and F. Nowacki (2022), “Shell-model calculation of Mo double-β decay,” Phys. Rev. C 105, 034312."
A238,AGOSTINI,Cousins,1995,,,Why isn’t every physicist a Bayesian?,"Cousins, R D (1995), “Why isn’t every physicist a Bayesian?” Am. J. Phys. 63, 398."
A239,AGOSTINI,Cowan,1956,,,Detection of the free neutrino: A Confirmation,"Cowan, C L, F. Reines, F. B. Harrison, H. W. Kruse, and A. D. McGuire (1956), “Detection of the free neutrino: A Confirmation,” Science 124, 103-104."
A240,AGOSTINI,Cowan,2011,1007.1727,,Asymptotic formulae for likelihood-based tests of new physics,"Cowan, G, K. Cranmer, E. Gross, and O. Vitells (2011), “Asymptotic formulae for likelihood-based tests of new physics,” Eur. Phys. J. C 71, 1554, [Erratum: Eur.Phys.J.C 73, 2501 (2013)], arXiv:1007.1727 [physics.data-an]."
A241,AGOSTINI,Crane,1938,,,New experimental evidence for the existence of a neutrino,"Crane, H R, and J. Halpern (1938), “New experimental evidence for the existence of a neutrino,” Phys. Rev. 53, 789- 794."
A242,AGOSTINI,Crane,1939,,,Further experiments on the recoil of the nucleus in beta-decay,"Crane, H R, and J. Halpern (1939), “Further experiments on the recoil of the nucleus in beta-decay,” Phys. Rev. 56, 232-237."
A243,AGOSTINI,Cremonesi,2014,1310.4692,,Challenges in Double Beta Decay,"Cremonesi, O, and M. Pavan (2014), “Challenges in Double Beta Decay,” Adv. High Energy Phys. 2014, 951432, arXiv:1310.4692 [physics.ins-det]."
A244,AGOSTINI,Cruz-Torres,2018,,,Short range correlations and the isospin dependence of nuclear correlation functions,"Cruz-Torres, R, A. Schmidt, G. A. Miller, L. B. Weinstein, N. Barnea, R. Weiss, E. Piasetzky, and O. Hen (2018), “Short range correlations and the isospin dependence of nuclear correlation functions,” Phys. Lett. B 785, 304-308."
A245,AGOSTINI,Cruz-Torres,2021,,,Many-body factorization and position-momentum equivalence of nuclear short-range correlations,"Cruz-Torres, R, et al. (2021), “Many-body factorization and position-momentum equivalence of nuclear short-range correlations,” Nature Phys. 17, 306-310."
A246,AGOSTINI,Dafinei,2017,1702.05877,,Production of 82Se enriched Zinc Selenide (ZnSe) crystals for the study of neutrinoless double beta decay,"Dafinei, I, et al. (2017), “Production of 82Se enriched Zinc Selenide (ZnSe) crystals for the study of neutrinoless double beta decay,” J. Cryst. Growth 475, 158-170, arXiv:1702.05877 [physics.ins-det]."
A247,AGOSTINI,D’Alise,2022,2204.03686,,"Standard model anomalies: Lepton flavour non-universality, g-2 and W-mass","D’Alise, Alessandra, et al. (2022), “Standard model anomalies: Lepton flavour non-universality, g-2 and W-mass,” arXiv:2204.03686 [hep-ph]."
A248,AGOSTINI,Danevich,1995,,,The Research of double beta decay of Cd-116 with enriched Cd-116WO-4 crystal scintillators,"Danevich, F A, A. Sh. Georgadze, V. V. Kobychev, B. N. Kropivyansky, V. N. Kuts, A. S. Nikolaiko, V. I. Tretyak, and Yu. Zdesenko (1995), “The Research of double beta decay of Cd-116 with enriched Cd-116WO-4 crystal scintillators,” Phys. Lett. B 344, 72-78."
A249,AGOSTINI,Dassie,1995,,,Two neutrino double beta decay measurement of Mo-100,"Dassie, D, et al. (NEMO) (1995), “Two neutrino double beta decay measurement of Mo-100,” Phys. Rev. D 51, 2090- 2100."
A250,AGOSTINI,Davis,1952,,,Nuclear recoil following neutrino emission from beryllium 7,"Davis, R (1952), “Nuclear recoil following neutrino emission from beryllium 7,” Phys. Rev. 86, 976-985."
A251,AGOSTINI,Davis,1955,,,"Attempt to detect the antineutrinos from a nuclear reactor by the Cl37(anti-nu,e-) A37 reaction","Davis, Jr, R (1955), “Attempt to detect the antineutrinos from a nuclear reactor by the Cl37(anti-nu,e-) A37 reaction,” Phys. Rev. 97, 766-769."
A252,AGOSTINI,Davoudi,2021,,,Path from Lattice QCD to the Short-Distance Contribution to 0νββ Decay with a Light Majorana Neutrino,"Davoudi, Z, and S. V. Kadam (2021), “Path from Lattice QCD to the Short-Distance Contribution to 0νββ Decay with a Light Majorana Neutrino,” Phys. Rev. Lett. 126, 152003, 2012.02083."
A253,AGOSTINI,Davoudi,2021,2008.11160,,Nuclear matrix elements from lattice QCD for electroweak and beyond-Standard-Model processes,"Davoudi, Zohreh, William Detmold, Kostas Orginos, Assumpta Parreño, Martin J. Savage, Phiala Shanahan, and Michael L. Wagman (2021), “Nuclear matrix elements from lattice QCD for electroweak and beyond-Standard-Model processes,” Phys. Rept. 900, 1-74, arXiv:2008.11160 [hep-lat]."
A254,AGOSTINI,Davoudi,2022,,,Extraction of low-energy constants of single- and double-β decays from lattice QCD: A sensitivity analysis,"Davoudi, Zohreh, and Saurabh V. Kadam (2022), “Extraction of low-energy constants of single- and double-β decays from lattice QCD: A sensitivity analysis,” Phys. Rev. D 105, 094502."
A255,AGOSTINI,Day,2003,,,A broadband superconducting detector suitable for use in large arrays,"Day, P, H. Leduc, B. Mazin, A. Vayonakis, and J. Zmuidzinas (2003), “A broadband superconducting detector suitable for use in large arrays,” Nature 425, 817-21."
A256,AGOSTINI,De Bianchi,2018,,,Rethinking antiparticles. Hermann Weyl’s contribution to neutrino physics,"De Bianchi, S (2018), “Rethinking antiparticles. Hermann Weyl’s contribution to neutrino physics,” Stud. Hist. Phil. Sci. B 61, 68-79."
A257,AGOSTINI,De Silva,1997,nucl-ex/9706005,,Double beta decays of Mo-100 and Nd-150,"De Silva, A S, M. K. Moe, M. A. Nelson, and M. A. Vient (1997), “Double beta decays of Mo-100 and Nd-150,” Phys. Rev. C 56, 2451-2467, arXiv:nucl-ex/9706005."
A258,AGOSTINI,Decamp,1990,,,A precise determination of the number of families with light neutrinos and of the z boson partial widths,"Decamp, D, et al. (ALEPH) (1990), “A precise determination of the number of families with light neutrinos and of the z boson partial widths,” Phys.Lett.B 235, 399-411."
A259,AGOSTINI,Dekens,2020,,,Sterile neutrinos and neutrinoless double beta decay in effective field theory,"Dekens, Wouter, Jordy de Vries, Kaori Fuyuto, Emanuele Mereghetti, and Guanghui Zhou (2020), “Sterile neutrinos and neutrinoless double beta decay in effective field theory,” JHEP 06, 097."
A260,AGOSTINI,Delaquis,2018,1804.09641,,Deep Neural Networks for Energy and Position Reconstruction in EXO-200,"Delaquis, S, et al. (EXO) (2018), “Deep Neural Networks for Energy and Position Reconstruction in EXO-200,” JINST 13 (08), P08023, arXiv:1804.09641 [physics.ins-det]."
A261,AGOSTINI,Dell’Oro,2015,1505.02722,,The contribution of light Majorana neutrinos to neutrinoless double beta decay and cosmology,"Dell’Oro, S, S. Marcocci, M. Viel, and F. Vissani (2015), “The contribution of light Majorana neutrinos to neutrinoless double beta decay and cosmology,” JCAP 12, 023, arXiv:1505.02722 [hep-ph]."
A262,AGOSTINI,Dell’Oro,2016,1601.07512,,Neutrinoless double beta decay: 2015 review,"Dell’Oro, S, S. Marcocci, M. Viel, and F. Vissani (2016), “Neutrinoless double beta decay: 2015 review,” Adv. High Energy Phys. 2016, 2162659, arXiv:1601.07512 [hep-ph]."
A263,AGOSTINI,Dell’Oro,2018,,,Search for creation of electrons in lab,"Dell’Oro, S, S. Marcocci, and F. Vissani (2018a), “Search for creation of electrons in lab,” in Search for creation of electrons in lab, Vol. 1056, p. 012059."
A264,AGOSTINI,Dell’Oro,2018,1710.06732,,Testing creation of matter with neutrinoless double beta decay,"Dell’Oro, S, S. Marcocci, and F. Vissani (2018b), “Testing creation of matter with neutrinoless double beta decay,” in Testing creation of matter with neutrinoless double beta decay, Vol. NEUTEL2017 (SISSA) p. 030, arXiv:1710.06732 [hep-ph]."
A265,AGOSTINI,Dentler,2018,1803.10661,,Updated global analysis of neutrino oscillations in the presence of ev-scale sterile neutrinos,"Dentler, M, A. Hernandez-Cabezudo, J. Kopp, P. A.N. Machado, M. Maltoni, I. Martinez-Soler, and T. Schwetz (2018), “Updated global analysis of neutrino oscillations in the presence of ev-scale sterile neutrinos,” JHEP 08, 010, arXiv:1803.10661 [hep-ph]."
A266,AGOSTINI,Deppisch,2007,hep-ph/0612165,,Pinning down the mechanism of neutrinoless double beta decay with measurements in different nuclei,"Deppisch, F, and H. Pas (2007), “Pinning down the mechanism of neutrinoless double beta decay with measurements in different nuclei,” Phys. Rev. Lett. 98, 232501, arXiv:hep-ph/0612165."
A267,AGOSTINI,Deppisch,2018,,,Neutrinoless Double Beta Decay and the Baryon Asymmetry of the Universe,"Deppisch, F F, L. Graf, J. Harz, and W.-C. Huang (2018), “Neutrinoless Double Beta Decay and the Baryon Asymmetry of the Universe,” Phys. Rev. D 98, 055029."
A268,AGOSTINI,Deppisch,2020,2009.10119,,Analysis of light neutrino exchange and short-range mechanisms in 0νββ decay,"Deppisch, F F, L. Graf, F. Iachello, and J. Kotila (2020a), “Analysis of light neutrino exchange and short-range mechanisms in 0νββ decay,” Phys. Rev. D 102 (9), 095016, arXiv:2009.10119 [hep-ph]."
A269,AGOSTINI,Deppisch,2020,2003.11836,,Searching for New Physics in Two-Neutrino Double Beta Decay,"Deppisch, F F, Lukas Graf, and F. Šimkovic (2020b), “Searching for New Physics in Two-Neutrino Double Beta Decay,” Phys. Rev. Lett. 125 (17), 171801, arXiv:2003.11836 [hep-ph]."
A270,AGOSTINI,Deppisch,2012,1208.0727,,Neutrinoless Double Beta Decay and Physics Beyond the Standard Model,"Deppisch, F F, M. Hirsch, and H. Pas (2012), “Neutrinoless Double Beta Decay and Physics Beyond the Standard Model,” J. Phys. G 39, 124007, arXiv:1208.0727 [hep-ph]."
A271,AGOSTINI,Deppisch,2015,1502.06541,,Neutrinos and Collider Physics,"Deppisch, Frank F, P. S. Bhupal Dev, and Apostolos Pilaftsis (2015a), “Neutrinos and Collider Physics,” New J. Phys. 17 (7), 075019, arXiv:1502.06541 [hep-ph]."
A272,AGOSTINI,Deppisch,2015,1503.04825,,Falsifying High-Scale Baryogenesis with Neutrinoless Double Beta Decay and Lepton Flavor Violation,"Deppisch, Frank F, Julia Harz, Martin Hirsch, Wei-Chih Huang, and Heinrich Päs (2015b), “Falsifying High-Scale Baryogenesis with Neutrinoless Double Beta Decay and Lepton Flavor Violation,” Phys. Rev. D 92 (3), 036005, arXiv:1503.04825 [hep-ph]."
A273,AGOSTINI,Depuydt,2006,,,Germanium: From the first application of czochralski crystal growth to large diameter dislocation-free wafers,"Depuydt, B, A. Theuwis, and I. Romandic (2006), “Germanium: From the first application of czochralski crystal growth to large diameter dislocation-free wafers,” Materials Science in Semiconductor Processing 9 (4), 437 - 443, proceedings of Symposium T E-MRS 2006 Spring Meeting on Germanium based semiconductors from materials to devices."
A274,AGOSTINI,Di Valentino,2021,2106.15267,,Most constraining cosmological neutrino mass bounds,"Di Valentino, E, S. Gariazzo, and O. Mena (2021), “Most constraining cosmological neutrino mass bounds,” Phys. Rev. D 104 (8), 083504, arXiv:2106.15267 [astro-ph.CO]."
A275,AGOSTINI,Dikmen,2015,,,Ab initio effective interactions for sd-shell valence nucleons,"Dikmen, E, A. F. Lisetski, B. R. Barrett, P. Maris, A. M. Shirokov, and J. P. Vary (2015), “Ab initio effective interactions for sd-shell valence nucleons,” Phys. Rev. C 91 (6), 064301."
A276,AGOSTINI,Dirac,1928,,,The quantum theory of the electron,"Dirac, P A M (1928), “The quantum theory of the electron,” Proceedings of the Royal Society of London Series A Containing Papers of a Mathematical and Physical Character (1905-1934) 117, 610-624."
A277,AGOSTINI,Doi,1985,,,Double beta Decay and Majorana Neutrino,"Doi, M, T. Kotani, and E. Takasugi (1985), “Double beta Decay and Majorana Neutrino,” Prog. Theor. Phys. Suppl. 83, 1."
A278,AGOSTINI,Dolgoshein,1964,,,Streamer chamber,"Dolgoshein, BA, B.U. Rodionov, and B.I. Luchkov (1964), “Streamer chamber,” Nuclear Instruments and Methods 29 (2), 270-276."
A279,AGOSTINI,Dolgov,2002,hep-ph/0202122,,Neutrinos in cosmology,"Dolgov, A D (2002), “Neutrinos in cosmology,” Phys. Rept. 370, 333-535, arXiv:hep-ph/0202122."
A280,AGOSTINI,Dolinski,2019,1902.04097,,Neutrinoless Double-Beta Decay: Status and Prospects,"Dolinski, Michelle J, Alan W. P. Poon, and Werner Rodejohann (2019), “Neutrinoless Double-Beta Decay: Status and Prospects,” Ann. Rev. Nucl. Part. Sci. 69, 219-251, arXiv:1902.04097 [nucl-ex]."
A281,AGOSTINI,Drewes,2013,1303.6912,,The Phenomenology of Right Handed Neutrinos,"Drewes, Marco (2013), “The Phenomenology of Right Handed Neutrinos,” Int. J. Mod. Phys. E 22, 1330019, arXiv:1303.6912 [hep-ph]."
A282,AGOSTINI,Drewes,2016,1606.06221,,Neutrinoless double β decay and low scale leptogenesis,"Drewes, Marco, and Shintaro Eijima (2016), “Neutrinoless double β decay and low scale leptogenesis,” Phys. Lett. B 763, 72-79, arXiv:1606.06221 [hep-ph]."
A283,AGOSTINI,Drewes,2017,1609.09069,,Testing the low scale seesaw and leptogenesis,"Drewes, Marco, Bjorn Garbrecht, Dario Gueter, and Juraj Klaric (2017), “Testing the low scale seesaw and leptogenesis,” JHEP 08, 018, arXiv:1609.09069 [hep-ph]."
A284,AGOSTINI,Drewes,2022,2203.08538,,Low-scale leptogenesis with flavour and CP symmetries,"Drewes, Marco, Yannis Georis, Claudia Hagedorn, and Juraj Klarić (2022a), “Low-scale leptogenesis with flavour and CP symmetries,” arXiv:2203.08538 [hep-ph]."
A285,AGOSTINI,Drewes,2022,2106.16226,,Mapping the Viable Parameter Space for Testable Leptogenesis,"Drewes, Marco, Yannis Georis, and Juraj Klarić (2022b), “Mapping the Viable Parameter Space for Testable Leptogenesis,” Phys. Rev. Lett. 128 (5), 051801, arXiv:2106.16226 [hep-ph]."
A286,AGOSTINI,Dror,2020,1908.10861,,Absorption of Fermionic Dark Matter by Nuclear Targets,"Dror, J A, G. Elor, and R. Mcgehee (2020), “Absorption of Fermionic Dark Matter by Nuclear Targets,” JHEP 02, 134, arXiv:1908.10861 [hep-ph]."
A287,AGOSTINI,Dueck,2013,1306.4468,,Fits to SO(10) Grand Unified Models,"Dueck, A, and W. Rodejohann (2013), “Fits to SO(10) Grand Unified Models,” JHEP 09, 024, arXiv:1306.4468 [hep-ph]."
A288,AGOSTINI,Duerr,2011,1105.0901,,On the quantitative impact of the schechter-valle theorem,"Duerr, M, M. Lindner, and A. Merle (2011), “On the quantitative impact of the schechter-valle theorem,” JHEP 06, 091, arXiv:1105.0901 [hep-ph]."
A289,AGOSTINI,Ebert,2016,1509.04113,,Results of a search for neutrinoless double- β decay using the COBRA demonstrator,"Ebert, J, et al. (2016a), “Results of a search for neutrinoless double- β decay using the COBRA demonstrator,” Phys. Rev. C 94 (2), 024603, arXiv:1509.04113 [nucl-ex]."
A290,AGOSTINI,Ebert,2016,1507.08177,,The COBRA demonstrator at the LNGS underground laboratory,"Ebert, J, et al. (COBRA) (2016b), “The COBRA demonstrator at the LNGS underground laboratory,” Nucl. Instrum. Meth. A 807, 114-120, arXiv:1507.08177 [physics.ins-det]."
A291,AGOSTINI,Egido,2016,,,State-of-the-art of beyond mean field theories with nuclear density functionals,"Egido, J L (2016), “State-of-the-art of beyond mean field theories with nuclear density functionals,” Phys. Scripta 91, 073003."
A292,AGOSTINI,Eguchi,2003,hep-ex/0212021,,First results from KamLAND: Evidence for reactor anti-neutrino disappearance,"Eguchi, K, et al. (KamLAND) (2003), “First results from KamLAND: Evidence for reactor anti-neutrino disappearance,” Phys. Rev. Lett. 90, 021802, arXiv:hep-ex/0212021."
A293,AGOSTINI,Ejiri,2014,1309.7957,,"Charged current neutrino cross section for solar neutrinos, and background to ββ(0ν) experiments","Ejiri, H, and S. R. Elliott (2014), “Charged current neutrino cross section for solar neutrinos, and background to ββ(0ν) experiments,” Phys. Rev. C 89 (5), 055501, arXiv:1309.7957 [nucl-ex]."
A294,AGOSTINI,Ejiri,2017,1703.06915,,"Solar neutrino interactions with the double beta decay nuclei of 82 Se, 100 Mo and 150 Nd","Ejiri, H, and S. R. Elliott (2017), “Solar neutrino interactions with the double beta decay nuclei of 82 Se, 100 Mo and 150 Nd,” Phys. Rev. C 95 (5), 055501, arXiv:1703.06915 [nucl-ex]."
A295,AGOSTINI,Ejiri,2019,,,"Neutrino-nuclear responses for astro-neutrinos, single beta decays and double beta decays","Ejiri, H, J. Suhonen, and K. Zuber (2019), “Neutrino-nuclear responses for astro-neutrinos, single beta decays and double beta decays,” Phys. Rept. 797, 1-102."
A296,AGOSTINI,Ejiri,1991,,,Double beta decays of Mo-100,"Ejiri, H, et al. (1991), “Double beta decays of Mo-100,” Phys. Lett. B 258, 17-23."
A297,AGOSTINI,Ejiri,1995,,,Double beta decays of Cd-116,"Ejiri, H, et al. (1995), “Double beta decays of Cd-116,” J. Phys. Soc. Jap. 64, 339-343."
A298,AGOSTINI,Ekström,2014,,,Effects of three-nucleon forces and two-body currents on Gamow- Teller strengths,"Ekström, A, G. R. Jansen, K. A. Wendt, G. Hagen, T. Papenbrock, S. Bacca, B. Carlsson, and D. Gazit (2014), “Effects of three-nucleon forces and two-body currents on Gamow- Teller strengths,” Phys. Rev. Lett. 113 (26), 262504."
A299,AGOSTINI,Elliott,2012,1203.1070,,Recent Progress in Double Beta Decay,"Elliott, S R (2012), “Recent Progress in Double Beta Decay,” Mod. Phys. Lett. A 27, 1230009, arXiv:1203.1070 [nucl-ex]."
A300,AGOSTINI,Elliott,2004,hep-ph/0405078,,Double beta decay,"Elliott, S R, and J. Engel (2004), “Double beta decay,” J. Phys. G 30, R183-R215, arXiv:hep-ph/0405078."
A301,AGOSTINI,Elliott,2015,1403.4976,,"Colloquium: Majorana Fermions in nuclear, particle and solid-state physics","Elliott, S R, and M. Franz (2015), “Colloquium: Majorana Fermions in nuclear, particle and solid-state physics,” Rev. Mod. Phys. 87, 137, arXiv:1403.4976 [cond-mat.supr-con]."
A302,AGOSTINI,Elliott,1987,,,Direct Evidence for Two Neutrino Double Beta Decay in 82 Se,"Elliott, S R, A. A. Hahn, and M. K. Moe (1987), “Direct Evidence for Two Neutrino Double Beta Decay in 82 Se,” Phys. Rev. Lett. 59, 2020-2023."
A303,AGOSTINI,Elliott,1992,,,Double beta decay of Se-82,"Elliott, S R, A. A. Hahn, M. K. Moe, M. A. Nelson, and M. A. Vient (1992), “Double beta decay of Se-82,” Phys. Rev. C 46, 1535-1537."
A304,AGOSTINI,Elliott,1991,,,The Double beta decay spectrum of Mo-100 as measured with a TPC,"Elliott, S R, M. K. Moe, M. A. Nelson, and M. A. Vient (1991), “The Double beta decay spectrum of Mo-100 as measured with a TPC,” J. Phys. G 17, S145-S153."
A305,AGOSTINI,Ellis,1927,,,The average energy of disintegration of radium E,"Ellis, C D, and W. A Wooster (1927), “The average energy of disintegration of radium E,” Proc. Roy. Soc. Lond. A 117 (776), 109-123."
A306,AGOSTINI,Engel,2017,,,Status and future of nuclear matrix elements for neutrinoless double-beta decay: a review,"Engel, J, and J. Menéndez (2017), “Status and future of nuclear matrix elements for neutrinoless double-beta decay: a review,” Rep. Prog. Phys. 80, 046301."
A307,AGOSTINI,Engel,2014,,,Chiral Two- Body Currents and Neutrinoless Double-Beta Decay in the QRPA,"Engel, J, F. Šimkovic, and P. Vogel (2014), “Chiral Two- Body Currents and Neutrinoless Double-Beta Decay in the QRPA,” Phys. Rev. C 89, 064308."
A308,AGOSTINI,Engel,1988,,,Nuclear Structure Effects in Double beta Decay,"Engel, J, P. Vogel, and M. R. Zirnbauer (1988), “Nuclear Structure Effects in Double beta Decay,” Phys. Rev. C 37, 731-746."
A309,AGOSTINI,Engel,2009,0904.1709,,Corrections to the Neutrinoless Double-Beta-Decay Operator in the Shell Model,"Engel, Jonathan, and Gaute Hagen (2009), “Corrections to the Neutrinoless Double-Beta-Decay Operator in the Shell Model,” Phys. Rev. C 79, 064317, arXiv:0904.1709 [nucl-th]. ENSDF, (2021), http://www.nndc.bnl.gov/ensdf."
A310,AGOSTINI,Entwisle,2016,,,Change of nuclear configurations in the neutrinoless double-beta decay of 130Te 130Xe and 136Xe 136Ba,"Entwisle, J P, et al. (2016), “Change of nuclear configurations in the neutrinoless double-beta decay of 130Te 130Xe and 136Xe 136Ba,” Phys. Rev. C 93, 064312."
A311,AGOSTINI,Epelbaum,2008,,,Deltaexcitations and the three-nucleon force,"Epelbaum, E, H. Krebs, and U.-G. Meissner (2008), “Deltaexcitations and the three-nucleon force,” Nucl. Phys. A806, 65-78."
A312,AGOSTINI,Esteban,2020,2007.14792,,The fate of hints: updated global analysis of three-flavor neutrino oscillations,"Esteban, I, M. C. Gonzalez-Garcia, M. Maltoni, T. Schwetz, and Albert Zhou (2020), “The fate of hints: updated global analysis of three-flavor neutrino oscillations,” JHEP 09, 178, arXiv:2007.14792 [hep-ph]."
A313,AGOSTINI,Ettengruber,2022,2208.09954,,Discovering neutrinoless double-beta decay in the era of precision neutrino cosmology,"Ettengruber, Manuel, Matteo Agostini, Allen Caldwell, Philipp Eller, and Oliver Schulz (2022), “Discovering neutrinoless double-beta decay in the era of precision neutrino cosmology,” arXiv:2208.09954 [hep-ph]."
A314,AGOSTINI,Faessler,2014,,,Arbitrary mass Majorana neutrinos in neutrinoless double beta decay,"Faessler, A, M. González, S. Kovalenko, and F. Šimkovic (2014), “Arbitrary mass Majorana neutrinos in neutrinoless double beta decay,” Phys. Rev. D 90 (9), 096010."
A315,AGOSTINI,Faessler,2008,0710.3199,,Pion dominance in RPV SUSY induced neutrinoless double beta decay,"Faessler, Amand, Thomas Gutsche, Sergey Kovalenko, and Fedor Simkovic (2008), “Pion dominance in RPV SUSY induced neutrinoless double beta decay,” Phys. Rev. D 77, 113012, arXiv:0710.3199 [hep-ph]."
A316,AGOSTINI,Fang,2018,,,"0νββ-decay nuclear matrix element for light and heavy neutrino mass mechanisms from deformed quasiparticle random-phase approximation calculations for 76 Ge, 82 Se, 130 Te, 136 Xe , and Nd with isospin restoration","Fang, D-L, A. Faessler, and F. Šimkovic (2018), “0νββ-decay nuclear matrix element for light and heavy neutrino mass mechanisms from deformed quasiparticle random-phase approximation calculations for 76 Ge, 82 Se, 130 Te, 136 Xe , and Nd with isospin restoration,” Phys. Rev. C 97, 045503."
A317,AGOSTINI,Fano,1947,,,Ionization Yield of Radiations. 2. The Fluctuations of the Number of Ions,"Fano, U (1947), “Ionization Yield of Radiations. 2. The Fluctuations of the Number of Ions,” Phys. Rev. 72, 26-29."
A318,AGOSTINI,Feinberg,1959,,,Microscopic tests of symmetry principles,"Feinberg, G, and M. Goldhaber (1959a), “Microscopic tests of symmetry principles,” Proceedings of the National Academy of Sciences 45, 1301-1312."
A319,AGOSTINI,Feinberg,1959,,,Microscopic tests of symmetry principles,"Feinberg, G, and M. Goldhaber (1959b), “Microscopic tests of symmetry principles,” Proceedings of the National Academy of Sciences 45 (8), 1301-1312, https://www.pnas.org/content/45/8/1301.full.pdf."
A320,AGOSTINI,Fermi,1934,,,Versuch einer theorie der β-strahlen. i,"Fermi, E (1934), “Versuch einer theorie der β-strahlen. i,” Zeitschrift für Physik A Hadrons and Nuclei 88, 161-177."
A321,AGOSTINI,Fernandes,2011,,,Neutron activation analysis: A primary method of measurement,"Fernandes, R R Greenberg; P Bode; Elisabete A De Nadai (2011), “Neutron activation analysis: A primary method of measurement,” Spectrochimica Acta Part B: Atomic Spectroscopy 66, 193-241."
A322,AGOSTINI,Feruglio,2002,hep-ph/0201291,,Neutrino oscillations and signals in beta and 0nu2beta experiments,"Feruglio, F, A. Strumia, and F. Vissani (2002), “Neutrino oscillations and signals in beta and 0nu2beta experiments,” Nucl. Phys. B 637, 345-377, [Addendum: Nucl.Phys.B 659, 359-362 (2003)], hep-ph/0201291."
A323,AGOSTINI,Feynman,1958,,,Theory of Fermi interaction,"Feynman, R P, and M. Gell-Mann (1958), “Theory of Fermi interaction,” Phys. Rev. 109, 193-198."
A324,AGOSTINI,Finch,2015,,,,"Finch, S W (2015), Double-Beta Decay of 96 Zr and Double- Electron Capture of 156 Dy to Excited Final States, Ph.D. thesis (Duke University)."
A325,AGOSTINI,Fink,2012,1112.5786,,Q-Value and Half-Lives for the Double-Beta-Decay Nuclide 110Pd,"Fink, D, et al. (2012), “Q-Value and Half-Lives for the Double-Beta-Decay Nuclide 110Pd,” Phys. Rev. Lett. 108, 062502, arXiv:1112.5786 [nucl-ex]."
A326,AGOSTINI,Fiorini,1967,,,A Search for Lepton Nonconservation in Double Beta Decay With a Germanium Detector,"Fiorini, E, A. Pullia, G. Bertolini, F. Cappellani, and G. Restelli (1967), “A Search for Lepton Nonconservation in Double Beta Decay With a Germanium Detector,” Meeting of the Italian School of Physics and Weak Interactions Bologna, Italy, April 26-28, 1984, Phys. Lett. 25B, 602- 603, [,662(1967)]."
A327,AGOSTINI,Fiorini,1973,,,Neutrinoless double-beta decay of76Ge,"Fiorini, E, A. Pullia, G. Bertolini, F. Cappellani, and G. Restelli (1973), “Neutrinoless double-beta decay of76Ge,” Nuovo Cimento A Serie 13 (3), 747-763."
A328,AGOSTINI,Fireman,1948,,,Double Beta Decay,"Fireman, E L (1948), “Double Beta Decay,” Phys. Rev. 74, 1238."
A329,AGOSTINI,Fireman,1949,,,A measurement of the half-life of double beta-decay from (50)Sn-124,"Fireman, E L (1949), “A measurement of the half-life of double beta-decay from (50)Sn-124,” Phys. Rev. 75, 323-324."
A330,AGOSTINI,Fireman,1952,,,A re-investigation of the double beta-decay from Sn-124,"Fireman, E L, and D. Schwarzer (1952), “A re-investigation of the double beta-decay from Sn-124,” Phys. Rev. 86, 451- 453."
A331,AGOSTINI,Fleischmann,2005,,,Metallic magnetic calorimeters,"Fleischmann, A, C. Enss, and G.M. Seidel (2005), “Metallic magnetic calorimeters,” in Cryogenic Particle Detection, edited by C. Enss (Springer Berlin Heidelberg, Berlin, Heidelberg) pp. 151-216."
A332,AGOSTINI,Fogli,2004,hep-ph/0408045,,Observables sensitive to absolute neutrino masses: Constraints and correlations from world neutrino data,"Fogli, GL, E. Lisi, A. Marrone, A. Melchiorri, A. Palazzo, P. Serra, and J. Silk (2004), “Observables sensitive to absolute neutrino masses: Constraints and correlations from world neutrino data,” Phys.Rev.D 70, 113003, arXiv:hep-ph/0408045."
A333,AGOSTINI,Font-Ribera,2014,1308.4164,,DESI and other dark energy experiments in the era of neutrino mass measurements,"Font-Ribera, A, P. McDonald, N. Mostek, B. A. Reid, H.-J. Seo, and A. Slosar (2014), “DESI and other dark energy experiments in the era of neutrino mass measurements,” JCAP 05, 023, arXiv:1308.4164 [astro-ph.CO]."
A334,AGOSTINI,Formaggio,2012,1305.7513,,From eV to EeV: Neutrino Cross Sections Across Energy Scales,"Formaggio, J A, and G. P. Zeller (2012), “From eV to EeV: Neutrino Cross Sections Across Energy Scales,” Rev. Mod. Phys. 84, 1307-1341, arXiv:1305.7513 [hep-ex]."
A335,AGOSTINI,Fox,2019,1911.05208,,Uncertainty quantification of an empirical shell-model interaction using principal component analysis,"Fox, J M R, and C. W. Johnson (2019), “Uncertainty quantification of an empirical shell-model interaction using principal component analysis,” arXiv:1911.05208."
A336,AGOSTINI,Freck,1962,,,Gamma-Ray Spectrum obtained with a Lithium-drifted p-i-n Junction in Germanium,"Freck, D V, and J. Wakefield (1962), “Gamma-Ray Spectrum obtained with a Lithium-drifted p-i-n Junction in Germanium,” Nature (London) 193 (4816), 669."
A337,AGOSTINI,Freeman,2012,,,Constraining the 0ν2β matrix elements by nuclear structure observables,"Freeman, S J, and J. P. Schiffer (2012), “Constraining the 0ν2β matrix elements by nuclear structure observables,” J. Phys. G 39, 124004."
A338,AGOSTINI,Freeman,2017,,,Experimental study of the rearrangements of valence protons and neutrons amongst single-particle orbits during double-β decay in 100Mo,"Freeman, S J, et al. (2017), “Experimental study of the rearrangements of valence protons and neutrons amongst single-particle orbits during double-β decay in 100Mo,” Phys. Rev. C 96, 054325."
A339,AGOSTINI,Freer,2018,,,Microscopic Clustering in Light Nuclei,"Freer, M, H. Horiuchi, Y. Kanada-En’yo, D. Lee, and U.-G. Meißner (2018), “Microscopic Clustering in Light Nuclei,” Rev. Mod. Phys. 90, 035004."
A340,AGOSTINI,Frekers,2018,,,Charge-exchange reactions and the quest for resolution,"Frekers, D, and M. Alanssari (2018), “Charge-exchange reactions and the quest for resolution,” Eur. Phys. J. A 54, 177."
A341,AGOSTINI,Fremlin,1952,,,An experimental investigation of the stability of nuclei against double betadisintegration,"Fremlin, J H, and M C Walters (1952), “An experimental investigation of the stability of nuclei against double betadisintegration,” Proceedings of the Physical Society. Section A 65 (11), 911-915."
A342,AGOSTINI,Freund,2016,1601.05935,,The Performance of the Muon Veto of the GERDA Experiment,"Freund, K, et al. (2016), “The Performance of the Muon Veto of the GERDA Experiment,” Eur. Phys. J. C 76 (5), 298, arXiv:1601.05935 [physics.ins-det]."
A343,AGOSTINI,Fritzsch,1975,,,Unified interactions of leptons and hadrons,"Fritzsch, H, and P. Minkowski (1975), “Unified interactions of leptons and hadrons,” Annals Phys. 93, 193-266."
A344,AGOSTINI,Fujita,2011,,,"Spin-isospin excitations probed by strong, weak and electro-magnetic interactions","Fujita, Y, B. Rubio, and W. Gelletly (2011), “Spin-isospin excitations probed by strong, weak and electro-magnetic interactions,” Prog. Part. Nucl. Phys. 66, 549-606."
A345,AGOSTINI,Fukuda,2016,,,ZICOS - New project for neutrinoless double beta decay experiment using zirconium complex in liquid scintillator,"Fukuda, Y (2016), “ZICOS - New project for neutrinoless double beta decay experiment using zirconium complex in liquid scintillator,” J. Phys. Conf. Ser. 718 (6), 062019."
A346,AGOSTINI,Fukuda,2020,,,ZICOS - Neutrinoless Double Beta Decay experiment using Zr-96 with an organic liquid scintillator -,"Fukuda, Y, S. Moriyama, K. Hiraide, I. Ogawa, T. Gunji, R. Hayami, S. Tsukadaw, and S. Kurosawa (2020), “ZICOS - Neutrinoless Double Beta Decay experiment using Zr-96 with an organic liquid scintillator -,” J. Phys. Conf. Ser. 1468 (1), 012139."
A347,AGOSTINI,Fukugita,1986,,,Baryogenesis Without Grand Unification,"Fukugita, M, and T. Yanagida (1986), “Baryogenesis Without Grand Unification,” Phys. Lett. B 174, 45-47."
A348,AGOSTINI,Furry,1938,,,Note on the Theory of the Neutral Particle,"Furry, W H (1938), “Note on the Theory of the Neutral Particle,” Phys. Rev. 54, 56-67."
A349,AGOSTINI,Furry,1939,,,On transition probabilities in double beta-disintegration,"Furry, W H (1939), “On transition probabilities in double beta-disintegration,” Phys. Rev. 56, 1184-1193."
A350,AGOSTINI,Galan,2020,1903.03979,,Topological background discrimination in the PandaX-III neutrinoless double beta decay experiment,"Galan, J, et al. (2020), “Topological background discrimination in the PandaX-III neutrinoless double beta decay experiment,” J. Phys. G 47 (4), 045108, arXiv:1903.03979 [physics.ins-det]."
A351,AGOSTINI,Gando,2012,1201.4664,,Measurement of the double-β decay half-life of 136 Xe with the KamLAND-Zen experiment,"Gando, A, et al. (KamLAND-Zen) (2012), “Measurement of the double-β decay half-life of 136 Xe with the KamLAND-Zen experiment,” Phys. Rev. C85, 045504, arXiv:1201.4664 [hep-ex]."
A352,AGOSTINI,Gando,2013,1211.3863,,Limit on Neutrinoless ββ Decay of 136 Xe from the First Phase of KamLAND-Zen and Comparison with the Positive Claim in 76 Ge,"Gando, A, et al. (KamLAND-Zen) (2013), “Limit on Neutrinoless ββ Decay of 136 Xe from the First Phase of KamLAND-Zen and Comparison with the Positive Claim in 76 Ge,” Phys. Rev. Lett. 110 (6), 062502, arXiv:1211.3863 [hep-ex]."
A353,AGOSTINI,Gando,2016,1605.02889,,Search for Majorana Neutrinos near the Inverted Mass Hierarchy Region with KamLAND-Zen,"Gando, A, et al. (KamLAND-Zen) (2016), “Search for Majorana Neutrinos near the Inverted Mass Hierarchy Region with KamLAND-Zen,” Phys. Rev. Lett. 117 (8), 082503, [Addendum: Phys.Rev.Lett. 117, 109903 (2016)], arXiv:1605.02889 [hep-ex]."
A354,AGOSTINI,Gando,2019,,,Precision measurement of the 136 Xe two-neutrino ββ spectrum in KamLAND-Zen and its impact on the quenching of nuclear matrix elements,"Gando, A, et al. (KamLAND-Zen) (2019), “Precision measurement of the 136 Xe two-neutrino ββ spectrum in KamLAND-Zen and its impact on the quenching of nuclear matrix elements,” Phys. Rev. Lett. 122, 192501."
A355,AGOSTINI,Gando,2020,,,First results of KamLAND-Zen 800,"Gando, Y (KamLAND-Zen) (2020), “First results of KamLAND-Zen 800,” J. Phys. Conf. Ser. 1468 (1), 012142."
A356,AGOSTINI,Gazit,2009,,,Three- Nucleon Low-Energy Constants from the Consistency of Interactions and Currents in Chiral Effective Field Theory,"Gazit, D, S. Quaglioni, and P. Navratil (2009), “Three- Nucleon Low-Energy Constants from the Consistency of Interactions and Currents in Chiral Effective Field Theory,” Phys. Rev. Lett. 103, 102502, [Erratum: Phys. Rev. Lett.122,no.2,029901(2019)]."
A357,AGOSTINI,Gehman,2007,hep-ph/0701099,,Multiple-Isotope Comparison for Determining 0 nu beta beta Mechanisms,"Gehman, V M, and S. R. Elliott (2007), “Multiple-Isotope Comparison for Determining 0 nu beta beta Mechanisms,” J. Phys. G 34, 667-678, [Erratum: J.Phys.G 35, 029701 (2008)], arXiv:hep-ph/0701099."
A358,AGOSTINI,Gell-Mann,1955,,,Behavior of neutral particles under charge conjugation,"Gell-Mann, M, and A. Pais (1955), “Behavior of neutral particles under charge conjugation,” Phys. Rev. 97, 1387- 1389."
A359,AGOSTINI,Gell-Mann,1979,1306.4669,,Complex spinors and unified theories,"Gell-Mann, M, P. Ramond, and R. Slansky (1979), “Complex spinors and unified theories,” in Complex Spinors and Unified Theories, Vol. 790927, pp. 315-321, arXiv:1306.4669 [hep-th]."
A360,AGOSTINI,Georgi,1974,,,Unity of all elementary particle forces,"Georgi, H, and S.L. Glashow (1974), “Unity of all elementary particle forces,” Phys.Rev.Lett. 32, 438-441."
A361,AGOSTINI,Giuliani,2019,1910.04688,,Double Beta Decay APPEC Committee Report,"Giuliani, A, J. J. Gomez Cadenas, S. Pascoli, E. Previtali, R. Saakyan, K. Schäffner, and S. Schönert (APPEC Committee) (2019), “Double Beta Decay APPEC Committee Report,” arXiv:1910.04688 [hep-ex]."
A362,AGOSTINI,Giuliani,2012,,,Neutrinoless Double-Beta Decay,"Giuliani, A, and A. Poves (2012), “Neutrinoless Double-Beta Decay,” Adv. High Energy Phys. 2012, 857016."
A363,AGOSTINI,Giunti,2019,1901.08330,,eV-scale Sterile Neutrinos,"Giunti, C, and T. Lasserre (2019), “eV-scale Sterile Neutrinos,” Ann. Rev. Nucl. Part. Sci. 69, 163-190, arXiv:1901.08330 [hep-ph]."
A364,AGOSTINI,Goeppert-Mayer,1935,,,Double beta-disintegration,"Goeppert-Mayer, M (1935a), “Double beta-disintegration,” Phys. Rev. 48, 512-516."
A365,AGOSTINI,Goeppert-Mayer,1935,,,Double beta-disintegration,"Goeppert-Mayer, M (1935b), “Double beta-disintegration,” Phys. Rev. 48, 512-516."
A366,AGOSTINI,Goeppert-Mayer,1949,,,On closed shells in nuclei. 2,"Goeppert-Mayer, M (1949), “On closed shells in nuclei. 2,” Phys. Rev. 75, 1969-1970."
A367,AGOSTINI,Goldhaber,1958,,,Helicity of Neutrinos,"Goldhaber, M, L. Grodzins, and A. W. Sunyar (1958), “Helicity of Neutrinos,” Phys. Rev. 109, 1015-1017."
A368,AGOSTINI,Golling,2016,1606.00947,10.23731/CYRM-2017-003.441,Physics at a 100 TeV pp collider: beyond the Standard Model phenomena,"Golling, T, et al. (2016), “Physics at a 100 TeV pp collider: beyond the Standard Model phenomena,” 10.23731/CYRM-2017-003.441, arXiv:1606.00947 [hep-ph]."
A369,AGOSTINI,Gomez-Cadenas,2012,1109.5515,,The Search for neutrinoless double beta decay,"Gomez-Cadenas, J J, J. Martin-Albo, M. Mezzetto, F. Monrabal, and M. Sorel (2012), “The Search for neutrinoless double beta decay,” Riv. Nuovo Cim. 35 (2), 29-98, arXiv:1109.5515 [hep-ex]."
A370,AGOSTINI,Gómez-Cadenas,2012,,,The search for neutrinoless double beta decay,"Gómez-Cadenas, J J, J. Martı́n-Albo, M. Mezzetto, F. Monrabal, and M. Sorel (2012), “The search for neutrinoless double beta decay,” Riv. Nuovo Cim. 35, 29-98."
A371,AGOSTINI,Gomez-Cadenas,2019,1903.02435,,High Pressure Gas Xenon TPCs for Double Beta Decay Searches,"Gomez-Cadenas, Juan J, Francesc Monrabal Capilla, and Paola Ferrario (2019), “High Pressure Gas Xenon TPCs for Double Beta Decay Searches,” Front. in Phys. 7, 51, arXiv:1903.02435 [physics.ins-det]."
A372,AGOSTINI,Gonokami,2018,,,Statement from the president of the university of tokyo concerning the start of hyperkamiokande,"Gonokami, M (2018), “Statement from the president of the university of tokyo concerning the start of hyperkamiokande,” https://www.hyperk.org/?p=365, accessed 2021 December."
A373,AGOSTINI,Gonzalez,2000,,,Current IGEX results for neutrinoless double-beta decay of Ge-76,"Gonzalez, D, et al. (2000), “Current IGEX results for neutrinoless double-beta decay of Ge-76,” Nucl. Phys. B Proc. Suppl. 87, 278-280."
A374,AGOSTINI,Gooding,2018,1807.06634,,Light Yield of Perovskite Nanocrystal- Doped Liquid Scintillator,"Gooding, D, J. Gruszko, C. Grant, B. Naranjo, and L. Winslow (2018), “Light Yield of Perovskite Nanocrystal- Doped Liquid Scintillator,” arXiv:1807.06634 [physics.insdet]."
A375,AGOSTINI,de Gouvea,2008,0708.1344,,A survey of lepton number violation via effective operators,"de Gouvea, A, and J. Jenkins (2008), “A survey of lepton number violation via effective operators,” Phys.Rev.D 77, 013008, arXiv:0708.1344 [hep-ph]."
A376,AGOSTINI,de Gouvea,2005,hep-ph/0501039,,See-saw energy scale and the LSND anomaly,"de Gouvea, Andre (2005), “See-saw energy scale and the LSND anomaly,” Phys. Rev. D 72, 033005, arXiv:hep-ph/0501039."
A377,AGOSTINI,de Gouvea,2007,0706.1732,,"GeV seesaw, accidentally small neutrino masses, and Higgs decays to neutrinos","de Gouvea, Andre (2007), “GeV seesaw, accidentally small neutrino masses, and Higgs decays to neutrinos,” arXiv:0706.1732 [hep-ph]."
A378,AGOSTINI,de Gouvea,2022,,,Model dependence in neutrinoless double-beta decay probes,"de Gouvea, Andre (2022), “Model dependence in neutrinoless double-beta decay probes,” Seattle Snowmass Summer Meeting."
A379,AGOSTINI,de Gouvea,2013,1303.4097,,"Lepton Flavor and Number Conservation, and Physics Beyond the Standard Model","de Gouvea, Andre, and Petr Vogel (2013), “Lepton Flavor and Number Conservation, and Physics Beyond the Standard Model,” Prog. Part. Nucl. Phys. 71, 75-92, arXiv:1303.4097 [hep-ph]."
A380,AGOSTINI,de Graaff,2019,1709.10378,,Probing the missing baryons with the Sunyaev- Zel’dovich effect from filaments,"de Graaff, A, Y.-C. Cai, C. Heymans, and J. A. Peacock (2019), “Probing the missing baryons with the Sunyaev- Zel’dovich effect from filaments,” Astron. Astrophys. 624, A48, arXiv:1709.10378 [astro-ph.CO]."
A381,AGOSTINI,Graesser,2017,,,An electroweak basis for neutrinoless double β decay,"Graesser, M L (2017), “An electroweak basis for neutrinoless double β decay,” JHEP 08, 099."
A382,AGOSTINI,Graesser,2022,2202.01237,,Uncovering a chirally suppressed mechanism of 0νββ decay with LHC searches,"Graesser, Michael L, Gang Li, Michael J. Ramsey-Musolf, Tianyang Shen, and Sebastián Urrutia-Quiroga (2022), “Uncovering a chirally suppressed mechanism of 0νββ decay with LHC searches,” arXiv:2202.01237 [hep-ph]."
A383,AGOSTINI,Graf,2018,,,Short-Range Neutrinoless Double Beta Decay Mechanisms,"Graf, L, F. F. Deppisch, F. Iachello, and J. Kotila (2018), “Short-Range Neutrinoless Double Beta Decay Mechanisms,” Phys. Rev. D 98, 095023."
A384,AGOSTINI,Gráf,2022,2204.10845,,Unraveling the 0νββ decay mechanisms,"Gráf, Lukáš, Manfred Lindner, and Oliver Scholer (2022), “Unraveling the 0νββ decay mechanisms,” Phys. Rev. D 106 (3), 035022, arXiv:2204.10845 [hep-ph]."
A385,AGOSTINI,Graham,2019,1908.03564,10.1088/1748-,Light Yield of Perovskite Nanocrystal-Doped Liquid Scintillator,"Graham, E, D. Gooding, J. Gruszko, C. Grant, B. Naranjo, and L. Winslow (2019), “Light Yield of Perovskite Nanocrystal-Doped Liquid Scintillator,” 10.1088/1748- 0221/14/11/P11024, arXiv:1908.03564 [physics.ins-det]."
A386,AGOSTINI,Granena,2009,0907.4054,,"NEXT, a HPGXe TPC for neutrinoless double beta decay searches","Granena, F, et al. (NEXT) (2009), “NEXT, a HPGXe TPC for neutrinoless double beta decay searches,” arXiv:0907.4054 [hep-ex]."
A387,AGOSTINI,Grant,2020,,,Results from kamland-zen and sno+,"Grant, C (2020), “Results from kamland-zen and sno+,” ."
A388,AGOSTINI,Greuling,1960,,,Lepton conservation and double beta-decay,"Greuling, E, and R. C. Whitten (1960), “Lepton conservation and double beta-decay,” Annals of Physics 11, 510-533."
A389,AGOSTINI,Gribov,1969,,,Neutrino astronomy and lepton charge,"Gribov, VN, and B. Pontecorvo (1969), “Neutrino astronomy and lepton charge,” Phys.Lett.B 28, 493."
A390,AGOSTINI,Gruszko,2019,1811.11144,,Detecting Cherenkov light from 1-2 MeV electrons in linear alkylbenzene,"Gruszko, J, B. Naranjo, B. Daniel, A. Elagin, D. Gooding, C. Grant, J. Ouellet, and L. Winslow (2019), “Detecting Cherenkov light from 1-2 MeV electrons in linear alkylbenzene,” JINST 14 (02), P02005, arXiv:1811.11144 [physics.ins-det]."
A391,AGOSTINI,Guiseppe,2018,1712.08167,,A Review and Outlook for the Removal of Radon-Generated Po-210 Surface Contamination,"Guiseppe, V E, C. D. Christofferson, K. R. Hair, and F. M. Adams (2018), “A Review and Outlook for the Removal of Radon-Generated Po-210 Surface Contamination,” AIP Conf. Proc. 1921 (1), 070003, arXiv:1712.08167 [physics.ins-det]."
A392,AGOSTINI,Guzowski,2018,1804.00280,,The first ever search for neutrinoless quadruple beta decay,"Guzowski, P (NEMO-3) (2018), “The first ever search for neutrinoless quadruple beta decay,” in Prospects in Neutrino Physics, pp. 154-158, arXiv:1804.00280 [hep-ex]."
A393,AGOSTINI,Gysbers,2019,,,Discrepancy between experimental and theoretical β-decay rates resolved from first principles,"Gysbers, P, et al. (2019), “Discrepancy between experimental and theoretical β-decay rates resolved from first principles,” Nature Phys. 15, 428-431."
A394,AGOSTINI,Ha,2019,1811.09344,,First Direct Search for Inelastic Boosted Dark Matter with COSINE-100,"Ha, C, et al. (COSINE-100) (2019), “First Direct Search for Inelastic Boosted Dark Matter with COSINE-100,” Phys. Rev. Lett. 122 (13), 131802, arXiv:1811.09344 [astro-ph.IM]."
A395,AGOSTINI,Haaranen,2017,,,Spectrumshape method and the next-to-leading-order terms of the β-decay shape factor,"Haaranen, M, J. Kotila, and J. Suhonen (2017), “Spectrumshape method and the next-to-leading-order terms of the β-decay shape factor,” Phys. Rev. C 95, 024327."
A396,AGOSTINI,Haaranen,2016,,,Forbidden nonunique β decays and effective values of weak coupling constants,"Haaranen, M, P. C. Srivastava, and J. Suhonen (2016), “Forbidden nonunique β decays and effective values of weak coupling constants,” Phys. Rev. C 93, 034308."
A397,AGOSTINI,Hagen,2016,,,Structure of 78 Ni from first principles computations,"Hagen, G, G. R. Jansen, and T. Papenbrock (2016), “Structure of 78 Ni from first principles computations,” Phys. Rev. Lett. 117, 172501."
A398,AGOSTINI,Hagen,2022,2201.07298,,Angular-momentum projection in coupled-cluster theory: structure of 34 Mg,"Hagen, G, S. J. Novario, Z. H. Sun, T. Papenbrock, G. R. Jansen, J. G. Lietz, T. Duguet, and A. Tichai (2022), “Angular-momentum projection in coupled-cluster theory: structure of 34 Mg,” arXiv:2201.07298 [nucl-th]."
A399,AGOSTINI,Hagen,2014,,,Coupled-cluster computations of atomic nuclei,"Hagen, G, T. Papenbrock, M. Hjorth-Jensen, and D. J. Dean (2014), “Coupled-cluster computations of atomic nuclei,” Rept. Prog. Phys. 77, 096302."
A400,AGOSTINI,Hall,1984,,,Explicit r-parity breaking in supersymmetric models,"Hall, L J, and M. Suzuki (1984), “Explicit r-parity breaking in supersymmetric models,” Nucl.Phys.B 231, 419-444."
A401,AGOSTINI,Haller,1984,,,Ntd germanium: A novel material for low temperature bolometers,"Haller, E E, N. P. Palaio, M. Rodder, W. L. Hansen, and E. Kreysa (1984), “Ntd germanium: A novel material for low temperature bolometers,” in Neutron Transmutation Doping of Semiconductor Materials, edited by R. D. Larrabee (Springer US, Boston, MA) pp. 21-36."
A402,AGOSTINI,Hanna,1949,,,The β Spectrum of H3 ,"Hanna, G C, and B. Pontecorvo (1949), “The β Spectrum of H3 ,” Phys. Rev. 75, 983-984."
A403,AGOSTINI,Harkins,1915,,,The structure of complex atoms. the hydrogen-helium system. [second paper on atomic structure.],"Harkins, W D, and E. D. Wilson (1915a), “The structure of complex atoms. the hydrogen-helium system. [second paper on atomic structure.],” Journal of the American Chemical Society 37, 1383-1396."
A404,AGOSTINI,Harkins,1915,,,The structure of complex atoms. the hydrogen-helium system. [second paper on atomic structure.],"Harkins, W D, and E. D. Wilson (1915b), “The structure of complex atoms. the hydrogen-helium system. [second paper on atomic structure.],” Proc. Nat. Acad. Sci. USA 1, 276- 283."
A405,AGOSTINI,Harvey,1990,,,Cosmological baryon and lepton number in the presence of electroweak fermion number violation,"Harvey, J A, and M. S. Turner (1990), “Cosmological baryon and lepton number in the presence of electroweak fermion number violation,” Phys. Rev. D 42, 3344-3349."
A406,AGOSTINI,Haxel,1949,,,On the,"Haxel, O, J. H. D. Jensen, and H. E. Suess (1949), “On the ”Magic Numbers” in Nuclear Structure,” Phys. Rev. 75 (11), 1766-1766."
A407,AGOSTINI,Haxton,1984,,,Double beta Decay,"Haxton, W C, and G. J. Stephenson (1984a), “Double beta Decay,” Prog. Part. Nucl. Phys. 12, 409-479."
A408,AGOSTINI,Haxton,1984,,,Double beta Decay,"Haxton, W C, and G. J. Stephenson (1984b), “Double beta Decay,” Prog. Part. Nucl. Phys. 12, 409-479."
A409,AGOSTINI,Hayes,2003,,,Neutrino C-12 scattering in the ab initio shell model with a realistic three body interaction,"Hayes, A C, P. Navrátil, and J. P. Vary (2003), “Neutrino C-12 scattering in the ab initio shell model with a realistic three body interaction,” Phys. Rev. Lett. 91, 012502."
A410,AGOSTINI,Hayes,2000,,,Shell model calculations of neutrino scattering from C-12,"Hayes, A C, and I. S. Towner (2000), “Shell model calculations of neutrino scattering from C-12,” Phys. Rev. C 61, 044603."
A411,AGOSTINI,Hebeler,2015,,,Nuclear forces and their impact on neutron-rich nuclei and neutron-rich matter,"Hebeler, K, J. D. Holt, J. Menendez, and A. Schwenk (2015), “Nuclear forces and their impact on neutron-rich nuclei and neutron-rich matter,” Ann. Rev. Nucl. Part. Sci. 65, 457- 484."
A412,AGOSTINI,Heisenberg,1932,,,Über den bau der atomkerne. i,"Heisenberg, W (1932a), “Über den bau der atomkerne. i,” Zeitschrift für Physik A Hadrons and Nuclei 77, 1-11."
A413,AGOSTINI,Heisenberg,1932,,,Über den bau der atomkerne. ii,"Heisenberg, W (1932b), “Über den bau der atomkerne. ii,” Zeitschrift für Physik A Hadrons and Nuclei 78, 156-164."
A414,AGOSTINI,Heisenberg,1933,,,Über den bau der atomkerne. iii,"Heisenberg, W (1933), “Über den bau der atomkerne. iii,” Zeitschrift für Physik A Hadrons and Nuclei 80, 587-596."
A415,AGOSTINI,Helset,2020,1909.05853,,"Baryon number, lepton number, and operator dimension in the smeft with flavor symmetries","Helset, A, and A. Kobach (2020), “Baryon number, lepton number, and operator dimension in the smeft with flavor symmetries,” Phys.Lett.B 800, 135132, arXiv:1909.05853 [hep-ph]."
A416,AGOSTINI,Henderson,2019,,,Triaxiality in selenium-76,"Henderson, J, et al. (2019), “Triaxiality in selenium-76,” Phys. Rev. C 99, 054313."
A417,AGOSTINI,Hergert,2016,,,The In-Medium Similarity Renormalization Group: A Novel Ab Initio Method for Nuclei,"Hergert, H, S. K. Bogner, T. D. Morris, A. Schwenk, and K. Tsukiyama (2016), “The In-Medium Similarity Renormalization Group: A Novel Ab Initio Method for Nuclei,” Phys. Rept. 621, 165-222."
A418,AGOSTINI,Hernández,2016,1606.06719,,Testable Baryogenesis in Seesaw Models,"Hernández, P, M. Kekic, J. López-Pavón, J. Racker, and J. Salvado (2016), “Testable Baryogenesis in Seesaw Models,” JHEP 08, 157, arXiv:1606.06719 [hep-ph]."
A419,AGOSTINI,Hicks,2022,,,Nuclear structure of Te130 from inelastic neutron scattering and shell model analysis,"Hicks, S F, et al. (2022), “Nuclear structure of Te130 from inelastic neutron scattering and shell model analysis,” Phys. Rev. C 105, 024329."
A420,AGOSTINI,Higashiyama,2020,,,,"Higashiyama, K, K. Yanase, N. Yoshinaga, A. Umeya, and E. Uehara, A. Teruya (2020), J. Phys G."
A421,AGOSTINI,Hinohara,2014,,,Proton-Neutron Pairing Amplitude as a Generator Coordinate for Double-Beta Decay,"Hinohara, N, and J. Engel (2014), “Proton-Neutron Pairing Amplitude as a Generator Coordinate for Double-Beta Decay,” Phys. Rev. C 90, 031301."
A422,AGOSTINI,Hinohara,2022,,,Global calculation of two-neutrino double-β decay within the finite amplitude method in nuclear density functional theory,"Hinohara, Nobuo, and Jonathan Engel (2022), “Global calculation of two-neutrino double-β decay within the finite amplitude method in nuclear density functional theory,” Phys. Rev. C 105, 044314."
A423,AGOSTINI,Hirsch,2000,hep-ph/0004115,,Neutrino masses and mixings from supersymmetry with bilinear r parity violation: A theory for solar and atmospheric neutrino oscillations,"Hirsch, M, M.A. Diaz, W. Porod, J.C. Romao, and J.W.F. Valle (2000a), “Neutrino masses and mixings from supersymmetry with bilinear r parity violation: A theory for solar and atmospheric neutrino oscillations,” Phys.Rev.D 62, 113008, [Erratum: Phys.Rev.D 65, 119901 (2002)], arXiv:hep-ph/0004115."
A424,AGOSTINI,Hirsch,2000,hep-ph/0002264,,Bilinear R-parity violating SUSY: Neutrinoless double beta decay in the light of solar and atmospheric neutrino data,"Hirsch, M, J. C. Romao, and J. W. F. Valle (2000b), “Bilinear R-parity violating SUSY: Neutrinoless double beta decay in the light of solar and atmospheric neutrino data,” Phys. Lett. B 486, 255-262, arXiv:hep-ph/0002264."
A425,AGOSTINI,Hoferichter,2019,,,Nuclear structure factors for general spinindependent WIMP-nucleus scattering,"Hoferichter, M, Philipp Klos, J. Menéndez, and A. Schwenk (2019), “Nuclear structure factors for general spinindependent WIMP-nucleus scattering,” Phys. Rev. D 99, 055031."
A426,AGOSTINI,Hoferichter,2020,,,Coherent elastic neutrino-nucleus scattering: EFT analysis and nuclear responses,"Hoferichter, M, J. Menéndez, and A. Schwenk (2020), “Coherent elastic neutrino-nucleus scattering: EFT analysis and nuclear responses,” Phys. Rev. D 102, 074018, 2007.08529."
A427,AGOSTINI,Holt,2013,,,Effective double-β-decay operator for 76 Ge and 82 Se,"Holt, J D, and J. Engel (2013), “Effective double-β-decay operator for 76 Ge and 82 Se,” Phys. Rev. C 87, 064315."
A428,AGOSTINI,’t Hooft,1976,,,Symmetry breaking through bell-jackiw anomalies,"’t Hooft, G (1976), “Symmetry breaking through bell-jackiw anomalies,” Phys.Rev.Lett. 37, 8-11."
A429,AGOSTINI,Hoppe,2014,,,Reduction of radioactive backgrounds in electroformed copper for ultra-sensitive radiation detectors,"Hoppe, E W, C. E. Aalseth, O. T. Farmer, T. W. Hossbach, M. Liezers, H. S. Miley, N. R. Overman, and J. H. Reeves (2014), “Reduction of radioactive backgrounds in electroformed copper for ultra-sensitive radiation detectors,” Nucl. Instrum. Meth. A 764, 116-121."
A430,AGOSTINI,Horoi,2013,,,Shell-model analysis of the 136 Xe double beta decay nuclear matrix elements,"Horoi, M, and B.A. Brown (2013), “Shell-model analysis of the 136 Xe double beta decay nuclear matrix elements,” Phys. Rev. Lett. 110, 222502."
A431,AGOSTINI,Horoi,2016,,,Analysis of mechanisms that could contribute to neutrinoless double-beta decay,"Horoi, M, and A. Neacsu (2016a), “Analysis of mechanisms that could contribute to neutrinoless double-beta decay,” Phys. Rev. D 93, 113014."
A432,AGOSTINI,Horoi,2016,,,Shell model predictions for 124 Sn double-β decay,"Horoi, M, and A. Neacsu (2016b), “Shell model predictions for 124 Sn double-β decay,” Phys. Rev. C 93, 024308."
A433,AGOSTINI,Horoi,2018,,,Shell model study of using an effective field theory for disentangling several contributions to neutrinoless double-β decay,"Horoi, M, and A. Neacsu (2018), “Shell model study of using an effective field theory for disentangling several contributions to neutrinoless double-β decay,” Phys. Rev. C 98, 035502."
A434,AGOSTINI,Horoi,2022,2203.10577,,A Statistical Analysis for the Neutrinoless Double-Beta Decay Matrix element of 48 Ca,"Horoi, M, A. Neacsu, and S. Stoica (2022), “A Statistical Analysis for the Neutrinoless Double-Beta Decay Matrix element of 48 Ca,” arXiv:2203.10577 [nucl-th]."
A435,AGOSTINI,Hyvarinen,2015,,,Nuclear matrix elements for 0νββ decays with light or heavy Majorananeutrino exchange,"Hyvarinen, J, and J. Suhonen (2015), “Nuclear matrix elements for 0νββ decays with light or heavy Majorananeutrino exchange,” Phys. Rev. C 91, 024613. IAEA, (2015), The Fukushima Daiichi Accident, Non-serial Publications (INTERNATIONAL ATOMIC ENERGY AGENCY, Vienna)."
A436,AGOSTINI,Ianni,2020,,,Considerations on Underground Laboratories,"Ianni, Aldo (2020), “Considerations on Underground Laboratories,” J. Phys. Conf. Ser. 1342 (1), 012003."
A437,AGOSTINI,Ichikawa,2019,,,Interplay between nuclear shell evolution and shape deformation revealed by the magnetic moment of 75 Cu,"Ichikawa, Y, et al. (2019), “Interplay between nuclear shell evolution and shape deformation revealed by the magnetic moment of 75 Cu,” Nature Phys. 15, 321-325."
A438,AGOSTINI,Ichimura,2006,,,"Spin-isospin responses via (p,n) and (n,p) reactions","Ichimura, M, H. Sakai, and T. Wakasa (2006), “Spin-isospin responses via (p,n) and (n,p) reactions,” Prog. Part. Nucl. Phys. 56, 446-531."
A439,AGOSTINI,Inghram,1949,,,On the double beta-process,"Inghram, M G, and J. H. Reynolds (1949), “On the double beta-process,” Phys. Rev. 76, 1265-1266."
A440,AGOSTINI,Inghram,1950,,,Double betadecay of Te-130,"Inghram, M G, and J. H. Reynolds (1950), “Double betadecay of Te-130,” Phys. Rev. 78, 822-823."
A441,AGOSTINI,Irwin,1995,,10.1063/1.113674,An application of electrothermal feedback for high resolution cryogenic particle detection,"Irwin, KD (1995), “An application of electrothermal feedback for high resolution cryogenic particle detection,” Applied Physics Letters 66 (15), 10.1063/1.113674."
A442,AGOSTINI,Irwin,2005,,,Transition-edge sensors,"Irwin, KD, and G.C. Hilton (2005), “Transition-edge sensors,” in Cryogenic Particle Detection, edited by C. Enss (Springer Berlin Heidelberg, Berlin, Heidelberg) pp. 63- 150."
A443,AGOSTINI,Iwata,2016,,,Large-scale shell-model analysis of the neutrinoless ββ decay of 48 Ca,"Iwata, Y, N. Shimizu, T. Otsuka, Y. Utsuno, J. Menéndez, M. Honma, and T. Abe (2016), “Large-scale shell-model analysis of the neutrinoless ββ decay of 48 Ca,” Phys. Rev. Lett. 116 (11), 112502."
A444,AGOSTINI,Iwata,2015,,,Ingredients of nuclear matrix element for two-neutrino double-beta decay of 48Ca,"Iwata, Y, N. Shimizu, Y. Utsuno, M. Honma, T. Abe, and T. Otsuka (2015), “Ingredients of nuclear matrix element for two-neutrino double-beta decay of 48Ca,” JPS Conf. Proc. 6, 030057, 1409.4003."
A445,AGOSTINI,Jansen,2014,,,Ab-initio coupled-cluster effective interactions for the shell model: Application to neutron-rich oxygen and carbon isotopes,"Jansen, G R, J. Engel, G. Hagen, P. Navrátil, and A. Signoracci (2014), “Ab-initio coupled-cluster effective interactions for the shell model: Application to neutron-rich oxygen and carbon isotopes,” Phys. Rev. Lett. 113, 142502."
A446,AGOSTINI,Jiao,2019,,,"The marriage of rotational and vibrational modes in generator-coordinate-type calculations, with application to neutrinoless double-beta decay","Jiao, C, and C. W. Johnson (2019), “The marriage of rotational and vibrational modes in generator-coordinate-type calculations, with application to neutrinoless double-beta decay,” Phys. Rev. C 100, 031303."
A447,AGOSTINI,Jiao,2017,,,Neutrinoless double-beta decay matrix elements in large shell-model spaces with the generator-coordinate method,"Jiao, C F, J. Engel, and J. D. Holt (2017), “Neutrinoless double-beta decay matrix elements in large shell-model spaces with the generator-coordinate method,” Phys. Rev. C 96, 054310."
A448,AGOSTINI,Jiao,2018,,,"Neutrinoless double-β decay of 124Sn, 130Te, and 136Xe in the Hamiltonian-based generator-coordinate method","Jiao, C F, M. Horoi, and A. Neacsu (2018), “Neutrinoless double-β decay of 124Sn, 130Te, and 136Xe in the Hamiltonian-based generator-coordinate method,” Phys. Rev. C 98, 064324."
A449,AGOSTINI,Jokiniemi,2021,2111.12992,,Ab initio calculation of muon capture on 24 Mg,"Jokiniemi, L, T. Miyagi, S. R. Stroberg, J. D. Holt, J. Kotila, and J. Suhonen (2021a), “Ab initio calculation of muon capture on 24 Mg,” arXiv:2111.12992 [nucl-th]."
A450,AGOSTINI,Jokiniemi,2021,,,Impact of the leading-order short-range nuclear matrix element on the neutrinoless double-beta decay of heavy nuclei,"Jokiniemi, L, P. Soriano, and J. Menéndez (2021b), “Impact of the leading-order short-range nuclear matrix element on the neutrinoless double-beta decay of heavy nuclei,” 2107.13354."
A451,AGOSTINI,Jokiniemi,2019,,,Muon-capture strength functions in intermediate nuclei of 0νββ decays,"Jokiniemi, L, and J. Suhonen (2019), “Muon-capture strength functions in intermediate nuclei of 0νββ decays,” Phys. Rev. C 100, 014619."
A452,AGOSTINI,Jokiniemi,2019,,,Pinning down the strength function for ordinary muon capture on 100 Mo,"Jokiniemi, L, J. Suhonen, H. Ejiri, and I. H. Hashim (2019), “Pinning down the strength function for ordinary muon capture on 100 Mo,” Phys. Lett. B 794, 143-147."
A453,AGOSTINI,Jokiniemi,2022,2207.05108,,Neutrinoless ββ-decay nuclear matrix elements from two-neutrino ββ-decay data,"Jokiniemi, Lotta, Beatriz Romeo, Pablo Soriano, and Javier Menéndez (2022), “Neutrinoless ββ-decay nuclear matrix elements from two-neutrino ββ-decay data,” arXiv:2207.05108 [nucl-th]."
A454,AGOSTINI,Jones,2021,2109.05902,,The Dynamics of Ions on Phased Radio-frequency Carpets in High Pressure Gases and Application for Barium Tagging in Xenon Gas Time Projection Chambers,"Jones, B J P, et al. (NEXT) (2021), “The Dynamics of Ions on Phased Radio-frequency Carpets in High Pressure Gases and Application for Barium Tagging in Xenon Gas Time Projection Chambers,” arXiv:2109.05902 [physics.ins-det]."
A455,AGOSTINI,Joshipura,2011,1102.5148,,Fermion Masses in SO(10) Models,"Joshipura, A S, and K. M. Patel (2011), “Fermion Masses in SO(10) Models,” Phys. Rev. D 83, 095002, arXiv:1102.5148 [hep-ph]. JSC Isotope, (last accessed: Sep. 2020a), http://www. isotop.ru/en/view/1653/. JSC Isotope, (last accessed: Sep. 2020b), http://www. isotop.ru/en/view/1658/. JSC Isotope, (last accessed: Sep. 2020c), http://www. isotop.ru/en/view/1667/. JSC Isotope, (last accessed: Sep. 2020d), http://www. isotop.ru/en/view/1308/."
A456,AGOSTINI,Kajantie,1996,hep-lat/9510020,,The Electroweak phase transition: A Nonperturbative analysis,"Kajantie, K, M. Laine, K. Rummukainen, and M. E. Shaposhnikov (1996), “The Electroweak phase transition: A Nonperturbative analysis,” Nucl. Phys. B 466, 189-258, arXiv:hep-lat/9510020."
A457,AGOSTINI,Kajita,2016,,,Nobel Lecture: Discovery of atmospheric neutrino oscillations,"Kajita, Takaaki (2016), “Nobel Lecture: Discovery of atmospheric neutrino oscillations,” Rev. Mod. Phys. 88 (3), 030501."
A458,AGOSTINI,Kalkstein,1952,,,An Investigation of the Double Beta-Decay of Sn-12450,"Kalkstein, M I, and W. F. Libby (1952), “An Investigation of the Double Beta-Decay of Sn-12450,” Phys. Rev. 85, 368-369."
A459,AGOSTINI,Kaptanoglu,2019,1811.11587,,Cherenkov and Scintillation Light Separation Using Wavelength in LAB Based Liquid Scintillator,"Kaptanoglu, T, M. Luo, and J. Klein (2019), “Cherenkov and Scintillation Light Separation Using Wavelength in LAB Based Liquid Scintillator,” JINST 14 (05), T05001, arXiv:1811.11587 [physics.ins-det]."
A460,AGOSTINI,Katayama,1962,,,Possible unified models of elementary particles with two neutrinos,"Katayama, Y, K. Matumoto, S. Tanaka, and E. Yamada (1962), “Possible unified models of elementary particles with two neutrinos,” Prog. Theor. Phys. 28, 675."
A461,AGOSTINI,Keefer,2015,1312.0977,,Laboratory studies on the removal of radon-born lead from KamLAND’s organic liquid scintillator,"Keefer, G, et al. (KamLAND) (2015), “Laboratory studies on the removal of radon-born lead from KamLAND’s organic liquid scintillator,” Nucl. Instrum. Meth. A 769, 79-87, arXiv:1312.0977 [physics.ins-det]."
A462,AGOSTINI,Kishimoto,2018,,,CANDLES for the study of 48 Ca double beta decay and its future prospect,"Kishimoto, T (CANDLES) (2018), “CANDLES for the study of 48 Ca double beta decay and its future prospect,” DBD18 workshop, Waikoloa HI, US."
A463,AGOSTINI,Kishimoto,2015,,,Calcium isotope enrichment by means of multichannel counter-current electrophoresis for the study of particle and nuclear physics,"Kishimoto, T, K. Matsuoka, T. Fukumoto, and S. Umehara (2015), “Calcium isotope enrichment by means of multichannel counter-current electrophoresis for the study of particle and nuclear physics,” PTEP 2015 (3), 033D03."
A464,AGOSTINI,Kitching,2015,1408.7052,,3D Weak Gravitational Lensing of the CMB and Galaxies,"Kitching, T D, A. F. Heavens, and S. Das (2015), “3D Weak Gravitational Lensing of the CMB and Galaxies,” Mon. Not. Roy. Astron. Soc. 449 (2), 2205-2214, arXiv:1408.7052 [astro-ph.CO]."
A465,AGOSTINI,Klapdor-Kleingrothaus,2001,hep-ph/0201231,,Evidence for neutrinoless double beta decay,"Klapdor-Kleingrothaus, H V, A. Dietz, H. L. Harney, and I. V. Krivosheina (2001a), “Evidence for neutrinoless double beta decay,” Mod. Phys. Lett. A 16, 2409-2420, arXiv:hep-ph/0201231."
A466,AGOSTINI,Klapdor-Kleingrothaus,2006,,,The evidence for the observation of 0nu beta beta decay: The identification of 0nu beta beta events from the full spectra,"Klapdor-Kleingrothaus, H V, and I. V. Krivosheina (2006), “The evidence for the observation of 0nu beta beta decay: The identification of 0nu beta beta events from the full spectra,” Mod. Phys. Lett. A 21, 1547-1566."
A467,AGOSTINI,Klapdor-Kleingrothaus,2004,hep-ph/0404088,,Search for neutrinoless double beta decay with enriched Ge-76 in Gran Sasso 1990-2003,"Klapdor-Kleingrothaus, H V, I. V. Krivosheina, A. Dietz, and O. Chkvorets (2004), “Search for neutrinoless double beta decay with enriched Ge-76 in Gran Sasso 1990-2003,” Phys. Lett. B 586, 198-212, arXiv:hep-ph/0404088."
A468,AGOSTINI,Klapdor-Kleingrothaus,2001,hep-ph/0103062,,Latest results from the Heidelberg-Moscow double beta decay experiment,"Klapdor-Kleingrothaus, H V, et al. (2001b), “Latest results from the Heidelberg-Moscow double beta decay experiment,” Eur. Phys. J. A 12, 147-154, arXiv:hep-ph/0103062."
A469,AGOSTINI,Kleemann,2021,,,Majorana parameters of the interacting boson model of nuclear structure and their implication for 0νββ decay,"Kleemann, J, et al. (2021), “Majorana parameters of the interacting boson model of nuclear structure and their implication for 0νββ decay,” Phys. Rev. C 104 (6), L061302."
A470,AGOSTINI,Klein,2017,,,,"Klein, J (2017), personal communication."
A471,AGOSTINI,van Kolck,1994,,,Few nucleon forces from chiral Lagrangians,"van Kolck, U (1994), “Few nucleon forces from chiral Lagrangians,” Phys. Rev. C 49, 2932-2941."
A472,AGOSTINI,Kolhinen,2010,,,Double-beta decay Q value of Nd-150,"Kolhinen, VS, et al. (2010), “Double-beta decay Q value of Nd-150,” Phys. Rev. C 82, 022501."
A473,AGOSTINI,Kortelainen,2007,,,Short-range correlations and neutrinoless double beta decay,"Kortelainen, M, O. Civitarese, J. Suhonen, and J. Toivanen (2007), “Short-range correlations and neutrinoless double beta decay,” Phys. Lett. B 647, 128-132."
A474,AGOSTINI,Kostensalo,2017,,,Electron spectra in forbidden β decays and the quenching of the weak axial-vector coupling constant gA,"Kostensalo, J, M. Haaranen, and J. Suhonen (2017), “Electron spectra in forbidden β decays and the quenching of the weak axial-vector coupling constant gA,” Phys. Rev. C 95, 044313."
A475,AGOSTINI,Kostensalo,2017,,,gA -driven shapes of electron spectra of forbidden β decays in the nuclear shell model,"Kostensalo, J, and J. Suhonen (2017), “gA -driven shapes of electron spectra of forbidden β decays in the nuclear shell model,” Phys. Rev. C 96, 024317."
A476,AGOSTINI,Kostensalo,2020,,,Consistent large-scale shell-model analysis of the two-neutrino ββ and single β branchings in 48 Ca and 96 Zr,"Kostensalo, J, and J. Suhonen (2020), “Consistent large-scale shell-model analysis of the two-neutrino ββ and single β branchings in 48 Ca and 96 Zr,” Phys. Lett. B 802, 135192."
A477,AGOSTINI,Kotila,2016,,,Occupation probabilities of single particle levels using the microscopic interacting boson model: Application to some nuclei of interest in neutrinoless double-β decay,"Kotila, J, and J. Barea (2016), “Occupation probabilities of single particle levels using the microscopic interacting boson model: Application to some nuclei of interest in neutrinoless double-β decay,” Phys. Rev. C 94, 034320."
A478,AGOSTINI,Kotila,2012,,,Phase space factors for double-β decay,"Kotila, J, and F. Iachello (2012a), “Phase space factors for double-β decay,” Phys. Rev. C 85, 034316."
A479,AGOSTINI,Kotila,2012,1209.5722,,Phase space factors for double-β decay,"Kotila, J, and F. Iachello (2012b), “Phase space factors for double-β decay,” Phys. Rev. C 85, 034316, arXiv:1209.5722 [nucl-th]."
A480,AGOSTINI,Kotila,2021,2110.09141,,Long-range neutrinoless double beta decay mechanisms,"Kotila, Jenni, Jacopo Ferretti, and Francesco Iachello (2021), “Long-range neutrinoless double beta decay mechanisms,” arXiv:2110.09141 [hep-ph]."
A481,AGOSTINI,Krebs,2017,,,Nuclear axial current operators to fourth order in chiral effective field theory,"Krebs, H, E. Epelbaum, and U. G. Meißner (2017), “Nuclear axial current operators to fourth order in chiral effective field theory,” Annals Phys. 378, 317-395."
A482,AGOSTINI,Kumar,2020,,,Second-forbidden nonunique β− decays of Na24 and Cl36 assessed by the nuclear shell model,"Kumar, A, P. C. Srivastava, J. Kostensalo, and J. Suhonen (2020), “Second-forbidden nonunique β− decays of Na24 and Cl36 assessed by the nuclear shell model,” Phys. Rev. C 101, 064304, 2007.08122."
A483,AGOSTINI,Kumar,2021,,,"Secondforbidden nonunique β − decays of 59,60 Fe:possible candidates for gA sensitive electron spectral-shape measurements","Kumar, A, P. C. Srivastava, and J. Suhonen (2021), “Secondforbidden nonunique β − decays of 59,60 Fe:possible candidates for gA sensitive electron spectral-shape measurements,” Eur. Phys. J. A 57, 225, 2101.03046."
A484,AGOSTINI,Kuzmin,1985,,,On the Anomalous Electroweak Baryon Number Nonconservation in the Early Universe,"Kuzmin, VA, V.A. Rubakov, and M.E. Shaposhnikov (1985), “On the Anomalous Electroweak Baryon Number Nonconservation in the Early Universe,” Phys. Lett. B 155, 36."
A485,AGOSTINI,Kwiatkowski,2014,1308.3815,,New determination of double-β-decay properties in 48Ca : High-precision Qββ- value measurement and improved nuclear matrix element calculations,"Kwiatkowski, A A, et al. (2014), “New determination of double-β-decay properties in 48Ca : High-precision Qββ- value measurement and improved nuclear matrix element calculations,” Phys. Rev. C89 (4), 045502, arXiv:1308.3815 [nucl-ex]."
A486,AGOSTINI,LaFerriere,2015,,,A novel assay method for the trace determination of Th and U in copper and lead using inductively coupled plasma mass spectrometry,"LaFerriere, B D, T. C. Maiti, I. J. Arnquist, and E. W. Hoppe (2015), “A novel assay method for the trace determination of Th and U in copper and lead using inductively coupled plasma mass spectrometry,” Nucl. Instrum. Meth. A 775, 93-98."
A487,AGOSTINI,Land,2021,2007.14999,,MeV-scale performance of water-based and pure liquid scintillator detectors,"Land, B J, Z. Bagdasarian, J. Caravaca, M. Smiley, M. Yeh, and G. D. Orebi Gann (2021), “MeV-scale performance of water-based and pure liquid scintillator detectors,” Phys. Rev. D 103 (5), 052004, arXiv:2007.14999 [physics.ins-det]."
A488,AGOSTINI,Landau,1957,,,On the conservation laws for weak interactions,"Landau, L D (1957), “On the conservation laws for weak interactions,” Nucl. Phys. 3, 127-131."
A489,AGOSTINI,Lattanzi,2018,1712.07109,,Status of neutrino properties and future prospects - Cosmological and astrophysical constraints,"Lattanzi, M, and M. Gerbino (2018), “Status of neutrino properties and future prospects - Cosmological and astrophysical constraints,” Front. in Phys. 5, 70, arXiv:1712.07109 [astro-ph.CO]."
A490,AGOSTINI,Laubenstein,2017,,,Screening of materials with high purity germanium detectors at the laboratori nazionali del gran sasso,"Laubenstein, M (2017), “Screening of materials with high purity germanium detectors at the laboratori nazionali del gran sasso,” International Journal of Modern Physics A 32, 1743002."
A491,AGOSTINI,Lawson,1951,,,A lower limit on the half-life of Sn-124,"Lawson, J S (1951), “A lower limit on the half-life of Sn-124,” Phys. Rev. 81, 299."
A492,AGOSTINI,Lee,2020,2005.05567,,AMoRE: A search for neutrinoless double-beta decay of 100Mo using low-temperature molybdenum-containing crystal detectors,"Lee, M H (AMoRE) (2020), “AMoRE: A search for neutrinoless double-beta decay of 100Mo using low-temperature molybdenum-containing crystal detectors,” JINST 15 (08), C08010, arXiv:2005.05567 [physics.ins-det]."
A493,AGOSTINI,Lee,1956,,,Question of Parity Conservation in Weak Interactions,"Lee, T D, and C.-N. Yang (1956), “Question of Parity Conservation in Weak Interactions,” Phys. Rev. 104, 254-258."
A494,AGOSTINI,Lee,1957,,,Parity nonconservation and a two-component theory of the neutrino,"Lee, T D, and C. N. Yang (1957), “Parity nonconservation and a two-component theory of the neutrino,” Physical Review (Series I) 105, 1671-1675."
A495,AGOSTINI,Lehman,2014,1410.4193,,Extending the Standard Model Effective Field Theory with the Complete Set of Dimension-7 Operators,"Lehman, Landon (2014), “Extending the Standard Model Effective Field Theory with the Complete Set of Dimension-7 Operators,” Phys. Rev. D 90 (12), 125023, arXiv:1410.4193 [hep-ph]."
A496,AGOSTINI,Lehnert,2016,1606.06616,,Double beta decays into excited states in 110 Pd and 102 Pd,"Lehnert, B, E. Andreotti, D. Degering, M. Hult, M. Laubenstein, T. Wester, and K. Zuber (2016), “Double beta decays into excited states in 110 Pd and 102 Pd,” J. Phys. G 43 (11), 115201, arXiv:1606.06616 [nucl-ex]."
A497,AGOSTINI,Leipunski,1936,,,Determination of the energy distribution of recoil atoms during β decay and the existence of the neutrino,"Leipunski, A I; Rutherford, Lord (1936), “Determination of the energy distribution of recoil atoms during β decay and the existence of the neutrino,” Mathematical Proceedings of the Cambridge Philosophical Society 32, 301."
A498,AGOSTINI,Lenske,2019,,,Heavy ion charge exchange reactions as probes for nuclear β-decay,"Lenske, H, F. Cappuzzello, M. Cavallaro, and M. Colonna (2019), “Heavy ion charge exchange reactions as probes for nuclear β-decay,” Prog. Part. Nucl. Phys. 109, 103716."
A499,AGOSTINI,Leonard,2008,0709.4524,,Systematic study of trace radioactive impurities in candidate construction materials for EXO-200,"Leonard, D S, et al. (2008), “Systematic study of trace radioactive impurities in candidate construction materials for EXO-200,” Nucl. Instrum. Meth. A 591, 490-509, arXiv:0709.4524 [physics.ins-det]."
A500,AGOSTINI,Leonard,2017,1703.10799,,Trace radioactive impurities in final construction materials for EXO-200,"Leonard, D S, et al. (2017), “Trace radioactive impurities in final construction materials for EXO-200,” Nucl. Instrum. Meth. A 871, 169-179, arXiv:1703.10799 [physics.ins-det]."
A501,AGOSTINI,Levine,1950,,,Half-life of double beta-decay,"Levine, C A, A. Ghiorso, and G. T. Seaborg (1950), “Half-life of double beta-decay,” Phys. Rev. 77, 296."
A502,AGOSTINI,Li,2021,2009.01257,,Left-Right Symmetry and Leading Contributions to Neutrinoless Double Beta Decay,"Li, Gang, Michael Ramsey-Musolf, and Juan Carlos Vasquez (2021a), “Left-Right Symmetry and Leading Contributions to Neutrinoless Double Beta Decay,” Phys. Rev. Lett. 126 (15), 151801, arXiv:2009.01257 [hep-ph]."
A503,AGOSTINI,Li,2021,,,Left-Right Symmetry and Leading Contributions to Neutrinoless Double Beta Decay,"Li, Gang, Michael Ramsey-Musolf, and Juan Carlos Vasquez (2021b), “Left-Right Symmetry and Leading Contributions to Neutrinoless Double Beta Decay,” Phys. Rev. Lett. 126, 151801."
A504,AGOSTINI,Li,2021,2007.07899,,Complete set of dimension-nine operators in the standard model effective field theory,"Li, Hao-Lin, Zhe Ren, Ming-Lei Xiao, Jiang-Hao Yu, and Yu- Hui Zheng (2021c), “Complete set of dimension-nine operators in the standard model effective field theory,” Phys. Rev. D 104 (1), 015025, arXiv:2007.07899 [hep-ph]."
A505,AGOSTINI,Liao,2020,2007.08125,,An explicit construction of the dimension-9 operator basis in the standard model effective field theory,"Liao, Yi, and Xiao-Dong Ma (2020), “An explicit construction of the dimension-9 operator basis in the standard model effective field theory,” JHEP 11, 152, arXiv:2007.08125 [hep-ph]."
A506,AGOSTINI,Lincoln,2013,1211.5659,,First direct double-β decay Q-Value measurement of82 Se in support of understanding the nature of the Neutrino,"Lincoln, D L, J. D. Holt, G. Bollen, M. Brodeur, S. Bustabad, J. Engel, S. J. Novario, M. Redshaw, R. Ringle, and S. Schwarz (2013), “First direct double-β decay Q-Value measurement of82 Se in support of understanding the nature of the Neutrino,” Phys. Rev. Lett. 110 (1), 012501, arXiv:1211.5659 [nucl-ex]."
A507,AGOSTINI,Lindner,2016,1604.07419,,Dilepton bounds on left-right symmetry at the LHC run II and neutrinoless double beta decay,"Lindner, Manfred, Farinaldo S. Queiroz, and Werner Rodejohann (2016), “Dilepton bounds on left-right symmetry at the LHC run II and neutrinoless double beta decay,” Phys. Lett. B 762, 190-195, arXiv:1604.07419 [hep-ph]."
A508,AGOSTINI,Lisi,2022,2204.09569,,Majorana neutrino mass constraints in the landscape of nuclear matrix elements,"Lisi, Eligio, and Antonio Marrone (2022), “Majorana neutrino mass constraints in the landscape of nuclear matrix elements,” Phys. Rev. D 106 (1), 013009, arXiv:2204.09569 [hep-ph]."
A509,AGOSTINI,Liu,2019,1905.00354,,Constraints on Spin- Independent Nucleus Scattering with sub-GeV Weakly Interacting Massive Particle Dark Matter from the CDEX- 1B Experiment at the China Jinping Underground Laboratory,"Liu, Z Z, et al. (CDEX) (2019), “Constraints on Spin- Independent Nucleus Scattering with sub-GeV Weakly Interacting Massive Particle Dark Matter from the CDEX- 1B Experiment at the China Jinping Underground Laboratory,” Phys. Rev. Lett. 123 (16), 161301, arXiv:1905.00354 [hep-ex]."
A510,AGOSTINI,Lonardoni,2018,,,Properties of nuclei up to A = 16 using local chiral interactions,"Lonardoni, D, J. Carlson, S. Gandolfi, J. E. Lynn, K. E. Schmidt, A. Schwenk, and X. Wang (2018), “Properties of nuclei up to A = 16 using local chiral interactions,” Phys. Rev. Lett. 120, 122502."
A511,AGOSTINI,López Vaquero,2013,,,Shape and pairing fluctuations effects on neutrinoless double beta decay nuclear matrix elements,"López Vaquero, N, T. R. Rodrı́guez, and J. L. Egido (2013), “Shape and pairing fluctuations effects on neutrinoless double beta decay nuclear matrix elements,” Phys. Rev. Lett. 111, 142501."
A512,AGOSTINI,Maalampi,2013,,,Neutrinoless Double β + / EC Decays,"Maalampi, J, and J. Suhonen (2013), “Neutrinoless Double β + / EC Decays,” Adv. High Energy Phys. 2013, 505874."
A513,AGOSTINI,Maiezza,2010,1005.5160,,Left-right symmetry at lhc,"Maiezza, A, M. Nemevsek, F. Nesti, and G. Senjanovic (2010), “Left-right symmetry at lhc,” Phys.Rev.D 82, 055022, arXiv:1005.5160 [hep-ph]."
A514,AGOSTINI,Majorana,1933,,,Über die kerntheorie,"Majorana, E (1933), “Über die kerntheorie,” Zeitschrift für Physik A Hadrons and Nuclei 82, 137-145."
A515,AGOSTINI,Majorana,1937,,,Teoria simmetrica dell’elettrone e del positrone,"Majorana, E (1937), “Teoria simmetrica dell’elettrone e del positrone,” Nuovo Cim. 14, 171-184."
A516,AGOSTINI,Maki,1962,,,Remarks on the unified model of elementary particles,"Maki, Z, M. Nakagawa, and S. Sakata (1962), “Remarks on the unified model of elementary particles,” Prog. Theor. Phys. 28, 870-880, [,34(1962)]."
A517,AGOSTINI,Mangano,2012,1110.4335,,Updated BBN bounds on the cosmological lepton asymmetry for non-zero θ13 ,"Mangano, G, G. Miele, S. Pastor, O. Pisanti, and S. Sarikas (2012), “Updated BBN bounds on the cosmological lepton asymmetry for non-zero θ13 ,” Phys. Lett. B 708, 1-5, arXiv:1110.4335 [hep-ph]."
A518,AGOSTINI,Marsh,2018,,,Characterization of the shapestaggering effect in mercury nuclei,"Marsh, B A, et al. (2018), “Characterization of the shapestaggering effect in mercury nuclei,” Nature Phys. 14, 1163-1167."
A519,AGOSTINI,Martı́n-Albo,2016,1511.09246,,Sensitivity of NEXT- 100 to Neutrinoless Double Beta Decay,"Martı́n-Albo, J, et al. (NEXT) (2016), “Sensitivity of NEXT- 100 to Neutrinoless Double Beta Decay,” JHEP 05, 159, arXiv:1511.09246 [physics.ins-det]."
A520,AGOSTINI,Martı́nez-Pinedo,1996,nucl-th/9603039,,Effective gA in the pf shell,"Martı́nez-Pinedo, G, A. Poves, E. Caurier, and A. P. Zuker (1996), “Effective gA in the pf shell,” Phys. Rev. C 53, R2602, arXiv:nucl-th/9603039 [nucl-th]."
A521,AGOSTINI,Marx,1953,,,Die wechselwirkung der elementar-teilchen und die erhaltungssätze,"Marx, G (1953), “Die wechselwirkung der elementar-teilchen und die erhaltungssätze,” Acta Physica Academiae Scientiarum Hungaricae 3, 55-58."
A522,AGOSTINI,der Mateosian,1966,,,Limits for lepton-conserving and lepton-nonconserving double beta decay in Ca-48,"der Mateosian, E, and M. Goldhaber (1966), “Limits for lepton-conserving and lepton-nonconserving double beta decay in Ca-48,” Phys. Rev. 146, 810-815."
A523,AGOSTINI,Matsuda,2002,hep-ph/0108202,,How far can the SO(10) two Higgs model describe the observed neutrino masses and mixings?,"Matsuda, K, Y. Koide, T. Fukuyama, and H. Nishiura (2002), “How far can the SO(10) two Higgs model describe the observed neutrino masses and mixings?” Phys. Rev. D 65, 033008, [Erratum: Phys.Rev.D 65, 079904 (2002)], arXiv:hep-ph/0108202."
A524,AGOSTINI,McCarthy,1953,,,Search for double beta-decay in sn124 and zr96 ,"McCarthy, J A (1953), “Search for double beta-decay in sn124 and zr96 ,” Phys. Rev. 90, 853-857."
A525,AGOSTINI,McCarthy,1955,,,Search for double beta decay in ca48 ,"McCarthy, J A (1955), “Search for double beta decay in ca48 ,” Phys. Rev. 97, 1234-1236."
A526,AGOSTINI,McDonald,2018,1711.04782,,Demonstration of Single Barium Ion Sensitivity for Neutrinoless Double Beta Decay using Single Molecule Fluorescence Imaging,"McDonald, A D, et al. (2018), “Demonstration of Single Barium Ion Sensitivity for Neutrinoless Double Beta Decay using Single Molecule Fluorescence Imaging,” Phys. Rev. Lett. 120 (13), 132504, arXiv:1711.04782 [physics.ins-det]."
A527,AGOSTINI,McDonald,2016,,,Nobel Lecture: The Sudbury Neutrino Observatory: Observation of flavor change for solar neutrinos,"McDonald, Arthur B (2016), “Nobel Lecture: The Sudbury Neutrino Observatory: Observation of flavor change for solar neutrinos,” Rev. Mod. Phys. 88 (3), 030502."
A528,AGOSTINI,Mei,2006,astro-ph/0512125,,Muon-induced background study for underground laboratories,"Mei, D, and A. Hime (2006), “Muon-induced background study for underground laboratories,” Phys. Rev. D 73, 053004, arXiv:astro-ph/0512125."
A529,AGOSTINI,Mei,2020,2010.09226,,Topmetal CMOS direct charge sensing plane for neutrinoless double-beta decay search in high-pressure gaseous TPC,"Mei, Y, X. Sun, and N. Xu (2020), “Topmetal CMOS direct charge sensing plane for neutrinoless double-beta decay search in high-pressure gaseous TPC,” arXiv:2010.09226 [physics.ins-det]."
A530,AGOSTINI,Meija,2016,,,Isotopic compositions of the elements 2013 (iupac technical report),"Meija, Juris, Tyler B. Coplen, Michael Berglund, Willi A. Brand, Paul De Bièvre, Manfred Gröning, Norman E. Holden, Johanna Irrgeher, Robert D. Loss, Thomas Walczyk, and Thomas Prohaska (2016), “Isotopic compositions of the elements 2013 (iupac technical report),” Pure and Applied Chemistry 88 (3), 293-306."
A531,AGOSTINI,Meitner,1930,,,Über eine absolute bestimmung der energie der primären β-strahlen von radium e,"Meitner, L, and W. Orthmann (1930), “Über eine absolute bestimmung der energie der primären β-strahlen von radium e,” Zeitschrift für Physik A Hadrons and Nuclei 60, 143-155."
A532,AGOSTINI,Menéndez,2018,,,Neutrinoless ββ decay mediated by the exchange of light and heavy neutrinos: The role of nuclear structure correlations,"Menéndez, J (2018), “Neutrinoless ββ decay mediated by the exchange of light and heavy neutrinos: The role of nuclear structure correlations,” J. Phys. G 45, 014003."
A533,AGOSTINI,Menéndez,2011,,,Chiral twobody currents in nuclei: Gamow-teller transitions and neutrinoless double-beta decay,"Menéndez, J, D. Gazit, and A. Schwenk (2011), “Chiral twobody currents in nuclei: Gamow-teller transitions and neutrinoless double-beta decay,” Phys. Rev. Lett. 107, 062501."
A534,AGOSTINI,Menéndez,2016,,,Testing the importance of collective correlations in neutrinoless ββ decay,"Menéndez, J, N. Hinohara, J. Engel, G. Martı́nez-Pinedo, and T. R. Rodréguez (2016), “Testing the importance of collective correlations in neutrinoless ββ decay,” Phys. Rev. C 93, 014305."
A535,AGOSTINI,Menéndez,2009,,,Deformation and the nuclear matrix elements of the neutrinoless ββ decay,"Menéndez, J, A. Poves, E. Caurier, and F. Nowacki (2009a), “Deformation and the nuclear matrix elements of the neutrinoless ββ decay,” Proceedings, International School of Physics ”Enrico Fermi”, 170th Course, ”Measurements of Neutrino Mass”: Varenna, Italy, June 17-27, 2008, Proc. Int. Sch. Phys. Fermi 170, 163-174."
A536,AGOSTINI,Menéndez,2009,,,Disassembling the Nuclear Matrix Elements of the Neutrinoless beta beta Decay,"Menéndez, J, A. Poves, E. Caurier, and F. Nowacki (2009b), “Disassembling the Nuclear Matrix Elements of the Neutrinoless beta beta Decay,” Nucl. Phys. A818, 139-151."
A537,AGOSTINI,Menéndez,2009,,,"Occupancies of individual orbits, and the nuclear matrix element of the 76 Ge neutrinoless ββ decay","Menéndez, J, A. Poves, E. Caurier, and F. Nowacki (2009), “Occupancies of individual orbits, and the nuclear matrix element of the 76 Ge neutrinoless ββ decay,” Phys. Rev. C 80, 048501."
A538,AGOSTINI,Menéndez,2011,,,Novel Nuclear Structure Aspects of the 0νββ - Decay,"Menéndez, J, A. Poves, E. Caurier, and F. Nowacki (2011), “Novel Nuclear Structure Aspects of the 0νββ - Decay,” New quests in nuclear structure. Proceedings, 10th International Spring Seminar on Nuclear Physics, Vietri sul Mare, Italy, May 21-25, 2010, J. Phys. Conf. Ser. 267, 012058."
A539,AGOSTINI,Menéndez,2014,,,Correlations and neutrinoless ββ decay nuclear matrix elements of pf -shell nuclei,"Menéndez, J, T. R. Rodrı́guez, G. Martı́nez-Pinedo, and A. Poves (2014), “Correlations and neutrinoless ββ decay nuclear matrix elements of pf -shell nuclei,” Phys. Rev. C 90, 024311."
A540,AGOSTINI,Minkowski,1977,,,µ → eγ at a rate of one out of 109 muon decays?,"Minkowski, P (1977), “µ → eγ at a rate of one out of 109 muon decays?” Phys.Lett.B 67, 421-428."
A541,AGOSTINI,Mitra,2012,1108.0004,,Neutrinoless double beta decay and heavy sterile neutrinos,"Mitra, M, G. Senjanovic, and F. Vissani (2012), “Neutrinoless double beta decay and heavy sterile neutrinos,” Nucl.Phys.B 856, 26-73, arXiv:1108.0004 [hep-ph]."
A542,AGOSTINI,Moe,1991,,,New approach to the detection of neutrinoless double beta decay,"Moe, M K (1991a), “New approach to the detection of neutrinoless double beta decay,” Phys. Rev. C44, 931-934, [,1019(1991)]."
A543,AGOSTINI,Moe,1991,,,New approach to the detection of neutrinoless double beta decay,"Moe, M K (1991b), “New approach to the detection of neutrinoless double beta decay,” Phys. Rev. C 44, 931-934."
A544,AGOSTINI,Mohapatra,1980,,,Neutrino mass and spontaneous parity nonconservation,"Mohapatra, R N, and G. Senjanovic (1980), “Neutrino mass and spontaneous parity nonconservation,” Phys.Rev.Lett. 44, 912."
A545,AGOSTINI,Monrabal,2018,1804.02409,,The Next White (NEW) Detector,"Monrabal, F, et al. (NEXT) (2018), “The Next White (NEW) Detector,” JINST 13 (12), P12010, arXiv:1804.02409 [physics.ins-det]."
A546,AGOSTINI,Moore,2012,1203.4549,,Position and energy-resolved particle detection using phonon-mediated microwave kinetic inductance detectors,"Moore, D C, S. R. Golwala, B. Bumble, B. Cornell, P. K. Day, H. G. LeDuc, and J. Zmuidzinas (2012), “Position and energy-resolved particle detection using phonon-mediated microwave kinetic inductance detectors,” Appl. Phys. Lett. 100, 232601, arXiv:1203.4549 [astro-ph.IM]."
A547,AGOSTINI,Morris,2018,,,Structure of the lightest tin isotopes,"Morris, T D, J. Simonis, S. R. Stroberg, C. Stumpf, G. Hagen, J. D. Holt, G. R. Jansen, T. Papenbrock, R. Roth, and A. Schwenk (2018), “Structure of the lightest tin isotopes,” Phys. Rev. Lett. 120, 152503."
A548,AGOSTINI,Morrison,2020,,,Quadrupole deformation of 130 Xe measured in a Coulomb-excitation experiment,"Morrison, L, et al. (2020), “Quadrupole deformation of 130 Xe measured in a Coulomb-excitation experiment,” Phys. Rev. C 102, 054304."
A549,AGOSTINI,Mount,2010,,,Doublebeta-decay Q values of Se-74 and Ge-76,"Mount, B J, M. Redshaw, and E. G. Myers (2010), “Doublebeta-decay Q values of Se-74 and Ge-76,” Phys. Rev. C81, 032501."
A550,AGOSTINI,Mustonen,2013,,,"Large-scale calculations of the double-β decay of 76 Ge,130 T e,136 Xe, and N d in the deformed self-consistent Skyrme quasiparticle random-phase approximation","Mustonen, M T, and J. Engel (2013), “Large-scale calculations of the double-β decay of 76 Ge,130 T e,136 Xe, and N d in the deformed self-consistent Skyrme quasiparticle random-phase approximation,” Phys. Rev. C 87, 064302."
A551,AGOSTINI,Muto,1994,,,Neutrinoless double beta decay beyond closure approximation,"Muto, K (1994), “Neutrinoless double beta decay beyond closure approximation,” Nucl. Phys. A 577, 415C-420C."
A552,AGOSTINI,Nakamura,2001,,,Neutrino reactions on the deuteron,"Nakamura, S, T. Sato, Vladimir P. Gudkov, and K. Kubodera (2001), “Neutrino reactions on the deuteron,” Phys. Rev. C 63, 034617."
A553,AGOSTINI,Navrátil,2016,,,Unified ab initio approaches to nuclear structure and reactions,"Navrátil, P, S. Quaglioni, G. Hupin, C. Romero-Redondo, and A. Calci (2016), “Unified ab initio approaches to nuclear structure and reactions,” Phys. Scripta 91, 053002."
A554,AGOSTINI,Neacsu,2015,,,Shell model studies of the T e neutrinoless double-beta decay,"Neacsu, A, and M. Horoi (2015), “Shell model studies of the T e neutrinoless double-beta decay,” Phys. Rev. C 91, 024309."
A555,AGOSTINI,Nemevsek,2013,1211.2837,,Connecting Dirac and Majorana Neutrino Mass Matrices in the Minimal Left-Right Symmetric Model,"Nemevsek, Miha, Goran Senjanovic, and Vladimir Tello (2013), “Connecting Dirac and Majorana Neutrino Mass Matrices in the Minimal Left-Right Symmetric Model,” Phys. Rev. Lett. 110 (15), 151802, arXiv:1211.2837 [hep-ph]."
A556,AGOSTINI,Neufcourt,2019,,,Neutron drip line in the Ca region from Bayesian model averaging,"Neufcourt, L, Y. Cao, W. Nazarewicz, E. Olsen, and F. Viens (2019), “Neutron drip line in the Ca region from Bayesian model averaging,” Phys. Rev. Lett. 122, 062502."
A557,AGOSTINI,Neuhauser,1980,,,Localized visible Ba+ mono-ion oscillator,"Neuhauser, W, M. Hohenstatt, P. E. Toschek, and H. Dehmelt (1980), “Localized visible Ba+ mono-ion oscillator,” Phys. Rev. A 22 (3), 1137-1140."
A558,AGOSTINI,von Neumann-Cosel,1998,,,Magnetic dipole response in nuclei at the N =28 shell closure: a new look,"von Neumann-Cosel, P, A. Poves, J. Retamosa, and A. Richter (1998), “Magnetic dipole response in nuclei at the N =28 shell closure: a new look,” Phys. Lett. B 443, 1-6."
A559,AGOSTINI,Ney,2022,,,Two-body weak currents in heavy nuclei,"Ney, E M, J. Engel, and N. Schunck (2022), “Two-body weak currents in heavy nuclei,” Phys. Rev. C 105, 034349."
A560,AGOSTINI,Nilles,1997,hep-ph/9606388,,"Supersymmetric neutrino masses, r symmetries, and the generalized µ problem","Nilles, H-P, and N. Polonsky (1997), “Supersymmetric neutrino masses, r symmetries, and the generalized µ problem,” Nucl.Phys.B 484, 33-62, arXiv:hep-ph/9606388."
A561,AGOSTINI,Nisi,2017,,,ICP- MS measurement of natural radioactivity at LNGS,"Nisi, S, L. Copia, I. Dafinei, and M. L. Di Vacri (2017), “ICP- MS measurement of natural radioactivity at LNGS,” Int. J. Mod. Phys. A 32 (30), 1743003."
A562,AGOSTINI,Nomura,2022,,,Two-neutrino double-β decay in the mapped interacting boson model,"Nomura, Kosuke (2022), “Two-neutrino double-β decay in the mapped interacting boson model,” Phys. Rev. C 105, 044301."
A563,AGOSTINI,Nones,2021,,,Bingo,"Nones, C (2021), “Bingo,” Presentation at TAUP 2021."
A564,AGOSTINI,Novario,2021,2008.09696,,Coupled-Cluster Calculations of Neutrinoless Double-β Decay in 48 Ca,"Novario, S, P. Gysbers, J. Engel, G. Hagen, G. R. Jansen, T. D. Morris, P. Navrátil, T. Papenbrock, and S. Quaglioni (2021), “Coupled-Cluster Calculations of Neutrinoless Double-β Decay in 48 Ca,” Phys. Rev. Lett. 126, 182502, arXiv:2008.09696. NSAC NLDBD Subcommittee, (2014), “Report to the nuclear science advisory committee,” https: //science.osti.gov/-/media/np/nsac/pdf/docs/2014/ NLDBD_Report_2014_Final.pdf. NSAC NLDBD Subcommittee, (2015), “Report to the nuclear science advisory committee,” https: //science.osti.gov/-/media/np/nsac/pdf/docs/2016/ NLDBD_Report_2015_Final_Nov18.pdf."
A565,AGOSTINI,Nygren,2009,,,High-pressure xenon gas electroluminescent TPC for 0nu beta beta-decay search,"Nygren, D (2009), “High-pressure xenon gas electroluminescent TPC for 0nu beta beta-decay search,” Nucl. Instrum. Meth. A 603, 337-348."
A566,AGOSTINI,Nygren,1974,,,The Time Projection Chamber: A New 4 pi Detector for Charged Particles,"Nygren, D R (1974), “The Time Projection Chamber: A New 4 pi Detector for Charged Particles,” eConf C740805, 58."
A567,AGOSTINI,Nygren,2018,1801.04513,,Neutrinoless Double Beta Decay with 82 SeF6 and Direct Ion Imaging,"Nygren, D R, B. J. P. Jones, N. López-March, Y. Mei, F. Psihas, and J. Renner (2018), “Neutrinoless Double Beta Decay with 82 SeF6 and Direct Ion Imaging,” JINST 13 (03), P03015, arXiv:1801.04513 [physics.ins-det]."
A568,AGOSTINI,Nzobadila Ondze,2021,,,"Investigation of paircorrelated 0+ states in 134 Ba via the 136 Ba(p, t) reaction","Nzobadila Ondze, J C, et al. (2021), “Investigation of paircorrelated 0+ states in 134 Ba via the 136 Ba(p, t) reaction,” Phys. Rev. C 103, 034329."
A569,AGOSTINI,Obara,2020,1909.09343,,AXEL: High-pressure Xe gas TPC for BG-free 0ν2β decay search,"Obara, S, et al. (2020), “AXEL: High-pressure Xe gas TPC for BG-free 0ν2β decay search,” Nucl. Instrum. Meth. A 958, 162803, arXiv:1909.09343 [physics.ins-det]."
A570,AGOSTINI,Ohlsson,2021,2107.08771,,Flavor symmetries in the Yukawa sector of non-supersymmetric SO(10): numerical fits using renormalization group running,"Ohlsson, T, and M. Pernow (2021), “Flavor symmetries in the Yukawa sector of non-supersymmetric SO(10): numerical fits using renormalization group running,” JHEP 09, 111, arXiv:2107.08771 [hep-ph]."
A571,AGOSTINI,Otsuka,1978,,,Nuclear shell model and interacting bosons,"Otsuka, T, A. Arima, and F. Iachello (1978), “Nuclear shell model and interacting bosons,” Nucl. Phys. A 309, 1-33."
A572,AGOSTINI,Otsuka,2016,,,The role of shell evolution in shape coexistence,"Otsuka, T, and Y. Tsunoda (2016), “The role of shell evolution in shape coexistence,” J. Phys. G 43, 024009."
A573,AGOSTINI,Otsuka,2020,,,Evolution of shell structure in exotic nuclei,"Otsuka, Takaharu, Alexandra Gade, Olivier Sorlin, Toshio Suzuki, and Yutaka Utsuno (2020), “Evolution of shell structure in exotic nuclei,” Rev. Mod. Phys. 92, 015002."
A574,AGOSTINI,Palaio,1983,,,Neutron-transmutation-doped germanium bolometers,"Palaio, N P, M. Rodder, E. E. Haller, and E. Kreysa (1983), “Neutron-transmutation-doped germanium bolometers,” Int. J. Infrared Milli. Waves 4 (6), 933-943."
A575,AGOSTINI,Palanque-Delabrouille,2020,1911.09073,,"Hints, neutrino bounds and WDM constraints from SDSS DR14 Lyman-α and Planck full-survey data","Palanque-Delabrouille, N, C. Yèche, N. Schöneberg, J. Lesgourgues, M. Walther, S. Chabanier, and E. Armengaud (2020), “Hints, neutrino bounds and WDM constraints from SDSS DR14 Lyman-α and Planck full-survey data,” JCAP 04, 038, arXiv:1911.09073 [astro-ph.CO]."
A576,AGOSTINI,Park,2003,,,Parameter free effective field theory calculation for the solar proton fusion and hep processes,"Park, T S, L. E. Marcucci, R. Schiavilla, M. Viviani, A. Kievsky, S. Rosati, K. Kubodera, D. P. Min, and M. Rho (2003), “Parameter free effective field theory calculation for the solar proton fusion and hep processes,” Phys. Rev. C 67, 055206."
A577,AGOSTINI,Pas,1999,,,Towards a superformula for neutrinoless double beta decay,"Pas, H, M. Hirsch, H. V. Klapdor-Kleingrothaus, and S. G. Kovalenko (1999), “Towards a superformula for neutrinoless double beta decay,” Phys. Lett. B 453, 194-198."
A578,AGOSTINI,Pas,2001,,,A Superformula for neutrinoless double beta decay. 2. The Short range part,"Pas, H, M. Hirsch, H. V. Klapdor-Kleingrothaus, and S. G. Kovalenko (2001), “A Superformula for neutrinoless double beta decay. 2. The Short range part,” Phys. Lett. B 498, 35-39."
A579,AGOSTINI,Päs,2015,1507.00170,,Neutrinoless Double Beta Decay,"Päs, H, and W. Rodejohann (2015), “Neutrinoless Double Beta Decay,” New J. Phys. 17 (11), 115010, arXiv:1507.00170 [hep-ph]."
A580,AGOSTINI,Pastore,2018,,,Quantum Monte Carlo calculations of weak transitions in A = 6-10 nuclei,"Pastore, S, A. Baroni, J. Carlson, S. Gandolfi, S. C. Pieper, R. Schiavilla, and R. B. Wiringa (2018a), “Quantum Monte Carlo calculations of weak transitions in A = 6-10 nuclei,” Phys. Rev. C 97 (2), 022501."
A581,AGOSTINI,Pastore,2018,,,Neutrinoless double-β decay matrix elements in light nuclei,"Pastore, S, J. Carlson, V. Cirigliano, W. Dekens, E. Mereghetti, and R. B. Wiringa (2018b), “Neutrinoless double-β decay matrix elements in light nuclei,” Phys. Rev. C 97, 014606."
A582,AGOSTINI,Pati,1974,,,Lepton number as the fourth color,"Pati, J C, and A. Salam (1974), “Lepton number as the fourth color,” Phys.Rev.D 10, 275-289, [Erratum: Phys.Rev.D 11, 703-703 (1975)]."
A583,AGOSTINI,Patterson,2015,1506.07917,,Prospects for Measurement of the Neutrino Mass Hierarchy,"Patterson, R B (2015), “Prospects for Measurement of the Neutrino Mass Hierarchy,” Ann. Rev. Nucl. Part. Sci. 65, 177-192, arXiv:1506.07917 [hep-ex]."
A584,AGOSTINI,Pauli,1930,,,Dear radioactive ladies and gentlemen,"Pauli, W (1930), “Dear radioactive ladies and gentlemen,” published in Phys. Today 31N9, 27 (1978), letter to L. Meitner."
A585,AGOSTINI,Pearce,1952,,,Double beta-decay of sn124 ,"Pearce, R M, and E. K. Darby (1952), “Double beta-decay of sn124 ,” Phys. Rev. 86, 1049-1050."
A586,AGOSTINI,Petcov,2013,1303.5819,,The Nature of Massive Neutrinos,"Petcov, S T (2013), “The Nature of Massive Neutrinos,” Adv. High Energy Phys. 2013, 852987, arXiv:1303.5819 [hep-ph]."
A587,AGOSTINI,Piquemal,2006,,,The SuperNEMO project,"Piquemal, F (NEMO) (2006), “The SuperNEMO project,” Phys. Atom. Nucl. 69, 2096-2100."
A588,AGOSTINI,Pirinen,2015,,,Systematic approach to β and 2νββ decays of mass A =100-136 nuclei,"Pirinen, P, and J. Suhonen (2015), “Systematic approach to β and 2νββ decays of mass A =100-136 nuclei,” Phys. Rev. C 91, 054309."
A589,AGOSTINI,Pisanti,2020,,,Improved nuclear reaction network for a reliable estimate of primordial Deuterium yield,"Pisanti, O (2020), “Improved nuclear reaction network for a reliable estimate of primordial Deuterium yield,” J. Phys. Conf. Ser. 1468 (1), 012010."
A590,AGOSTINI,Poda,2017,1711.01075,,Low background techniques in bolometers for double-beta decay search,"Poda, Denys, and Andrea Giuliani (2017), “Low background techniques in bolometers for double-beta decay search,” Int. J. Mod. Phys. A 32 (30), 1743012, arXiv:1711.01075 [physics.ins-det]."
A591,AGOSTINI,Pontecorvo,1947,,,Nuclear capture of mesons and the meson decay,"Pontecorvo, B (1947), “Nuclear capture of mesons and the meson decay,” Phys. Rev. 72, 246."
A592,AGOSTINI,Pontecorvo,1957,,,Inverse beta processes and nonconservation of lepton charge,"Pontecorvo, B (1957a), “Inverse beta processes and nonconservation of lepton charge,” Zh. Eksp. Teor. Fiz. 34, 247."
A593,AGOSTINI,Pontecorvo,1957,,,Mesonium and anti-mesonium,"Pontecorvo, B (1957b), “Mesonium and anti-mesonium,” Sov. Phys. JETP 6, 429, [Zh. Eksp. Teor. Fiz.33,549(1957)]."
A594,AGOSTINI,Pontecorvo,1967,,,Neutrino Experiments and the Problem of Conservation of Leptonic Charge,"Pontecorvo, B (1967), “Neutrino Experiments and the Problem of Conservation of Leptonic Charge,” Zh. Eksp. Teor. Fiz. 53, 1717-1725."
A595,AGOSTINI,Pontecorvo,1968,,,Superweak interactions and double beta decay,"Pontecorvo, B (1968), “Superweak interactions and double beta decay,” Physics Letters B 26, 630-632."
A596,AGOSTINI,Poves,2017,,,Shell model spectroscopy far from stability,"Poves, A (2017), “Shell model spectroscopy far from stability,” J. Phys. G 44, 084002."
A597,AGOSTINI,Poves,1995,,,Double beta decay of 48 Ca revisited,"Poves, A, R. P. Bahukutumbi, K. Langanke, and P. Vogel (1995), “Double beta decay of 48 Ca revisited,” Phys. Lett. B 361, 1-4."
A598,AGOSTINI,Povinec,2017,,,Background constrains of the SuperNEMO experiment for neutrinoless double beta-decay searches,"Povinec, P P (SuperNEMO) (2017), “Background constrains of the SuperNEMO experiment for neutrinoless double beta-decay searches,” Nucl. Instrum. Meth. A 845, 398- 403."
A599,AGOSTINI,Prezeau,2003,,,Neutrinoless double beta decay and effective field theory,"Prezeau, G, M. Ramsey-Musolf, and P. Vogel (2003), “Neutrinoless double beta decay and effective field theory,” Phys. Rev. D 68, 034016."
A600,AGOSTINI,Primakoff,1959,,,Double beta decay,"Primakoff, H, and S. P. Rosen (1959), “Double beta decay,” Rept. Prog. Phys. 22 (1), 121-166."
A601,AGOSTINI,Primakoff,1969,,,Nuclear double-beta decay and a new limit on lepton nonconservation,"Primakoff, H, and S. P. Rosen (1969), “Nuclear double-beta decay and a new limit on lepton nonconservation,” Phys. Rev. 184, 1925-1933."
A602,AGOSTINI,Prout,1816,,,Correction of a mistake in the essay on the relation between the specific gravities of bodies in their gaseous state and the weights of their atoms,"Prout, W (1816), “Correction of a mistake in the essay on the relation between the specific gravities of bodies in their gaseous state and the weights of their atoms,” Annals of philosophy 7 (1816), 111-113."
A603,AGOSTINI,Puppi,1948,,,On Mesons in Cosmic Radiation. (In Italian),"Puppi, G (1948), “On Mesons in Cosmic Radiation. (In Italian),” Meeting of the Italian School of Physics and Weak Interactions Bologna, Italy, April 26-28, 1984, Nuovo Cim. 5, 587-588, [,590(1948)]."
A604,AGOSTINI,Racah,1937,,,On the symmetry of particle and antiparticle,"Racah, G (1937), “On the symmetry of particle and antiparticle,” Nuovo Cim. 14, 322-328."
A605,AGOSTINI,Rahaman,2008,0712.3337,,Q value of the Mo-100 Double- Beta Decay,"Rahaman, S, et al. (2008), “Q value of the Mo-100 Double- Beta Decay,” Phys. Lett. B662, 111-116, arXiv:0712.3337 [nucl-ex]."
A606,AGOSTINI,Rahaman,2011,,,Doublebeta decay Q values of 116 Cd and 130 Te,"Rahaman, S. and Elomaa, V. V. and Eronen, T. and Hakala, J. and Jokinen, A. and Kankainen, A. and Rissanen, J. and Suhonen, J. and Weber, C. and Äystö, J., (2011), “Doublebeta decay Q values of 116 Cd and 130 Te,” Phys. Lett. B703, 412-416."
A607,AGOSTINI,Rebeiro,2020,2002.02987,,"Benchmarking 136 Xe Neutrinoless ββ Decay Matrix Element Calculations with the Ba(p, t) Reaction","Rebeiro, B M, et al. (2020), “Benchmarking 136 Xe Neutrinoless ββ Decay Matrix Element Calculations with the Ba(p, t) Reaction,” arXiv:2002.02987."
A608,AGOSTINI,Rebeiro,2021,,,"Spectroscopy of states in 136 Ba using the 138 Ba(p, t) reaction","Rebeiro, B M, et al. (2021), “Spectroscopy of states in 136 Ba using the 138 Ba(p, t) reaction,” Phys. Rev. C 104, 034309."
A609,AGOSTINI,Redshaw,2009,0902.2139,,Masses of Te-130 and Xe-130 and Double-beta- Decay Q Value of Te-130,"Redshaw, M, B. J. Mount, E. G. Myers, and F. T. Avignone, III (2009), “Masses of Te-130 and Xe-130 and Double-beta- Decay Q Value of Te-130,” Phys. Rev. Lett. 102, 212502, arXiv:0902.2139 [nucl-ex]."
A610,AGOSTINI,Redshaw,2007,,,Mass and double-beta-decay Q value of Xe-136,"Redshaw, M, E. Wingfield, J. McDaniel, and E. G. Myers (2007), “Mass and double-beta-decay Q value of Xe-136,” Phys. Rev. Lett. 98, 053003."
A611,AGOSTINI,Reines,1953,,,Detection of the free neutrino,"Reines, F, and C. L. Cowan (1953), “Detection of the free neutrino,” Phys. Rev. 92, 830-831."
A612,AGOSTINI,Renner,2019,1905.13110,,Energy calibration of the NEXT-White detector with 1% resolution near Qββ of136 Xe,"Renner, J, et al. (NEXT) (2019), “Energy calibration of the NEXT-White detector with 1% resolution near Qββ of136 Xe,” JHEP 10, 230, arXiv:1905.13110 [physics.insdet]."
A613,AGOSTINI,Richardson,2021,,,Large-Nc analysis of two-nucleon neutrinoless double-β decay and chargeindependence-breaking contact terms,"Richardson, Thomas R, Matthias R. Schindler, Saori Pastore, and Roxanne P. Springer (2021), “Large-Nc analysis of two-nucleon neutrinoless double-β decay and chargeindependence-breaking contact terms,” Phys. Rev. C 103, 055501."
A614,AGOSTINI,Ritz,2014,,,Building for Discovery: Strategic Plan for U.S. Particle Physics in the Global Context,"Ritz, S, et al. (HEPAP Subcommittee) (2014), “Building for Discovery: Strategic Plan for U.S. Particle Physics in the Global Context,” ."
A615,AGOSTINI,Rivilla,2020,,,Fluorescent bicolour sensor for lowbackground neutrinoless double β decay experiments,"Rivilla, I, et al. (2020), “Fluorescent bicolour sensor for lowbackground neutrinoless double β decay experiments,” Nature 583 (7814), 48-54."
A616,AGOSTINI,Roberts,2013,,,Proton pair correlations and the neutrinoless double-β decay of 76 Ge,"Roberts, A, et al. (2013), “Proton pair correlations and the neutrinoless double-β decay of 76 Ge,” Phys. Rev. C 87, 051305."
A617,AGOSTINI,Robledo,2019,,,Mean field and beyond description of nuclear structure with the Gogny force: A review,"Robledo, L M, T. R. Rodrı́guez, and R. R. Rodrı́guez- Guzmán (2019), “Mean field and beyond description of nuclear structure with the Gogny force: A review,” J. Phys. G 46, 013001."
A618,AGOSTINI,Roca-Maza,2019,1907.06368,,Double charge-exchange phonon states,"Roca-Maza, X, H. Sagawa, and G. Colo’ (2019), “Double charge-exchange phonon states,” arXiv:1907.06368."
A619,AGOSTINI,Rodejohann,2011,1106.1334,,Neutrino-less Double Beta Decay and Particle Physics,"Rodejohann, W (2011), “Neutrino-less Double Beta Decay and Particle Physics,” Int. J. Mod. Phys. E 20, 1833-1930, arXiv:1106.1334 [hep-ph]."
A620,AGOSTINI,Rodejohann,2012,1206.2560,,Neutrinoless double beta decay and neutrino physics,"Rodejohann, W (2012), “Neutrinoless double beta decay and neutrino physics,” J. Phys. G 39, 124008, arXiv:1206.2560 [hep-ph]."
A621,AGOSTINI,Rodin,2003,,,On the uncertainty in the 0 nu beta beta decay nuclear matrix elements,"Rodin, V A, A. Faessler, F. Šimkovic, and P. Vogel (2003), “On the uncertainty in the 0 nu beta beta decay nuclear matrix elements,” Phys. Rev. C 68, 044302."
A622,AGOSTINI,Rodin,2006,,,Assessment of uncertainties in QRPA 0νββ-decay nuclear matrix elements,"Rodin, V A, A. Faessler, F. Šimkovic, and P. Vogel (2006), “Assessment of uncertainties in QRPA 0νββ-decay nuclear matrix elements,” Nucl. Phys. A 766, 107-131."
A623,AGOSTINI,Rodriguez,2010,,,Energy density functional study of nuclear matrix elements for neutrinoless ββ decay,"Rodriguez, T R, and G. Martinez-Pinedo (2010), “Energy density functional study of nuclear matrix elements for neutrinoless ββ decay,” Phys. Rev. Lett. 105, 252503."
A624,AGOSTINI,Rodriguez,2013,,,Neutrinoless ββ decay nuclear matrix elements in an isotopic chain,"Rodriguez, T R, and G. Martinez-Pinedo (2013), “Neutrinoless ββ decay nuclear matrix elements in an isotopic chain,” Phys. Lett. B 719, 174-178."
A625,AGOSTINI,Romeo,2021,2102.11101,,γγ decay as a probe of neutrinoless ββ decay nuclear matrix elements,"Romeo, B, J. Menéndez, and C. Peña (2021), “γγ decay as a probe of neutrinoless ββ decay nuclear matrix elements,” arXiv:2102.11101."
A626,AGOSTINI,Romero,2021,2105.03471,,Application of an efficient generator-coordinate subspace-selection algorithm to neutrinoless double-β decay,"Romero, A M, J. M. Yao, B. Bally, T. R. Rodrı́guez, and J. Engel (2021), “Application of an efficient generator-coordinate subspace-selection algorithm to neutrinoless double-β decay,” Phys. Rev. C 104 (5), 054317, arXiv:2105.03471 [nucl-th]."
A627,AGOSTINI,Ross,1985,,,Supersymmetric models without r-parity,"Ross, G G, and J.W.F. Valle (1985), “Supersymmetric models without r-parity,” Phys.Lett.B 151, 375-381."
A628,AGOSTINI,Roth,2009,,,Importance Truncation for Large-Scale Configuration Interaction Approaches,"Roth, R (2009), “Importance Truncation for Large-Scale Configuration Interaction Approaches,” Phys. Rev. C 79, 064324."
A629,AGOSTINI,Rutherford,1920,,,Bakerian lecture. nuclear constitution of atoms,"Rutherford, E (1920a), “Bakerian lecture. nuclear constitution of atoms,” Proceedings Mathematical Physical and Engineering Sciences 97, 374-400."
A630,AGOSTINI,Rutherford,1920,,,Nuclear constitution of atoms.,"Rutherford, E (1920b), “Nuclear constitution of atoms.” Nature 105, 500-501."
A631,AGOSTINI,Sagawa,2016,,,Sum rule study for Double Gamow-Teller states,"Sagawa, H, and T. Uesaka (2016), “Sum rule study for Double Gamow-Teller states,” Phys. Rev. C 94, 064325."
A632,AGOSTINI,Sakharov,1967,,,"Violation of CP Invariance, C asymmetry, and baryon asymmetry of the universe","Sakharov, A D (1967), “Violation of CP Invariance, C asymmetry, and baryon asymmetry of the universe,” Pisma Zh. Eksp. Teor. Fiz. 5, 32-35."
A633,AGOSTINI,Salam,1957,,,On parity conservation and neutrino mass,"Salam, A (1957), “On parity conservation and neutrino mass,” Nuovo Cim. 5, 299-301."
A634,AGOSTINI,Santopinto,2018,,,Heavy-ion double-charge-exchange and its relation to neutrinoless double-β decay,"Santopinto, E, H. Garcı́a-Tecocoatzi, R. I. Magaña Vsevolodovna, and J. Ferretti (2018), “Heavy-ion double-charge-exchange and its relation to neutrinoless double-β decay,” Phys. Rev. C 98, 061601."
A635,AGOSTINI,Sarkar,2020,,,Nuclear matrix elements for λ mechanism of 0νββ of 48 Ca in nuclear shellmodel: Closure versus nonclosure approach,"Sarkar, S, Y. Iwata, and P. K. Raina (2020), “Nuclear matrix elements for λ mechanism of 0νββ of 48 Ca in nuclear shellmodel: Closure versus nonclosure approach,” Phys. Rev. C 102, 034317, 2003.04002."
A636,AGOSTINI,Schechter,1982,,,Neutrinoless double beta decay in su(2) x u(1) theories,"Schechter, J, and J.W.F. Valle (1982), “Neutrinoless double beta decay in su(2) x u(1) theories,” Phys.Rev.D 25, 2951."
A637,AGOSTINI,Schwingenheuer,2013,1210.7432,,Status and prospects of searches for neutrinoless double beta decay,"Schwingenheuer, B (2013), “Status and prospects of searches for neutrinoless double beta decay,” Annalen Phys. 525, 269-280, arXiv:1210.7432 [hep-ex]."
A638,AGOSTINI,Senjanovic,2019,1812.03790,,Disentangling the seesaw mechanism in the minimal left-right symmetric model,"Senjanovic, Goran, and Vladimir Tello (2019), “Disentangling the seesaw mechanism in the minimal left-right symmetric model,” Phys. Rev. D 100 (11), 115031, arXiv:1812.03790 [hep-ph]."
A639,AGOSTINI,Sen’kov,2013,,,Neutrinoless double-β decay of 48 Ca in the shell model: Closure versus nonclosure approximation,"Sen’kov, R A, and M. Horoi (2013), “Neutrinoless double-β decay of 48 Ca in the shell model: Closure versus nonclosure approximation,” Phys. Rev. C 88, 064312."
A640,AGOSTINI,Sen’kov,2016,,,Shell-model calculation of neutrinoless double-β decay of 76 Ge,"Sen’kov, R A, and M. Horoi (2016), “Shell-model calculation of neutrinoless double-β decay of 76 Ge,” Phys. Rev. C 93 (4), 044334."
A641,AGOSTINI,Sen’kov,2014,,,Neutrinoless double-β decay of 82 Se in the shell model: beyond closure approximation,"Sen’kov, R A, M. Horoi, and B. A. Brown (2014), “Neutrinoless double-β decay of 82 Se in the shell model: beyond closure approximation,” Phys. Rev. C 89, 054304."
A642,AGOSTINI,Shaposhnikov,2009,,,Baryogenesis,"Shaposhnikov, M (2009), “Baryogenesis,” J. Phys. Conf. Ser. 171, 012005."
A643,AGOSTINI,Sharp,2019,,,Pairing properties of the double-β emitter 116 Cd,"Sharp, D K, S. J. Freeman, B. D. Cropper, P. J. Davies, T. Faestermann, T. M. Hatfield, R. Hertenberger, S. J. F. Hughes, P. T. Macgregor, and H. F Wirth (2019), “Pairing properties of the double-β emitter 116 Cd,” Phys. Rev. C 100, 024329, 1910.12093."
A644,AGOSTINI,Shimizu,2017,,,Monte Carlo shell model studies with massively parallel supercomputers,"Shimizu, N, T. Abe, M. Honma, T. Otsuka, T. Togashi, Y. Tsunoda, Y. Utsuno, and T. Yoshida (2017), “Monte Carlo shell model studies with massively parallel supercomputers,” Phys. Scripta 92, 063001."
A645,AGOSTINI,Shimizu,2018,,,Double Gamow-Teller Transitions and its Relation to Neutrinoless ββ Decay,"Shimizu, N, J. Menéndez, and Kentaro Yako (2018), “Double Gamow-Teller Transitions and its Relation to Neutrinoless ββ Decay,” Phys. Rev. Lett. 120, 142502."
A646,AGOSTINI,Shimizu,2021,,,Variational approach with the superposition of the symmetry-restored quasiparticle vacua for nuclear shell-model calculations,"Shimizu, N, Y. Tsunoda, Y. Utsuno, and T. Otsuka (2021), “Variational approach with the superposition of the symmetry-restored quasiparticle vacua for nuclear shell-model calculations,” Phys. Rev. C 103, 014312, 2011.03157."
A647,AGOSTINI,Shirai,2017,,,Results and future plans for the KamLAND-Zen experiment,"Shirai, J (KamLAND-Zen) (2017), “Results and future plans for the KamLAND-Zen experiment,” J. Phys. Conf. Ser. 888 (1), 012031."
A648,AGOSTINI,Simkovic,2011,,,Relation between the 0νββ and 2νββ nuclear matrix elements revisited,"Simkovic, Fedor, Rastislav Hodak, Amand Faessler, and Petr Vogel (2011), “Relation between the 0νββ and 2νββ nuclear matrix elements revisited,” Phys. Rev. C 83, 015502."
A649,AGOSTINI,Simkovic,2010,1006.0571,,Few active mechanisms of the neutrinoless double betadecay and effective mass of Majorana neutrinos,"Simkovic, Fedor, John Vergados, and Amand Faessler (2010), “Few active mechanisms of the neutrinoless double betadecay and effective mass of Majorana neutrinos,” Phys. Rev. D 82, 113015, arXiv:1006.0571 [hep-ph]."
A650,AGOSTINI,Simón,2020,2102.11931,,Boosting background suppression in the NEXT experiment through Richardson- Lucy deconvolution,"Simón, A, et al. (NEXT) (2020), “Boosting background suppression in the NEXT experiment through Richardson- Lucy deconvolution,” JHEP 21, 146, arXiv:2102.11931 [physics.ins-det]."
A651,AGOSTINI,Söderström,2020,,,Electromagnetic character of the competitive γγ/γ-decay from 137m Ba,"Söderström, P A, et al. (2020), “Electromagnetic character of the competitive γγ/γ-decay from 137m Ba,” Nature Commun. 11, 3242, 2001.00554."
A652,AGOSTINI,Song,2014,,,Relativistic description of nuclear matrix elements in neutrinoless double-β decay,"Song, L S, J. M. Yao, P. Ring, and J. Meng (2014), “Relativistic description of nuclear matrix elements in neutrinoless double-β decay,” Phys. Rev. C 90 (5), 054309."
A653,AGOSTINI,Song,2017,,,Nuclear matrix element of neutrinoless double-β decay: Relativity and short-range correlations,"Song, L S, J. M. Yao, P. Ring, and J. Meng (2017), “Nuclear matrix element of neutrinoless double-β decay: Relativity and short-range correlations,” Phys. Rev. C 95, 024305."
A654,AGOSTINI,Stefanik,2015,,,Reexamining the light neutrino exchange mechanism of the 0νββ decay with left- and right-handed leptonic and hadronic currents,"Stefanik, D, R. Dvornicky, F. Šimkovic, and P. Vogel (2015), “Reexamining the light neutrino exchange mechanism of the 0νββ decay with left- and right-handed leptonic and hadronic currents,” Phys. Rev. C 92, 055502."
A655,AGOSTINI,Steinberger,1949,,,On the use of subtraction fields and the lifetimes of some types of meson decay,"Steinberger, J (1949), “On the use of subtraction fields and the lifetimes of some types of meson decay,” Phys.Rev. 76, 1180-1186."
A656,AGOSTINI,Stroberg,2019,,,Non-Empirical Interactions for the Nuclear Shell Model: An Update,"Stroberg, S R, S. K. Bogner, H. Hergert, and J. D. Holt (2019), “Non-Empirical Interactions for the Nuclear Shell Model: An Update,” Ann. Rev. Nucl. Part. Sci. 69, 307- 362."
A657,AGOSTINI,Stroberg,2017,,,A nucleus-dependent valence-space approach to nuclear structure,"Stroberg, S R, A. Calci, H. Hergert, J. D. Holt, S. K. Bogner, R. Roth, and A. Schwenk (2017), “A nucleus-dependent valence-space approach to nuclear structure,” Phys. Rev. Lett. 118, 032502."
A658,AGOSTINI,Sudarshan,1958,,,Chirality invariance and the universal Fermi interaction,"Sudarshan, E C G, and R. e. Marshak (1958), “Chirality invariance and the universal Fermi interaction,” Phys. Rev. 109, 1860-1860."
A659,AGOSTINI,Suhonen,2013,,,Double beta decays of 124 Xe investigated in the QRPA framework,"Suhonen, J (2013), “Double beta decays of 124 Xe investigated in the QRPA framework,” J. Phys. G 40, 075102."
A660,AGOSTINI,Suhonen,1998,,,,"Suhonen, J, and O. Civitarese (1998), Phys. Rep. 300, 124."
A661,AGOSTINI,Suhonen,2008,,,Effects of orbital occupancies on the neutrinoless beta beta matrix element of Ge-76,"Suhonen, J, and O. Civitarese (2008), “Effects of orbital occupancies on the neutrinoless beta beta matrix element of Ge-76,” Phys. Lett. B 668, 277-281."
A662,AGOSTINI,Suhonen,2010,,,Effects of orbital occupancies and spin-orbit partners on 0 nu beta beta-decay rates,"Suhonen, J, and O. Civitarese (2010), “Effects of orbital occupancies and spin-orbit partners on 0 nu beta beta-decay rates,” Nucl. Phys. A 847, 207-232."
A663,AGOSTINI,Suhonen,2017,,,Value of the Axial-Vector Coupling Strength in β and ββ Decays: A Review,"Suhonen, J T (2017), “Value of the Axial-Vector Coupling Strength in β and ββ Decays: A Review,” Front.in Phys. 5, 55."
A664,AGOSTINI,Suzuki,2006,,,Neutrino nucleus reactions based on new shell model Hamiltonians,"Suzuki, T, Satoshi Chiba, T. Yoshida, Toshitaka Kajino, and T. Otsuka (2006), “Neutrino nucleus reactions based on new shell model Hamiltonians,” Phys. Rev. C 74, 034307."
A665,AGOSTINI,Swenson,2010,1004.5066,,Highspeed phonon imaging using frequency-multiplexed kinetic inductance detectors,"Swenson, L J, A. Cruciani, A. Benoit, M. Roesch, C. S. Yung, A. Bideaud, and A. Monfardini (2010), “Highspeed phonon imaging using frequency-multiplexed kinetic inductance detectors,” Appl. Phys. Lett. 96, 263511, arXiv:1004.5066 [physics.ins-det]."
A666,AGOSTINI,Szwec,2016,,,Rearrangement of valence neutrons in the neutrinoless double-β decay of 136 Xe,"Szwec, S V, et al. (2016), “Rearrangement of valence neutrons in the neutrinoless double-β decay of 136 Xe,” Phys. Rev. C 94, 054314."
A667,AGOSTINI,Takahisa,2017,1703.08264,,"Double charge exchange (11 B,11 Li) reaction for double beta decay response","Takahisa, K, H. Ejiri, H. Akimune, H. Fujita, R. Matumiya, T. Ohta, T. Shima, M. Tanaka, and M. Yosoi (2017), “Double charge exchange (11 B,11 Li) reaction for double beta decay response,” arXiv:1703.08264."
A668,AGOSTINI,Takaki,2015,,,"Heavy-Ion Double-Charge Exchange Study via a 12C(18O,18Ne)12Be Reaction","Takaki, M, et al. (2015), “Heavy-Ion Double-Charge Exchange Study via a 12C(18O,18Ne)12Be Reaction,” Proceedings, 2nd Conference on Advances in Radioactive Isotope Science (ARIS2014): Tokyo, Japan, June 1-6, 2014, JPS Conf. Proc. 6, 020038."
A669,AGOSTINI,Tanimura,2019,1709.05024,,A Search for Warm/Hot Gas Filaments Between Pairs of SDSS Luminous Red Galaxies,"Tanimura, H, G. Hinshaw, I. G. McCarthy, L. Van Waerbeke, N. Aghanim, Y.-Z. Ma, A. Mead, A. Hojjati, and T. Tröster (2019), “A Search for Warm/Hot Gas Filaments Between Pairs of SDSS Luminous Red Galaxies,” Mon. Not. Roy. Astron. Soc. 483 (1), 223-234, arXiv:1709.05024 [astro-ph.CO]."
A670,AGOSTINI,Taniuchi,2019,,,78Ni revealed as a doubly magic stronghold against nuclear deformation,"Taniuchi, R, et al. (2019), “78Ni revealed as a doubly magic stronghold against nuclear deformation,” Nature 568, 53."
A671,AGOSTINI,Tello,2011,1011.3522,,Left-Right Symmetry: from LHC to Neutrinoless Double Beta Decay,"Tello, Vladimir, Miha Nemevsek, Fabrizio Nesti, Goran Senjanovic, and Francesco Vissani (2011), “Left-Right Symmetry: from LHC to Neutrinoless Double Beta Decay,” Phys. Rev. Lett. 106, 151801, arXiv:1011.3522 [hep-ph]."
A672,AGOSTINI,Terasaki,2015,,,Many-body correlations of quasiparticle random-phase approximation in nuclear matrix elements of neutrinoless double-β decay,"Terasaki, J (2015), “Many-body correlations of quasiparticle random-phase approximation in nuclear matrix elements of neutrinoless double-β decay,” Phys. Rev. C 91, 034318."
A673,AGOSTINI,Terasaki,2020,2003.03542,,Strength of the isoscalar pairing interaction determined by a relation between double-charge change and double-pair transfer for double- β decay,"Terasaki, J (2020), “Strength of the isoscalar pairing interaction determined by a relation between double-charge change and double-pair transfer for double- β decay,” Phys. Rev. C 102 (4), 044303, arXiv:2003.03542 [nucl-th]."
A674,AGOSTINI,Terasaki,2019,,,Effective axial-vector current coupling and isoscalar pairing interaction for quasiparticle random-phase approximation approach to double- β and β decays,"Terasaki, J, and Y. Iwata (2019), “Effective axial-vector current coupling and isoscalar pairing interaction for quasiparticle random-phase approximation approach to double- β and β decays,” Phys. Rev. C 100, 034325."
A675,AGOSTINI,Theodórsson,2004,,10.1016/j.apradiso.2004.03.039,Underground measurements of radioactivity,"Theodórsson, M Laubenstein; M Hult; J Gasparro; D Arnold; S Neumaier; G Heusser; M Köhler; P Povinec; J-L Reyss; M Schwaiger; P (2004), “Underground measurements of radioactivity,” Applied Radiation and Isotopes 61, 10.1016/j.apradiso.2004.03.039."
A676,AGOSTINI,Thies,2012,,,"High-resolution Zr-96 (He-3, t) experiment and the matrix element for double-beta decay","Thies, J H, et al. (2012), “High-resolution Zr-96 (He-3, t) experiment and the matrix element for double-beta decay,” Phys. Rev. C 86, 054323."
A677,AGOSTINI,Toh,2013,,,Evidence for rigid triaxial deformation at low energy in 76 Ge,"Toh, Y, et al. (2013), “Evidence for rigid triaxial deformation at low energy in 76 Ge,” Phys. Rev. C 87, 041304."
A678,AGOSTINI,Tomoda,1991,,,Double beta decay,"Tomoda, T (1991), “Double beta decay,” Rept. Prog. Phys. 54, 53-126."
A679,AGOSTINI,Touschek,1948,,,Zur theorie des doppelten β-zerfalls,"Touschek, B (1948), “Zur theorie des doppelten β-zerfalls,” Zeitschrift für Physik A Hadrons and Nuclei 125, 108-132."
A680,AGOSTINI,Touschek,1957,,,On the equivalence theorem for the massless neutrino,"Touschek, L A Radicati; B (1957), “On the equivalence theorem for the massless neutrino,” Il Nuovo Cimento Series 10 5, 1693-1699."
A681,AGOSTINI,Towner,1997,,,Quenching of spin matrix elements in nuclei,"Towner, IS (1997), “Quenching of spin matrix elements in nuclei,” Phys. Rep. 155, 263."
A682,AGOSTINI,Tretyak,2011,1112.4183,,"False starts in history of searches for 2β decay, or Discoverless double beta decay","Tretyak, V I (2011), “False starts in history of searches for 2β decay, or Discoverless double beta decay,” AIP Conf. Proc. 1417 (1), 129-133, arXiv:1112.4183 [nucl-ex]."
A683,AGOSTINI,Tretyak,2002,,,Tables of double beta decay data: An update,"Tretyak, VI, and Yuri G. Zdesenko (2002), “Tables of double beta decay data: An update,” Atom. Data Nucl. Data Tabl. 80, 83-116."
A684,AGOSTINI,Twelker,2014,1407.0618,,An apparatus to manipulate and identify individual Ba ions from bulk liquid Xe,"Twelker, K, et al. (2014), “An apparatus to manipulate and identify individual Ba ions from bulk liquid Xe,” Rev. Sci. Instrum. 85, 095114, arXiv:1407.0618 [physics.ins-det]."
A685,AGOSTINI,Uesaka,2015,,,,"Uesaka, T, et al. (2015), RIKEN RIBF NP-PAC , NP1512- RIBF141."
A686,AGOSTINI,Umehara,2008,0810.4746,,Neutrino-less double-beta decay of Ca-48 studied by Ca F(2)(Eu) scintillators,"Umehara, S, et al. (2008), “Neutrino-less double-beta decay of Ca-48 studied by Ca F(2)(Eu) scintillators,” Phys. Rev. C 78, 058501, arXiv:0810.4746 [nucl-ex]."
A687,AGOSTINI,Van Isacker,2017,,,Neutronproton pairing and double-β decay in the interacting boson model,"Van Isacker, P, J. Engel, and K. Nomura (2017), “Neutronproton pairing and double-β decay in the interacting boson model,” Phys. Rev. C 96, 064305."
A688,AGOSTINI,Vasenko,1990,,,New Results in the Itep / Yepi Double Beta Decay Experiment With Enriched Germanium Detector,"Vasenko, A A, I. V. Kirpichnikov, V. A. Kuznetsov, A. S. Starostin, A. G. Dzhanian, G. E. Markosian, V. M. Oganesian, V. S. Pogosov, A. G. Tamanian, and S. R. Shakhazizian (1990), “New Results in the Itep / Yepi Double Beta Decay Experiment With Enriched Germanium Detector,” Mod. Phys. Lett. A 5, 1299-1306."
A689,AGOSTINI,Vergados,2012,1205.0649,,Theory of Neutrinoless Double Beta Decay,"Vergados, J D, H. Ejiri, and F. Simkovic (2012), “Theory of Neutrinoless Double Beta Decay,” Rept. Prog. Phys. 75, 106301, arXiv:1205.0649 [hep-ph]."
A690,AGOSTINI,Vietze,2015,,,Nuclear structure aspects of spinindependent WIMP scattering off xenon,"Vietze, L, P. Klos, J. Menéndez, W. C. Haxton, and A. Schwenk (2015), “Nuclear structure aspects of spinindependent WIMP scattering off xenon,” Phys. Rev. 91, 043520."
A691,AGOSTINI,Vissani,1998,hep-ph/9709409,,Do experiments suggest a hierarchy problem?,"Vissani, F (1998a), “Do experiments suggest a hierarchy problem?” Phys. Rev. D 57, 7027-7030, arXiv:hep-ph/9709409."
A692,AGOSTINI,Vissani,1998,hep-ph/9810435,,"Large mixing, family structure, and dominant block in the neutrino mass matrix","Vissani, F (1998b), “Large mixing, family structure, and dominant block in the neutrino mass matrix,” JHEP 11, 025, arXiv:hep-ph/9810435."
A693,AGOSTINI,Vissani,1999,hep-ph/9906525,,"Signal of neutrinoless double beta decay, neutrino spectrum and oscillation scenarios","Vissani, F (1999), “Signal of neutrinoless double beta decay, neutrino spectrum and oscillation scenarios,” JHEP 06, 022, arXiv:hep-ph/9906525."
A694,AGOSTINI,Vissani,2001,hep-ph/0102236,,Expected properties of massive neutrinos for mass matrices with a dominant block and random coefficients order unity,"Vissani, F (2001), “Expected properties of massive neutrinos for mass matrices with a dominant block and random coefficients order unity,” Phys. Lett. B 508, 79-84, arXiv:hep-ph/0102236."
A695,AGOSTINI,Vissani,2021,2103.02642,,"What Is Matter According to Particle Physics, and Why Try to Observe Its Creation in a Lab?","Vissani, F (2021), “What Is Matter According to Particle Physics, and Why Try to Observe Its Creation in a Lab?” Universe 7 (3), 61, arXiv:2103.02642 [hep-ph]."
A696,AGOSTINI,Vogel,2012,1208.1992,,Nuclear structure and double beta decay,"Vogel, P (2012a), “Nuclear structure and double beta decay,” J. Phys. G 39, 124002, arXiv:1208.1992 [nucl-th]."
A697,AGOSTINI,Vogel,2012,,,Nuclear structure and double beta decay,"Vogel, P (2012b), “Nuclear structure and double beta decay,” J. Phys. G: Nucl. Part. Phys. 39, 124002."
A698,AGOSTINI,Vogel,1988,,,Sum Rules for Two Particle Operators and Double Beta Decay,"Vogel, P, M. Ericson, and J. D. Vergados (1988), “Sum Rules for Two Particle Operators and Double Beta Decay,” Phys. Lett. B 212, 259-263."
A699,AGOSTINI,Vogel,1986,,,Suppression of the Two Neutrino Double beta Decay by Nuclear Structure Effects,"Vogel, P, and M. R. Zirnbauer (1986), “Suppression of the Two Neutrino Double beta Decay by Nuclear Structure Effects,” Phys. Rev. Lett. 57, 3148-3151."
A700,AGOSTINI,Volpe,2000,,,Microscopic theories of neutrino C-12 reactions,"Volpe, C, N. Auerbach, G. Colo, T. Suzuki, and N. Van Giai (2000), “Microscopic theories of neutrino C-12 reactions,” Phys. Rev. C 62, 015501."
A701,AGOSTINI,Šimkovic,2001,,,The Single state dominance hypothesis and the two neutrino double beta decay of Mo-100,"Šimkovic, F, P. Domin, and S. V. Semenov (2001), “The Single state dominance hypothesis and the two neutrino double beta decay of Mo-100,” J. Phys. G 27, 2233-2240."
A702,AGOSTINI,Šimkovic,2018,,,Improved description of the 2νββ -decay and a possibility to determine the effective axial-vector coupling constant,"Šimkovic, F, R. Dvornický, Dušaň Stefánik, and A. Faessler (2018a), “Improved description of the 2νββ -decay and a possibility to determine the effective axial-vector coupling constant,” Phys. Rev. C 97, 034315."
A703,AGOSTINI,Šimkovic,2009,,,The 0νββ-decay nuclear matrix elements with self-consistent short-range correlations,"Šimkovic, F, A. Faessler, H. Muther, V. Rodin, and M. Stauf (2009), “The 0νββ-decay nuclear matrix elements with self-consistent short-range correlations,” Phys. Rev. C 79, 055501."
A704,AGOSTINI,Šimkovic,2013,,,"0νββ and 2νββ nuclear matrix elements, quasiparticle random-phase approximation, and isospin symmetry restoration","Šimkovic, F, V. Rodin, A. Faessler, and P. Vogel (2013), “0νββ and 2νββ nuclear matrix elements, quasiparticle random-phase approximation, and isospin symmetry restoration,” Phys. Rev. C 87, 045501."
A705,AGOSTINI,Šimkovic,2018,,,"0νββ nuclear matrix elements, neutrino potentials and SU(4) symmetry","Šimkovic, F, A. Smetana, and P. Vogel (2018b), “0νββ nuclear matrix elements, neutrino potentials and SU(4) symmetry,” Phys. Rev. C 98, 064325."
A706,AGOSTINI,Walz,2015,,,Observation of the competitive double-gamma nuclear decay,"Walz, C, et al. (2015), “Observation of the competitive double-gamma nuclear decay,” Nature 526, 406."
A707,AGOSTINI,Wang,1942,,,A suggestion on the detection of the neutrino,"Wang, K C (1942), “A suggestion on the detection of the neutrino,” Phys. Rev. 61, 97-97."
A708,AGOSTINI,Wang,2018,,,Quenching of nuclear matrix elements for 0νββ decay by chiral two-body currents,"Wang, L-J, J. Engel, and J. M. Yao (2018), “Quenching of nuclear matrix elements for 0νββ decay by chiral two-body currents,” Phys. Rev. C 98 (3), 031301."
A709,AGOSTINI,Wang,2017,1703.01877,,First results on 76 Ge neutrinoless double beta decay from CDEX-1 experiment,"Wang, Li, et al. (CDEX) (2017), “First results on 76 Ge neutrinoless double beta decay from CDEX-1 experiment,” Sci. China Phys. Mech. Astron. 60 (7), 071011, arXiv:1703.01877 [hep-ex]."
A710,AGOSTINI,Wang,2019,,,Comparison between Variational Monte Carlo and Shell Model Calculations of Neutrinoless Double Beta Decay Matrix Elements in Light Nuclei,"Wang, X B, A. C. Hayes, J. Carlson, G. X. Dong, E. Mereghetti, S. Pastore, and R. B. Wiringa (2019), “Comparison between Variational Monte Carlo and Shell Model Calculations of Neutrinoless Double Beta Decay Matrix Elements in Light Nuclei,” Phys. Lett. B 798, 134974."
A711,AGOSTINI,Warburton,1988,,,First-forbidden beta decay near a = 40,"Warburton, E K, J. A. Becker, B. A. Brown, and D. J. Millener (1988), “First-forbidden beta decay near a = 40,” Ann. Phys. 187, 471."
A712,AGOSTINI,Warburton,2004,,,Ultra-low background alpha particle counter using pulse shape analysis,"Warburton, W K, B. Dwyer-McNally, M. Momayezi, and J. E. Wahl (2004), “Ultra-low background alpha particle counter using pulse shape analysis,” in IEEE Symposium Conference Record Nuclear Science 2004., Vol. 1, pp. 577- 581 Vol. 1."
A713,AGOSTINI,Weinberg,1979,,,Baryon and lepton nonconserving processes,"Weinberg, S (1979), “Baryon and lepton nonconserving processes,” Phys.Rev.Lett. 43, 1566-1570."
A714,AGOSTINI,Weinberg,1980,,,Varieties of baryon and lepton nonconservation,"Weinberg, S (1980), “Varieties of baryon and lepton nonconservation,” Phys.Rev.D 22, 1694."
A715,AGOSTINI,Weiss,2021,2112.08146,,Neutrinoless double-beta decay: combining quantum Monte Carlo and the nuclear shell model with the generalized contact formalism,"Weiss, Ronen, Pablo Soriano, Alessandro Lovato, Jaview Menendez, and R. B. Wiringa (2021), “Neutrinoless double-beta decay: combining quantum Monte Carlo and the nuclear shell model with the generalized contact formalism,” arXiv:2112.08146 [nucl-th]."
A716,AGOSTINI,Welliver,2021,,,,"Welliver, B (2021), Talk at APS-DNP 2021 Conference."
A717,AGOSTINI,Wick,1934,,,Sugli elementi radioattivi di F. Joliot e I. Curie,"Wick, G C (1934), “Sugli elementi radioattivi di F. Joliot e I. Curie,” Rendiconti dell’Accademia dei Lincei 19, 69-72."
A718,AGOSTINI,Wigner,1949,,,Invariance in physical theory,"Wigner, E P (1949), “Invariance in physical theory,” Proceedings of the American Philosophical Society 93 (7), 521-526."
A719,AGOSTINI,Wilczek,1979,,,Operator analysis of nucleon decay,"Wilczek, F, and A. Zee (1979), “Operator analysis of nucleon decay,” Phys.Rev.Lett. 43, 1571-1573."
A720,AGOSTINI,Wildenthal,1983,,,Predicted features of the beta decay of neutron-rich sdshell nuclei,"Wildenthal, B H, M. S. Curtin, and B. A. Brown (1983), “Predicted features of the beta decay of neutron-rich sdshell nuclei,” Phys. Rev. C 28, 1343-1366."
A721,AGOSTINI,Winslow,2012,1202.4733,,Characterizing Quantum-Dot-Doped Liquid Scintillator for Applications to Neutrino Detectors,"Winslow, L, and R. Simpson (2012), “Characterizing Quantum-Dot-Doped Liquid Scintillator for Applications to Neutrino Detectors,” JINST 7, P07010, arXiv:1202.4733 [physics.ins-det]."
A722,AGOSTINI,Wirth,2021,2105.05415,,Ab initio calculation of the contact operator contribution in the standard mechanism for neutrinoless double beta decay,"Wirth, R, J. M. Yao, and H. Hergert (2021), “Ab initio calculation of the contact operator contribution in the standard mechanism for neutrinoless double beta decay,” arXiv:2105.05415."
A723,AGOSTINI,Wojcik,2017,,,Review of highsensitivity Radon studies,"Wojcik, M, G. Zuzel, and H. Simgen (2017), “Review of highsensitivity Radon studies,” Int. J. Mod. Phys. A 32 (30), 1743004."
A724,AGOSTINI,Wu,1957,,,Experimental Test of Parity Conservation in β Decay,"Wu, C S, E. Ambler, R. W. Hayward, D. D. Hoppes, and R. P. Hudson (1957), “Experimental Test of Parity Conservation in β Decay,” Phys. Rev. 105, 1413-1414."
A725,AGOSTINI,Wulandari,2004,hep-ex/0312050,,Neutron flux underground revisited,"Wulandari, H, J. Jochum, W. Rau, and F. von Feilitzsch (2004), “Neutron flux underground revisited,” Astropart. Phys. 22, 313-322, arXiv:hep-ex/0312050."
A726,AGOSTINI,Xu,2017,1610.03886,,Solar Axion Search Technique with Correlated Signals from Multiple Detectors,"Xu, W, and S. R. Elliott (2017), “Solar Axion Search Technique with Correlated Signals from Multiple Detectors,” Astropart. Phys. 89, 39-50, arXiv:1610.03886 [hep-ex]. XUNDL, (2021), http://www.nndc.bnl.gov/ensdf/ensdf/ xundl.jsp."
A727,AGOSTINI,Yanagida,1979,,,Horizontal gauge symmetry and masses of neutrinos,"Yanagida, Y (1979), “Horizontal gauge symmetry and masses of neutrinos,” in Horizontal gauge symmetry and masses of neutrinos, Vol. 7902131, pp. 95-99."
A728,AGOSTINI,Yao,2020,1908.05424,,AbInitio Treatment of Collective Correlations and the Neutrinoless Double Beta Decay of Ca,"Yao, J M, B. Bally, J. Engel, R. Wirth, T. R. Rodrı́guez, and H. Hergert (2020), “AbInitio Treatment of Collective Correlations and the Neutrinoless Double Beta Decay of Ca,” Phys. Rev. Lett. 124, 232501, arXiv:1908.05424."
A729,AGOSTINI,Yao,2021,,,Abinitio benchmarks of neutrinoless double-β decay in light nuclei with a chiral Hamiltonian,"Yao, J M, A. Belley, R. Wirth, T. Miyagi, C. G. Payne, S. R. Stroberg, H. Hergert, and J. D. Holt (2021), “Abinitio benchmarks of neutrinoless double-β decay in light nuclei with a chiral Hamiltonian,” Phys. Rev. C 103, 014315, 2010.08609."
A730,AGOSTINI,Yao,2018,,,Generator-coordinate reference states for spectra and 0νββ decay in the in-medium similarity renormalization group,"Yao, J M, J. Engel, L. J. Wang, C. F. Jiao, and H. Hergert (2018), “Generator-coordinate reference states for spectra and 0νββ decay in the in-medium similarity renormalization group,” Phys. Rev. C 98, 054311."
A731,AGOSTINI,Yao,2022,2204.12971,,Ab initio studies of double Gamow- Teller transition and its correlation with neutrinoless double beta decay,"Yao, J M, I. Ginnett, A. Belley, T. Miyagi, R. Wirth, S. Bogner, J. Engel, H. Hergert, J. D. Holt, and S. R. Stroberg (2022a), “Ab initio studies of double Gamow- Teller transition and its correlation with neutrinoless double beta decay,” arXiv:2204.12971 [nucl-th]."
A732,AGOSTINI,Yao,2022,,,Beyondmean-field approaches for nuclear neutrinoless double beta decay in the standard mechanism,"Yao, J M, J. Meng, Y. F. Niu, and P. Ring (2022b), “Beyondmean-field approaches for nuclear neutrinoless double beta decay in the standard mechanism,” Prog. Part. Nucl. Phys. 126, 103965."
A733,AGOSTINI,Yao,2015,,,Systematic study of nuclear matrix elements in neutrinoless double-β decay with a beyond-mean-field covariant density functional theory,"Yao, J M, L. S. Song, K. Hagino, P. Ring, and J. Meng (2015), “Systematic study of nuclear matrix elements in neutrinoless double-β decay with a beyond-mean-field covariant density functional theory,” Phys. Rev. C 91, 024316."
A734,AGOSTINI,Yoshida,2009,,,Ultra-violet wavelength shift for undoped CaF 2 scintillation detector by two phase of liquid scintillator system in CANDLES,"Yoshida, S, T. Kishimoto, I. Ogawa, R. Hazama, S. Umehara, K. Matsuoka, D. Yokoyama, K. Ichihara, and Y. Tatewaki (2009), “Ultra-violet wavelength shift for undoped CaF 2 scintillation detector by two phase of liquid scintillator system in CANDLES,” Nucl. Instrum. Meth. A 601, 282-293."
A735,AGOSTINI,Yoshida,2018,,,Uncertainty quantification in the nuclear shell model,"Yoshida, S, N. Shimizu, T. Togashi, and T. Otsuka (2018a), “Uncertainty quantification in the nuclear shell model,” Phys. Rev. C 98, 061301."
A736,AGOSTINI,Yoshida,2018,,,Systematic shell-model study of β-decay properties and Gamow-Teller strength distributions in A∼40 neutron-rich nuclei,"Yoshida, S, Y. Utsuno, N. Shimizu, and T. Otsuka (2018b), “Systematic shell-model study of β-decay properties and Gamow-Teller strength distributions in A∼40 neutron-rich nuclei,” Phys. Rev. C 97, 054321."
A737,AGOSTINI,Yoshinaga,2018,,,Structure of nuclei with masses 76 and 82 and nuclear matrix elements of neutrinoless double beta decay,"Yoshinaga, N, K. Yanase, K. Higashiyama, E. Teruya, and D. Taguchi (2018), “Structure of nuclei with masses 76 and 82 and nuclear matrix elements of neutrinoless double beta decay,” Prog. Theor. Exp. Phys. 2018, 023D02."
A738,AGOSTINI,Yue,2021,,,Cdex-300ν: neutrinoless double beta decay experiment based on 76 ge,"Yue, Qian (2021), “Cdex-300ν: neutrinoless double beta decay experiment based on 76 ge,” TAUP."
A739,AGOSTINI,Zeldovich,1993,,,On the theory of elementary particles.: Conservation of the nuclear charge and a possible new type of v-particles,"Zeldovich, Y B, E. Jackson, and A. Granik (1993), “On the theory of elementary particles.: Conservation of the nuclear charge and a possible new type of v-particles,” in Selected Works of Yakov Borisovich Zeldovich, Volume II: Particlies, Nuclei, and the Universe (Princeton University Press) pp. 56-61."
A740,AGOSTINI,Zhao,2017,1610.07143,,Physics potential of searching for 0νββ decays in JUNO,"Zhao, J, L.-J. Wen, Y.-F. Wang, and J. Cao (2017), “Physics potential of searching for 0νββ decays in JUNO,” Chin. Phys. C 41 (5), 053001, arXiv:1610.07143 [hep-ex]."
A741,AGOSTINI,Zhi,2013,,,Shell-model half-lives including first-forbidden contributions for rprocess waiting-point nuclei,"Zhi, Q, E. Caurier, J. J. Cuenca-Garcia, K. Langanke, G. Martinez-Pinedo, and K. Sieja (2013), “Shell-model half-lives including first-forbidden contributions for rprocess waiting-point nuclei,” Phys. Rev. C 87, 025803."
A742,AGOSTINI,Zinner,2006,,,Muon capture on nuclei: Random phase approximation evaluation versus data for 6 ≤ Z ≤ 94 nuclei,"Zinner, N T, K. Langanke, and P. Vogel (2006), “Muon capture on nuclei: Random phase approximation evaluation versus data for 6 ≤ Z ≤ 94 nuclei,” Phys. Rev. C 74, 024326."
A743,AGOSTINI,Zuber,2001,nucl-ex/0105018,,COBRA: Double beta decay searches using CdTe detectors,"Zuber, K (2001), “COBRA: Double beta decay searches using CdTe detectors,” Phys. Lett. B 519, 1-7, arXiv:nucl-ex/0105018."
A744,AGOSTINI,Zyla,2020,,,Review of Particle Physics,"Zyla, P A, et al. (Particle Data Group) (2020), “Review of Particle Physics,” PTEP 2020 (8), 083C01, and 2021 update."
