uid,bloco,metodo,fontes,ref_ids,autor,ano,arxiv,doi,journal,titulo,raw
U0001,B01,arxiv,AGOSTINI;GONZALEZ-GARCIA,A359;G011,Gell-Mann,1979,1306.4669,,,Complex spinors and unified theories,"Gell-Mann, M, P. Ramond, and R. Slansky (1979), “Complex spinors and unified theories,” in Complex Spinors and Unified Theories, Vol. 790927, pp. 315-321, arXiv:1306.4669 [hep-th]."
U0002,B01,arxiv,GONZALEZ-GARCIA,G010,P. Ramond,1979,hep-ph/9809459,,,,"P. Ramond, in “International Symposium on Fundamentals of Quantum Theory and Quantum Field Theory,” (1979), [hep-ph/9809459]."
U0003,B01,arxiv,GONZALEZ-GARCIA,G008,A. Pilaftsis,1992,hep-ph/9901206,,Z. Phys.|C55|275,,"A. Pilaftsis, Z. Phys. C55, 275 (1992), [hep-ph/9901206]."
U0004,B01,arxiv,AGOSTINI,A121,Bahcall,1994,astro-ph/9401024,,,The Be-7 solar neutrino line: A Reflection of the central temperature distribution of the sun,"Bahcall, J N (1994), “The Be-7 solar neutrino line: A Reflection of the central temperature distribution of the sun,” Phys. Rev. D 49, 3923-3945, arXiv:astro-ph/9401024."
U0005,B01,arxiv,AGOSTINI,A122,Bahcall,1996,nucl-th/9601044,,,Standard neutrino spectrum from B-8 decay,"Bahcall, J N, E. Lisi, D. E. Alburger, L. De Braeckeleer, S. J. Freedman, and J. Napolitano (1996), “Standard neutrino spectrum from B-8 decay,” Phys. Rev. C 54, 411-422, arXiv:nucl-th/9601044."
U0006,B01,arxiv,AGOSTINI,A127,Balysh,1996,nucl-ex/9608001,,,Double beta decay of 48 Ca,"Balysh, A, A. S. De Silva, V. I. Lebedev, K. Lou, M. K. Moe, M. A. Nelson, A. Piepke, A. Pronsky, M. A. Vient, and P. Vogel (1996), “Double beta decay of 48 Ca,” Phys. Rev. Lett. 77, 5186-5189, arXiv:nucl-ex/9608001."
U0007,B01,arxiv,GONZALEZ-GARCIA,G218,J. J. Gomez-Cadenas and M. C. Gonzalez-Garcia,1996,hep-ph/9504246,,Z. Phys.|C71|443,,"J. J. Gomez-Cadenas and M. C. Gonzalez-Garcia, Z. Phys. C71, 443 (1996), [hep-ph/9504246]."
U0008,B01,arxiv,AGOSTINI,A456,Kajantie,1996,hep-lat/9510020,,,The Electroweak phase transition: A Nonperturbative analysis,"Kajantie, K, M. Laine, K. Rummukainen, and M. E. Shaposhnikov (1996), “The Electroweak phase transition: A Nonperturbative analysis,” Nucl. Phys. B 466, 189-258, arXiv:hep-lat/9510020."
U0009,B01,arxiv,AGOSTINI,A560,Nilles,1997,hep-ph/9606388,,,"Supersymmetric neutrino masses, r symmetries, and the generalized µ problem","Nilles, H-P, and N. Polonsky (1997), “Supersymmetric neutrino masses, r symmetries, and the generalized µ problem,” Nucl.Phys.B 484, 33-62, arXiv:hep-ph/9606388."
U0010,B01,arxiv,AGOSTINI,A050,Akhmedov,1998,hep-ph/9803255,,,Baryogenesis via neutrino oscillations,"Akhmedov, Evgeny K, V. A. Rubakov, and A. Yu. Smirnov (1998), “Baryogenesis via neutrino oscillations,” Phys. Rev. Lett. 81, 1359-1362, arXiv:hep-ph/9803255."
U0011,B01,arxiv,GONZALEZ-GARCIA,G187,C. Kim and U. Lee,1998,hep-ph/9809491,,Phys.Lett.|B444|204,,"C. Kim and U. Lee, Phys.Lett. B444, 204 (1998), [hep-ph/9809491]."
U0012,B01,arxiv,GONZALEZ-GARCIA,G184,M. Chizhov,1998,hep-ph/9810501,,,,"M. Chizhov, M. Maris and S. Petcov (1998), SISSA-53-98-EP, [hep-ph/9810501]."
U0013,B01,arxiv,GONZALEZ-GARCIA,G181,S. Petcov,1998,hep-ph/9805262,,Phys.Lett.|B434|321,,"S. Petcov, Phys.Lett. B434, 321 (1998), [hep-ph/9805262]."
U0014,B01,arxiv,AGOSTINI,A691,Vissani,1998,hep-ph/9709409,,,Do experiments suggest a hierarchy problem?,"Vissani, F (1998a), “Do experiments suggest a hierarchy problem?” Phys. Rev. D 57, 7027-7030, arXiv:hep-ph/9709409."
U0015,B01,arxiv,AGOSTINI,A692,Vissani,1998,hep-ph/9810435,,,"Large mixing, family structure, and dominant block in the neutrino mass matrix","Vissani, F (1998b), “Large mixing, family structure, and dominant block in the neutrino mass matrix,” JHEP 11, 025, arXiv:hep-ph/9810435."
U0016,B01,arxiv,GONZALEZ-GARCIA,G053,Y. Fukuda et al. (Super-Kamiokande),1998,hep-ex/9805021,,Phys. Rev. Lett.|81|1158,,"Y. Fukuda et al. (Super-Kamiokande), Phys. Rev. Lett. 81, 1158 (1998), [Erratum: Phys.Rev.Lett. 81, 4279 (1998)], [hep-ex/9805021]."
U0017,B01,arxiv,GONZALEZ-GARCIA,G086,Y. Fukuda et al. (Super-Kamiokande),1998,hep-ex/9807003,,Phys. Rev. Lett.|81|1562,,"Y. Fukuda et al. (Super-Kamiokande), Phys. Rev. Lett. 81, 1562 (1998), [hep-ex/9807003]."
U0018,B01,arxiv,GONZALEZ-GARCIA,G183,E. K. Akhmedov,1999,hep-ph/9805272,,Nucl.Phys.|B538|25,,"E. K. Akhmedov, Nucl.Phys. B538, 25 (1999), [hep-ph/9805272]."
U0019,B01,arxiv,GONZALEZ-GARCIA,G182,E. K. Akhmedov et al.,1999,hep-ph/9808270,,Nucl.Phys.|B542|3,,"E. K. Akhmedov et al., Nucl.Phys. B542, 3 (1999), [hep-ph/9808270]."
U0020,B01,arxiv,GONZALEZ-GARCIA,G185,M. Chizhov and S. Petcov,1999,hep-ph/9903399,,Phys.Rev.Lett.|83|1096,,"M. Chizhov and S. Petcov, Phys.Rev.Lett. 83, 1096 (1999), [hep-ph/9903399]."
U0021,B02,arxiv,GONZALEZ-GARCIA,G188,O. Peres and A. Y. Smirnov,1999,hep-ph/9902312,,Phys.Lett.|B456|204,,"O. Peres and A. Y. Smirnov, Phys.Lett. B456, 204 (1999), [hep-ph/9902312]."
U0022,B02,arxiv,GONZALEZ-GARCIA,G089,V. D. Barger et al.,1999,astro-ph/9810121,,Phys. Rev. Lett.|82|2640,,"V. D. Barger et al., Phys. Rev. Lett. 82, 2640 (1999), [arXiv:astro-ph/9810121]."
U0023,B02,arxiv,AGOSTINI,A693,Vissani,1999,hep-ph/9906525,,,"Signal of neutrinoless double beta decay, neutrino spectrum and oscillation scenarios","Vissani, F (1999), “Signal of neutrinoless double beta decay, neutrino spectrum and oscillation scenarios,” JHEP 06, 022, arXiv:hep-ph/9906525."
U0024,B02,arxiv,GONZALEZ-GARCIA,G176,A. Cervera et al.,2000,hep-ph/0002108,,Nucl. Phys.|B579|17,,"A. Cervera et al., Nucl. Phys. B579, 17 (2000), [Erratum: Nucl. Phys.B593,731(2001)], [hep-ph/0002108]."
U0025,B02,arxiv,AGOSTINI,A172,Boger,2000,nucl-ex/9910016,,,The Sudbury neutrino observatory,"Boger, J, et al. (SNO) (2000), “The Sudbury neutrino observatory,” Nucl. Instrum. Meth. A 449, 172-207, arXiv:nucl-ex/9910016."
U0026,B02,arxiv,GONZALEZ-GARCIA,G090,E. Lisi,2000,hep-ph/0002053,,Phys. Rev. Lett.|85|1166,,"E. Lisi, A. Marrone and D. Montanino, Phys. Rev. Lett. 85, 1166 (2000), [hep-ph/0002053]."
U0027,B02,arxiv,AGOSTINI,A423,Hirsch,2000,hep-ph/0004115,,,Neutrino masses and mixings from supersymmetry with bilinear r parity violation: A theory for solar and atmospheric neutrino oscillations,"Hirsch, M, M.A. Diaz, W. Porod, J.C. Romao, and J.W.F. Valle (2000a), “Neutrino masses and mixings from supersymmetry with bilinear r parity violation: A theory for solar and atmospheric neutrino oscillations,” Phys.Rev.D 62, 113008, [Erratum: Phys.Rev.D 65, 119901 (2002)], arXiv:hep-ph/0004115."
U0028,B02,arxiv,AGOSTINI,A424,Hirsch,2000,hep-ph/0002264,,,Bilinear R-parity violating SUSY: Neutrinoless double beta decay in the light of solar and atmospheric neutrino data,"Hirsch, M, J. C. Romao, and J. W. F. Valle (2000b), “Bilinear R-parity violating SUSY: Neutrinoless double beta decay in the light of solar and atmospheric neutrino data,” Phys. Lett. B 486, 255-262, arXiv:hep-ph/0002264."
U0029,B02,arxiv,GONZALEZ-GARCIA,G128,A. Aguilar-Arevalo et al. (LSND),2001,hep-ex/0104049,,Phys. Rev.|D64|112007,,"A. Aguilar-Arevalo et al. (LSND), Phys. Rev. D64, 112007 (2001), [hep-ex/0104049]."
U0030,B02,arxiv,AGOSTINI;GONZALEZ-GARCIA,A041;G060,Ahmad,2001,nucl-ex/0106015,,Phys. Rev. Lett.|87|071301,Measurement of the rate of νe + d → p + p + e− interactions produced by 8 B solar neutrinos at the Sudbury Neutrino Observatory,"Ahmad, Q R, et al. (SNO) (2001), “Measurement of the rate of νe + d → p + p + e− interactions produced by 8 B solar neutrinos at the Sudbury Neutrino Observatory,” Phys. Rev. Lett. 87, 071301, arXiv:nucl-ex/0106015."
U0031,B02,arxiv,AGOSTINI,A118,Babu,2001,hep-ph/0106054,,,Classification of effective neutrino mass operators,"Babu, K S, and C. N. Leung (2001), “Classification of effective neutrino mass operators,” Nucl.Phys.B 619, 667-689, arXiv:hep-ph/0106054."
U0032,B02,arxiv,GONZALEZ-GARCIA,G234,F. Vissani,2001,hep-ph/0012018,,Nucl. Phys. B Proc. Suppl.|100|273,,"F. Vissani, Nucl. Phys. B Proc. Suppl. 100, 273 (2001), [hep-ph/0012018]."
U0033,B02,arxiv,AGOSTINI,A465,Klapdor-Kleingrothaus,2001,hep-ph/0201231,,,Evidence for neutrinoless double beta decay,"Klapdor-Kleingrothaus, H V, A. Dietz, H. L. Harney, and I. V. Krivosheina (2001a), “Evidence for neutrinoless double beta decay,” Mod. Phys. Lett. A 16, 2409-2420, arXiv:hep-ph/0201231."
U0034,B02,arxiv,AGOSTINI,A468,Klapdor-Kleingrothaus,2001,hep-ph/0103062,,,Latest results from the Heidelberg-Moscow double beta decay experiment,"Klapdor-Kleingrothaus, H V, et al. (2001b), “Latest results from the Heidelberg-Moscow double beta decay experiment,” Eur. Phys. J. A 12, 147-154, arXiv:hep-ph/0103062."
U0035,B02,arxiv,GONZALEZ-GARCIA,G087,M. Ambrosio et al. (MACRO),2001,hep-ex/0106049,,Phys. Lett.|B517|59,,"M. Ambrosio et al. (MACRO), Phys. Lett. B517, 59 (2001), [hep-ex/0106049]."
U0036,B02,arxiv,GONZALEZ-GARCIA,G177,M. Freund,2001,hep-ph/0103300,,Phys. Rev.|D64|053003,,"M. Freund, Phys. Rev. D64, 053003 (2001), [hep-ph/0103300]."
U0037,B02,titulo,AGOSTINI,A578,Pas,2001,,,,A Superformula for neutrinoless double beta decay. 2. The Short range part,"Pas, H, M. Hirsch, H. V. Klapdor-Kleingrothaus, and S. G. Kovalenko (2001), “A Superformula for neutrinoless double beta decay. 2. The Short range part,” Phys. Lett. B 498, 35-39."
U0038,B02,arxiv,GONZALEZ-GARCIA,G056,S. Fukuda et al. (Super-Kamiokande),2001,hep-ex/0103033,,Phys. Rev. Lett.|86|5656,,"S. Fukuda et al. (Super-Kamiokande), Phys. Rev. Lett. 86, 5656 (2001), [hep-ex/0103033]."
U0039,B02,arxiv,GONZALEZ-GARCIA,G061,S. Fukuda et al. (Super-Kamiokande),2001,hep-ex/0103032,,Phys. Rev. Lett.|86|5651,,"S. Fukuda et al. (Super-Kamiokande), Phys. Rev. Lett. 86, 5651 (2001), [hep-ex/0103032]."
U0040,B02,arxiv,GONZALEZ-GARCIA,G106,S. H. Ahn et al. (K2K),2001,hep-ex/0103001,,Phys. Lett. B|511|178,,"S. H. Ahn et al. (K2K), Phys. Lett. B 511, 178 (2001), [hep-ex/0103001]."
U0041,B03,arxiv,AGOSTINI,A694,Vissani,2001,hep-ph/0102236,,,Expected properties of massive neutrinos for mass matrices with a dominant block and random coefficients order unity,"Vissani, F (2001), “Expected properties of massive neutrinos for mass matrices with a dominant block and random coefficients order unity,” Phys. Lett. B 508, 79-84, arXiv:hep-ph/0102236."
U0042,B03,arxiv,GONZALEZ-GARCIA,G235,Y. Farzan,2001,hep-ph/0105105,,Nucl. Phys.|B612|59,,"Y. Farzan, O. L. G. Peres and A. Yu. Smirnov, Nucl. Phys. B612, 59 (2001), [hep-ph/0105105]."
U0043,B03,arxiv,AGOSTINI,A743,Zuber,2001,nucl-ex/0105018,,,COBRA: Double beta decay searches using CdTe detectors,"Zuber, K (2001), “COBRA: Double beta decay searches using CdTe detectors,” Phys. Lett. B 519, 1-7, arXiv:nucl-ex/0105018."
U0044,B03,arxiv,AGOSTINI,A003,Aalseth,2002,hep-ex/0202018,,,Comment on ‘Evidence for neutrinoless double beta decay’,"Aalseth, C E, et al. (2002), “Comment on ‘Evidence for neutrinoless double beta decay’,” Mod. Phys. Lett. A 17, 1475- 1478, arXiv:hep-ex/0202018."
U0045,B03,arxiv,GONZALEZ-GARCIA,G129,B. Armbruster et al. (KARMEN),2002,hep-ex/0203021,,Phys. Rev.|D65|112001,,"B. Armbruster et al. (KARMEN), Phys. Rev. D65, 112001 (2002), [hep-ex/0203021]."
U0046,B03,arxiv,AGOSTINI,A219,Choi,2002,hep-ph/0207180,,,Operator analysis of neutrinoless double beta decay,"Choi, K, K. S. Jeong, and W. Y. Song (2002), “Operator analysis of neutrinoless double beta decay,” Phys.Rev.D 66, 093007, arXiv:hep-ph/0207180."
U0047,B03,arxiv,AGOSTINI,A279,Dolgov,2002,hep-ph/0202122,,,Neutrinos in cosmology,"Dolgov, A D (2002), “Neutrinos in cosmology,” Phys. Rept. 370, 333-535, arXiv:hep-ph/0202122."
U0048,B03,arxiv,AGOSTINI,A322,Feruglio,2002,hep-ph/0201291,,,Neutrino oscillations and signals in beta and 0nu2beta experiments,"Feruglio, F, A. Strumia, and F. Vissani (2002), “Neutrino oscillations and signals in beta and 0nu2beta experiments,” Nucl. Phys. B 637, 345-377, [Addendum: Nucl.Phys.B 659, 359-362 (2003)], hep-ph/0201291."
U0049,B03,arxiv,GONZALEZ-GARCIA,G047,J. N. Abdurashitov et al. (SAGE),2002,astro-ph/0204245,,J. Exp. Theor. Phys.|95|181,,"J. N. Abdurashitov et al. (SAGE), J. Exp. Theor. Phys. 95, 181 (2002), [Zh. Eksp. Teor. Fiz.122,211(2002)], [arXiv:astro-ph/0204245]."
U0050,B03,arxiv,AGOSTINI,A523,Matsuda,2002,hep-ph/0108202,,,How far can the SO(10) two Higgs model describe the observed neutrino masses and mixings?,"Matsuda, K, Y. Koide, T. Fukuyama, and H. Nishiura (2002), “How far can the SO(10) two Higgs model describe the observed neutrino masses and mixings?” Phys. Rev. D 65, 033008, [Erratum: Phys.Rev.D 65, 079904 (2002)], arXiv:hep-ph/0108202."
U0051,B03,arxiv,GONZALEZ-GARCIA,G062,Q. R. Ahmad et al. (SNO),2002,nucl-ex/0204008,,Phys. Rev. Lett.|89|011301,,"Q. R. Ahmad et al. (SNO), Phys. Rev. Lett. 89, 011301 (2002), [arXiv:nucl-ex/0204008]."
U0052,B03,arxiv,GONZALEZ-GARCIA,G059,S. Fukuda et al. (Super-Kamiokande),2002,hep-ex/0205075,,Phys. Lett.|B539|179,,"S. Fukuda et al. (Super-Kamiokande), Phys. Lett. B539, 179 (2002), [hep-ex/0205075]."
U0053,B03,arxiv,GONZALEZ-GARCIA,G204,Y. Farzan and A. Yu. Smirnov,2002,hep-ph/0201105,,Phys. Rev.|D65|113001,,"Y. Farzan and A. Yu. Smirnov, Phys. Rev. D65, 113001 (2002), [hep-ph/0201105]."
U0054,B03,arxiv,AGOSTINI,A234,Conti,2003,hep-ex/0303008,,,Correlated fluctuations between luminescence and ionization in liquid xenon,"Conti, E, et al. (EXO-200) (2003), “Correlated fluctuations between luminescence and ionization in liquid xenon,” Phys. Rev. B 68, 054201, arXiv:hep-ex/0303008."
U0055,B03,titulo,AGOSTINI,A255,Day,2003,,,,A broadband superconducting detector suitable for use in large arrays,"Day, P, H. Leduc, B. Mazin, A. Vayonakis, and J. Zmuidzinas (2003), “A broadband superconducting detector suitable for use in large arrays,” Nature 425, 817-21."
U0056,B03,arxiv,AGOSTINI;GONZALEZ-GARCIA,A292;G151,Eguchi,2003,hep-ex/0212021,,Phys. Rev. Lett.|90|021802,First results from KamLAND: Evidence for reactor anti-neutrino disappearance,"Eguchi, K, et al. (KamLAND) (2003), “First results from KamLAND: Evidence for reactor anti-neutrino disappearance,” Phys. Rev. Lett. 90, 021802, arXiv:hep-ex/0212021."
U0057,B03,arxiv,GONZALEZ-GARCIA,G076,G. Battistoni et al.,2003,hep-ph/0207035,,Astropart. Phys.|19|269,,"G. Battistoni et al., Astropart. Phys. 19, 269 (2003), [Erratum: Astropart. Phys.19,291(2003)], [hep-ph/0207035]."
U0058,B03,arxiv,GONZALEZ-GARCIA,G191,J. Bernabeu,2003,hep-ph/0305152,,Nucl.Phys.|B669|255,,"J. Bernabeu, S. Palomares Ruiz and S. Petcov, Nucl.Phys. B669, 255 (2003), [hep-ph/0305152]."
U0059,B03,arxiv,GONZALEZ-GARCIA,G006,M. C. Gonzalez-Garcia and Y. Nir,2003,hep-ph/0202058,,Rev. Mod. Phys.|75|345,,"M. C. Gonzalez-Garcia and Y. Nir, Rev. Mod. Phys. 75, 345 (2003), [hep-ph/0202058]."
U0060,B03,arxiv,GONZALEZ-GARCIA,G088,M. C. Sanchez et al. (Soudan 2),2003,hep-ex/0307069,,Phys. Rev.|D68|113004,,"M. C. Sanchez et al. (Soudan 2), Phys. Rev. D68, 113004 (2003), [hep-ex/0307069]."
U0061,B04,arxiv,GONZALEZ-GARCIA,G178,E. K. Akhmedov et al.,2004,hep-ph/0402175,,JHEP|04|078,,"E. K. Akhmedov et al., JHEP 04, 078 (2004), [hep-ph/0402175]."
U0062,B04,arxiv,AGOSTINI,A300,Elliott,2004,hep-ph/0405078,,,Double beta decay,"Elliott, S R, and J. Engel (2004), “Double beta decay,” J. Phys. G 30, R183-R215, arXiv:hep-ph/0405078."
U0063,B04,arxiv,AGOSTINI,A332,Fogli,2004,hep-ph/0408045,,,Observables sensitive to absolute neutrino masses: Constraints and correlations from world neutrino data,"Fogli, GL, E. Lisi, A. Marrone, A. Melchiorri, A. Palazzo, P. Serra, and J. Silk (2004), “Observables sensitive to absolute neutrino masses: Constraints and correlations from world neutrino data,” Phys.Rev.D 70, 113003, arXiv:hep-ph/0408045."
U0064,B04,arxiv,AGOSTINI,A467,Klapdor-Kleingrothaus,2004,hep-ph/0404088,,,Search for neutrinoless double beta decay with enriched Ge-76 in Gran Sasso 1990-2003,"Klapdor-Kleingrothaus, H V, I. V. Krivosheina, A. Dietz, and O. Chkvorets (2004), “Search for neutrinoless double beta decay with enriched Ge-76 in Gran Sasso 1990-2003,” Phys. Lett. B 586, 198-212, arXiv:hep-ph/0404088."
U0065,B04,arxiv,GONZALEZ-GARCIA,G189,M. Gonzalez-Garcia,2004,hep-ph/0408170,,Phys.Rev.|D70|093005,,"M. Gonzalez-Garcia, M. Maltoni and A. Y. Smirnov, Phys.Rev. D70, 093005 (2004), [hep-ph/0408170]."
U0066,B04,arxiv,GONZALEZ-GARCIA,G180,O. L. G. Peres and A. Yu. Smirnov,2004,hep-ph/0309312,,Nucl. Phys.|B680|479,,"O. L. G. Peres and A. Yu. Smirnov, Nucl. Phys. B680, 479 (2004), [hep-ph/0309312]."
U0067,B04,arxiv,AGOSTINI,A725,Wulandari,2004,hep-ex/0312050,,,Neutron flux underground revisited,"Wulandari, H, J. Jochum, W. Rau, and F. von Feilitzsch (2004), “Neutron flux underground revisited,” Astropart. Phys. 22, 313-322, arXiv:hep-ex/0312050."
U0068,B04,arxiv,GONZALEZ-GARCIA,G091,Y. Ashie et al. (Super-Kamiokande),2004,hep-ex/0404034,,Phys. Rev. Lett.|93|101801,,"Y. Ashie et al. (Super-Kamiokande), Phys. Rev. Lett. 93, 101801 (2004), [hep-ex/0404034]."
U0069,B04,arxiv,AGOSTINI,A103,Asaka,2005,hep-ph/0503065,,,"The nuMSM, dark matter and neutrino masses","Asaka, Takehiko, Steve Blanchet, and Mikhail Shaposhnikov (2005), “The nuMSM, dark matter and neutrino masses,” Phys. Lett. B 631, 151-156, arXiv:hep-ph/0503065."
U0070,B04,arxiv,GONZALEZ-GARCIA,G058,B. Aharmim et al. (SNO),2005,nucl-ex/0502021,,Phys. Rev.|C72|055502,,"B. Aharmim et al. (SNO), Phys. Rev. C72, 055502 (2005), [arXiv:nucl-ex/0502021]."
U0071,B04,arxiv,AGOSTINI,A163,Bezrukov,2005,hep-ph/0505247,,,nu MSM-predictions for neutrinoless double beta decay,"Bezrukov, F L (2005), “nu MSM-predictions for neutrinoless double beta decay,” Phys. Rev. D 72, 071303, arXiv:hep-ph/0505247."
U0072,B04,arxiv,GONZALEZ-GARCIA,G175,H. Nunokawa,2005,hep-ph/0503283,,Phys. Rev.|D72|013009,,"H. Nunokawa, S. J. Parke and R. Zukanovich Funchal, Phys. Rev. D72, 013009 (2005), [hep-ph/0503283]."
U0073,B04,arxiv,GONZALEZ-GARCIA,G040,J. N. Bahcall,2005,astro-ph/0412440,,,,"J. N. Bahcall, A. M. Serenelli and S. Basu, Astrophys. J. 621, L85 (2005), [arXiv:astro-ph/0412440]."
U0074,B04,arxiv,GONZALEZ-GARCIA,G049,M. Altmann et al. (GNO),2005,hep-ex/0504037,,Phys. Lett.|B616|174,,"M. Altmann et al. (GNO), Phys. Lett. B616, 174 (2005), [hep-ex/0504037]."
U0075,B04,arxiv,GONZALEZ-GARCIA,G173,S. Goswami and A. Yu. Smirnov,2005,hep-ph/0411359,,Phys. Rev.|D72|053011,,"S. Goswami and A. Yu. Smirnov, Phys. Rev. D72, 053011 (2005), [hep-ph/0411359]."
U0076,B04,arxiv,GONZALEZ-GARCIA,G152,T. Araki et al. (KamLAND),2005,hep-ex/0406035,,Phys. Rev. Lett.|94|081801,,"T. Araki et al. (KamLAND), Phys. Rev. Lett. 94, 081801 (2005), [hep-ex/0406035]."
U0077,B04,arxiv,AGOSTINI,A124,Bajc,2006,hep-ph/0510139,,,Yukawa sector in non-supersymmetric renormalizable SO(10),"Bajc, B, A. Melfo, G. Senjanovic, and F. Vissani (2006), “Yukawa sector in non-supersymmetric renormalizable SO(10),” Phys. Rev. D 73, 055001, arXiv:hep-ph/0510139."
U0078,B04,arxiv,AGOSTINI,A199,Caldwell,2006,physics/0608249,,,Signal discovery in sparse spectra: A Bayesian analysis,"Caldwell, A, and K. Kroninger (2006), “Signal discovery in sparse spectra: A Bayesian analysis,” Phys. Rev. D 74, 092003, arXiv:physics/0608249."
U0079,B04,titulo,AGOSTINI,A273,Depuydt,2006,,,,Germanium: From the first application of czochralski crystal growth to large diameter dislocation-free wafers,"Depuydt, B, A. Theuwis, and I. Romandic (2006), “Germanium: From the first application of czochralski crystal growth to large diameter dislocation-free wafers,” Materials Science in Semiconductor Processing 9 (4), 437 - 443, proceedings of Symposium T E-MRS 2006 Spring Meeting on Germanium based semiconductors from materials to devices."
U0080,B04,arxiv,GONZALEZ-GARCIA,G075,G. D. Barr et al.,2006,astro-ph/0611266,,Phys. Rev.|D74|094009,,"G. D. Barr et al., Phys. Rev. D74, 094009 (2006), [arXiv:astro-ph/0611266]."
U0081,B05,arxiv,GONZALEZ-GARCIA,G179,H. Minakata et al.,2006,hep-ph/0607284,,Phys. Rev.|D74|053008,,"H. Minakata et al., Phys. Rev. D74, 053008 (2006), [hep-ph/0607284]."
U0082,B05,arxiv,GONZALEZ-GARCIA,G117,M. H. Ahn et al. (K2K),2006,hep-ex/0606032,,Phys. Rev.|D74|072003,,"M. H. Ahn et al. (K2K), Phys. Rev. D74, 072003 (2006), [hep-ex/0606032]."
U0083,B05,arxiv,AGOSTINI,A528,Mei,2006,astro-ph/0512125,,,Muon-induced background study for underground laboratories,"Mei, D, and A. Hime (2006), “Muon-induced background study for underground laboratories,” Phys. Rev. D 73, 053004, arXiv:astro-ph/0512125."
U0084,B05,arxiv,GONZALEZ-GARCIA,G174,N. Okamura,2006,hep-ph/0411388,,Prog. Theor. Phys.|114|1045,,"N. Okamura, Prog. Theor. Phys. 114, 1045 (2006), [hep-ph/0411388]."
U0085,B05,arxiv,GONZALEZ-GARCIA,G022,S. Antusch et al.,2006,hep-ph/0607020,,JHEP|10|084,,"S. Antusch et al., JHEP 10, 084 (2006), [hep-ph/0607020]."
U0086,B05,arxiv,GONZALEZ-GARCIA,G192,S. Petcov and T. Schwetz,2006,hep-ph/0511277,,Nucl.Phys.|B740|1,,"S. Petcov and T. Schwetz, Nucl.Phys. B740, 1 (2006), [hep-ph/0511277]."
U0087,B05,arxiv,AGOSTINI,A266,Deppisch,2007,hep-ph/0612165,,,Pinning down the mechanism of neutrinoless double beta decay with measurements in different nuclei,"Deppisch, F, and H. Pas (2007), “Pinning down the mechanism of neutrinoless double beta decay with measurements in different nuclei,” Phys. Rev. Lett. 98, 232501, arXiv:hep-ph/0612165."
U0088,B05,arxiv,GONZALEZ-GARCIA,G186,E. K. Akhmedov,2007,hep-ph/0612285,,JHEP|0705|077,,"E. K. Akhmedov, M. Maltoni and A. Y. Smirnov, JHEP 0705, 077 (2007), [hep-ph/0612285]."
U0089,B05,arxiv,AGOSTINI,A357,Gehman,2007,hep-ph/0701099,,,Multiple-Isotope Comparison for Determining 0 nu beta beta Mechanisms,"Gehman, V M, and S. R. Elliott (2007), “Multiple-Isotope Comparison for Determining 0 nu beta beta Mechanisms,” J. Phys. G 34, 667-678, [Erratum: J.Phys.G 35, 029701 (2008)], arXiv:hep-ph/0701099."
U0090,B05,arxiv,GONZALEZ-GARCIA,G103,S. E. Kopp,2007,physics/0609129,,Phys. Rept.|439|101,,"S. E. Kopp, Phys. Rept. 439, 101 (2007), [arXiv:physics/0609129]."
U0091,B05,titulo,AGOSTINI,A112,Avignone III,2008,,,,"Double beta decay, Majorana neutrinos, and neutrino mass","Avignone III, F T, S. R. Elliott, and J. Engel (2008), “Double beta decay, Majorana neutrinos, and neutrino mass,” Rev. Mod. Phys. 80, 481."
U0092,B05,arxiv,GONZALEZ-GARCIA,G065,C. Arpesella et al. (Borexino),2008,0708.2251,,Phys. Lett. B|658|101,,"C. Arpesella et al. (Borexino), Phys. Lett. B 658, 101 (2008), [arXiv:0708.2251]."
U0093,B05,arxiv,GONZALEZ-GARCIA,G046,C. Pena-Garay and A. Serenelli (2008),2008,0811.2424,,,,"C. Pena-Garay and A. Serenelli (2008), [arXiv:0811.2424]."
U0094,B05,arxiv,GONZALEZ-GARCIA,G105,D. G. Michael et al. (MINOS),2008,0805.3170,,Nucl. Instrum. Meth. A|596|190,,"D. G. Michael et al. (MINOS), Nucl. Instrum. Meth. A 596, 190 (2008), [arXiv:0805.3170]."
U0095,B05,arxiv,GONZALEZ-GARCIA,G190,E. K. Akhmedov,2008,0804.1466,,JHEP|0806|072,,"E. K. Akhmedov, M. Maltoni and A. Y. Smirnov, JHEP 0806, 072 (2008), [arXiv:0804.1466]."
U0096,B05,arxiv,AGOSTINI,A315,Faessler,2008,0710.3199,,,Pion dominance in RPV SUSY induced neutrinoless double beta decay,"Faessler, Amand, Thomas Gutsche, Sergey Kovalenko, and Fedor Simkovic (2008), “Pion dominance in RPV SUSY induced neutrinoless double beta decay,” Phys. Rev. D 77, 113012, arXiv:0710.3199 [hep-ph]."
U0097,B05,arxiv,AGOSTINI,A499,Leonard,2008,0709.4524,,,Systematic study of trace radioactive impurities in candidate construction materials for EXO-200,"Leonard, D S, et al. (2008), “Systematic study of trace radioactive impurities in candidate construction materials for EXO-200,” Nucl. Instrum. Meth. A 591, 490-509, arXiv:0709.4524 [physics.ins-det]."
U0098,B05,arxiv,GONZALEZ-GARCIA,G212,M. A. Acero,2008,0711.4222,,Phys. Rev.|D78|073009,,"M. A. Acero, C. Giunti and M. Laveder, Phys. Rev. D78, 073009 (2008), [arXiv:0711.4222]."
U0099,B05,arxiv,GONZALEZ-GARCIA,G007,M. C. Gonzalez-Garcia and M. Maltoni,2008,0704.1800,,Phys. Rept.|460|1,,"M. C. Gonzalez-Garcia and M. Maltoni, Phys. Rept. 460, 1 (2008), [arXiv:0704.1800]."
U0100,B05,arxiv,AGOSTINI,A605,Rahaman,2008,0712.3337,,,Q value of the Mo-100 Double- Beta Decay,"Rahaman, S, et al. (2008), “Q value of the Mo-100 Double- Beta Decay,” Phys. Lett. B662, 111-116, arXiv:0712.3337 [nucl-ex]."
U0101,B06,arxiv,AGOSTINI,A686,Umehara,2008,0810.4746,,,Neutrino-less double-beta decay of Ca-48 studied by Ca F(2)(Eu) scintillators,"Umehara, S, et al. (2008), “Neutrino-less double-beta decay of Ca-48 studied by Ca F(2)(Eu) scintillators,” Phys. Rev. C 78, 058501, arXiv:0810.4746 [nucl-ex]."
U0102,B06,arxiv,AGOSTINI,A105,Atre,2009,0901.3589,,,The search for heavy majorana neutrinos,"Atre, A, T. Han, S. Pascoli, and B. Zhang (2009), “The search for heavy majorana neutrinos,” JHEP 05, 030, arXiv:0901.3589 [hep-ph]."
U0103,B06,arxiv,AGOSTINI,A309,Engel,2009,0904.1709,,,Corrections to the Neutrinoless Double-Beta-Decay Operator in the Shell Model,"Engel, Jonathan, and Gaute Hagen (2009), “Corrections to the Neutrinoless Double-Beta-Decay Operator in the Shell Model,” Phys. Rev. C 79, 064317, arXiv:0904.1709 [nucl-th]. ENSDF, (2021), http://www.nndc.bnl.gov/ensdf."
U0104,B06,arxiv,AGOSTINI,A386,Granena,2009,0907.4054,,,"NEXT, a HPGXe TPC for neutrinoless double beta decay searches","Granena, F, et al. (NEXT) (2009), “NEXT, a HPGXe TPC for neutrinoless double beta decay searches,” arXiv:0907.4054 [hep-ex]."
U0105,B06,arxiv,GONZALEZ-GARCIA,G050,J. N. Abdurashitov et al. (SAGE),2009,0901.2200,,Phys. Rev.|C80|015807,,"J. N. Abdurashitov et al. (SAGE), Phys. Rev. C80, 015807 (2009), [arXiv:0901.2200]."
U0106,B06,arxiv,AGOSTINI,A609,Redshaw,2009,0902.2139,,,Masses of Te-130 and Xe-130 and Double-beta- Decay Q Value of Te-130,"Redshaw, M, B. J. Mount, E. G. Myers, and F. T. Avignone, III (2009), “Masses of Te-130 and Xe-130 and Double-beta- Decay Q Value of Te-130,” Phys. Rev. Lett. 102, 212502, arXiv:0902.2139 [nucl-ex]."
U0107,B06,arxiv,GONZALEZ-GARCIA,G205,A. Dueck,2010,1006.0227,,Phys. Rev.|D82|013005,,"A. Dueck, S. Petcov and W. Rodejohann, Phys. Rev. D82, 013005 (2010), [arXiv:1006.0227]."
U0108,B06,arxiv,AGOSTINI,A081,Argyriades,2010,0906.2694,,,Measurement of the two neutrino double beta decay half-life of Zr-96 with the NEMO-3 detector,"Argyriades, J, et al. (NEMO-3) (2010), “Measurement of the two neutrino double beta decay half-life of Zr-96 with the NEMO-3 detector,” Nucl. Phys. A 847, 168-179, arXiv:0906.2694 [nucl-ex]."
U0109,B06,arxiv,GONZALEZ-GARCIA,G069,G. Bellini et al. (Borexino),2010,0808.2868,,Phys. Rev. D|82|033006,,"G. Bellini et al. (Borexino), Phys. Rev. D 82, 033006 (2010), [arXiv:0808.2868]."
U0110,B06,arxiv,AGOSTINI,A513,Maiezza,2010,1005.5160,,,Left-right symmetry at lhc,"Maiezza, A, M. Nemevsek, F. Nesti, and G. Senjanovic (2010), “Left-right symmetry at lhc,” Phys.Rev.D 82, 055022, arXiv:1005.5160 [hep-ph]."
U0111,B06,arxiv,AGOSTINI,A649,Simkovic,2010,1006.0571,,,Few active mechanisms of the neutrinoless double betadecay and effective mass of Majorana neutrinos,"Simkovic, Fedor, John Vergados, and Amand Faessler (2010), “Few active mechanisms of the neutrinoless double betadecay and effective mass of Majorana neutrinos,” Phys. Rev. D 82, 113015, arXiv:1006.0571 [hep-ph]."
U0112,B06,arxiv,AGOSTINI,A665,Swenson,2010,1004.5066,,,Highspeed phonon imaging using frequency-multiplexed kinetic inductance detectors,"Swenson, L J, A. Cruciani, A. Benoit, M. Roesch, C. S. Yung, A. Bideaud, and A. Monfardini (2010), “Highspeed phonon imaging using frequency-multiplexed kinetic inductance detectors,” Appl. Phys. Lett. 96, 263511, arXiv:1004.5066 [physics.ins-det]."
U0113,B06,arxiv,GONZALEZ-GARCIA,G041,A. M. Serenelli,2011,1104.1639,,Astrophys. J.|743|24,,"A. M. Serenelli, W. C. Haxton and C. Pena-Garay, Astrophys. J. 743, 24 (2011), [arXiv:1104.1639]."
U0114,B06,arxiv,AGOSTINI,A131,Barabash,2011,1104.2714,,,Double Beta Decay: Historical Review of 75 Years of Research,"Barabash, A S (2011), “Double Beta Decay: Historical Review of 75 Years of Research,” Phys. Atom. Nucl. 74, 603- 613, arXiv:1104.2714 [nucl-ex]."
U0115,B06,arxiv,AGOSTINI,A134,Barabash,2011,1108.2771,,,Low background detector with enriched 116 CdW O4 crystal scintillators to search for double β decay of 116 Cd,"Barabash, AS, et al. (2011), “Low background detector with enriched 116 CdW O4 crystal scintillators to search for double β decay of 116 Cd,” JINST 6, P08011, arXiv:1108.2771 [physics.ins-det]."
U0116,B06,arxiv,AGOSTINI,A149,Baudis,2011,1103.2125,,,Gator: a low-background counting facility at the Gran Sasso Underground Laboratory,"Baudis, L, et al. (2011), “Gator: a low-background counting facility at the Gran Sasso Underground Laboratory,” JINST 6, P08010, arXiv:1103.2125 [astro-ph.IM]."
U0117,B06,arxiv,GONZALEZ-GARCIA,G213,C. Giunti and M. Laveder,2011,1006.3244,,Phys. Rev.|C83|065504,,"C. Giunti and M. Laveder, Phys. Rev. C83, 065504 (2011), [arXiv:1006.3244]."
U0118,B06,arxiv,GONZALEZ-GARCIA,G219,C. Giunti and M. Laveder,2011,1109.4033,,Phys. Rev.|D84|093006,,"C. Giunti and M. Laveder, Phys. Rev. D84, 093006 (2011), [arXiv:1109.4033]."
U0119,B06,arxiv,GONZALEZ-GARCIA,G121,C. Rubbia et al.,2011,1106.0975,,,,"C. Rubbia et al., JINST 6, P07011 (2011), [arXiv:1106.0975]."
U0120,B06,arxiv,AGOSTINI,A240,Cowan,2011,1007.1727,,,Asymptotic formulae for likelihood-based tests of new physics,"Cowan, G, K. Cranmer, E. Gross, and O. Vitells (2011), “Asymptotic formulae for likelihood-based tests of new physics,” Eur. Phys. J. C 71, 1554, [Erratum: Eur.Phys.J.C 73, 2501 (2013)], arXiv:1007.1727 [physics.data-an]."
U0121,B07,arxiv,AGOSTINI,A288,Duerr,2011,1105.0901,,,On the quantitative impact of the schechter-valle theorem,"Duerr, M, M. Lindner, and A. Merle (2011), “On the quantitative impact of the schechter-valle theorem,” JHEP 06, 091, arXiv:1105.0901 [hep-ph]."
U0122,B07,arxiv,GONZALEZ-GARCIA,G209,G. Mention et al.,2011,1101.2755,,Phys. Rev.|D83|073006,,"G. Mention et al., Phys. Rev. D83, 073006 (2011), [arXiv:1101.2755]."
U0123,B07,arxiv,AGOSTINI,A455,Joshipura,2011,1102.5148,,,Fermion Masses in SO(10) Models,"Joshipura, A S, and K. M. Patel (2011), “Fermion Masses in SO(10) Models,” Phys. Rev. D 83, 095002, arXiv:1102.5148 [hep-ph]. JSC Isotope, (last accessed: Sep. 2020a), http://www. isotop.ru/en/view/1653/. JSC Isotope, (last accessed: Sep. 2020b), http://www. isotop.ru/en/view/1658/. JSC Isotope, (last accessed: Sep. 2020c), http://www. isotop.ru/en/view/1667/. JSC Isotope, (last accessed: Sep. 2020d), http://www. isotop.ru/en/view/1308/."
U0124,B07,arxiv,GONZALEZ-GARCIA,G108,K. Abe et al. (T2K),2011,1106.1238,,Nucl. Instrum. Meth. A|659|106,,"K. Abe et al. (T2K), Nucl. Instrum. Meth. A 659, 106 (2011), [arXiv:1106.1238]."
U0125,B07,arxiv,GONZALEZ-GARCIA,G122,K. Abe et al. (T2K),2011,1106.2822,,Phys. Rev. Lett.|107|041801,,"K. Abe et al. (T2K), Phys. Rev. Lett. 107, 041801 (2011), [arXiv:1106.2822]."
U0126,B07,arxiv,GONZALEZ-GARCIA,G140,P. Huber,2011,1106.0687,,Phys. Rev.|C84|024617,,"P. Huber, Phys. Rev. C84, 024617 (2011), [Erratum: Phys. Rev.C85,029901(2012)], [arXiv:1106.0687]."
U0127,B07,arxiv,AGOSTINI,A619,Rodejohann,2011,1106.1334,,,Neutrino-less Double Beta Decay and Particle Physics,"Rodejohann, W (2011), “Neutrino-less Double Beta Decay and Particle Physics,” Int. J. Mod. Phys. E 20, 1833-1930, arXiv:1106.1334 [hep-ph]."
U0128,B07,arxiv,GONZALEZ-GARCIA,G072,S. Abe et al. (KamLAND),2011,1106.0861,,Phys. Rev.|C84|035804,,"S. Abe et al. (KamLAND), Phys. Rev. C84, 035804 (2011), [arXiv:1106.0861]."
U0129,B07,arxiv,GONZALEZ-GARCIA,G139,T. A. Mueller et al.,2011,1101.2663,,Phys. Rev.|C83|054615,,"T. A. Mueller et al., Phys. Rev. C83, 054615 (2011), [arXiv:1101.2663]."
U0130,B07,arxiv,AGOSTINI,A671,Tello,2011,1011.3522,,,Left-Right Symmetry: from LHC to Neutrinoless Double Beta Decay,"Tello, Vladimir, Miha Nemevsek, Fabrizio Nesti, Goran Senjanovic, and Francesco Vissani (2011), “Left-Right Symmetry: from LHC to Neutrinoless Double Beta Decay,” Phys. Rev. Lett. 106, 151801, arXiv:1011.3522 [hep-ph]."
U0131,B07,arxiv,AGOSTINI,A682,Tretyak,2011,1112.4183,,,"False starts in history of searches for 2β decay, or Discoverless double beta decay","Tretyak, V I (2011), “False starts in history of searches for 2β decay, or Discoverless double beta decay,” AIP Conf. Proc. 1417 (1), 129-133, arXiv:1112.4183 [nucl-ex]."
U0132,B07,arxiv,GONZALEZ-GARCIA,G206,A. Aguilar-Arevalo et al. (MiniBooNE) (2012),2012,1207.4809,,,,"A. Aguilar-Arevalo et al. (MiniBooNE) (2012), [arXiv:1207.4809]."
U0133,B07,arxiv,AGOSTINI,A068,Alvarez,2012,1202.0721,,,NEXT-100 Technical Design Report (TDR): Executive Summary,"Alvarez, V, et al. (NEXT) (2012), “NEXT-100 Technical Design Report (TDR): Executive Summary,” JINST 7, T06001, arXiv:1202.0721 [physics.ins-det]."
U0134,B07,arxiv,AGOSTINI,A108,Auger,2012,1202.2192,,,"The EXO-200 detector, part I: Detector design and construction","Auger, M, et al. (2012), “The EXO-200 detector, part I: Detector design and construction,” JINST 7, P05010, arXiv:1202.2192 [physics.ins-det]."
U0135,B07,arxiv,AGOSTINI,A161,Bertolini,2012,1202.0807,,,Seesaw Scale in the Minimal Renormalizable SO(10) Grand Unification,"Bertolini, S, L. Di Luzio, and M. Malinsky (2012), “Seesaw Scale in the Minimal Renormalizable SO(10) Grand Unification,” Phys. Rev. D 85, 095014, arXiv:1202.0807 [hep-ph]."
U0136,B07,arxiv,AGOSTINI,A193,Buccella,2012,1203.0829,,,Squeezing out predictions with leptogenesis from SO(10),"Buccella, F, D. Falcone, C. S. Fong, E. Nardi, and G. Ricciardi (2012), “Squeezing out predictions with leptogenesis from SO(10),” Phys. Rev. D 86, 035012, arXiv:1203.0829 [hep-ph]."
U0137,B07,arxiv,AGOSTINI,A214,Chakrabortty,2012,1204.2527,,,Neutrinoless double-β decay in TeV scale Left-Right symmetric models,"Chakrabortty, Joydeep, H. Zeen Devi, Srubabati Goswami, and Sudhanwa Patra (2012), “Neutrinoless double-β decay in TeV scale Left-Right symmetric models,” JHEP 08, 008, arXiv:1204.2527 [hep-ph]."
U0138,B07,arxiv,AGOSTINI,A270,Deppisch,2012,1208.0727,,,Neutrinoless Double Beta Decay and Physics Beyond the Standard Model,"Deppisch, F F, M. Hirsch, and H. Pas (2012), “Neutrinoless Double Beta Decay and Physics Beyond the Standard Model,” J. Phys. G 39, 124007, arXiv:1208.0727 [hep-ph]."
U0139,B07,arxiv,AGOSTINI,A299,Elliott,2012,1203.1070,,,Recent Progress in Double Beta Decay,"Elliott, S R (2012), “Recent Progress in Double Beta Decay,” Mod. Phys. Lett. A 27, 1230009, arXiv:1203.1070 [nucl-ex]."
U0140,B07,arxiv,GONZALEZ-GARCIA,G155,F. P. An et al. (Daya Bay),2012,1203.1669,,Phys. Rev. Lett.|108|171803,,"F. P. An et al. (Daya Bay), Phys. Rev. Lett. 108, 171803 (2012), [arXiv:1203.1669]."
U0141,B08,arxiv,AGOSTINI,A325,Fink,2012,1112.5786,,,Q-Value and Half-Lives for the Double-Beta-Decay Nuclide 110Pd,"Fink, D, et al. (2012), “Q-Value and Half-Lives for the Double-Beta-Decay Nuclide 110Pd,” Phys. Rev. Lett. 108, 062502, arXiv:1112.5786 [nucl-ex]."
U0142,B08,arxiv,AGOSTINI,A334,Formaggio,2012,1305.7513,,,From eV to EeV: Neutrino Cross Sections Across Energy Scales,"Formaggio, J A, and G. P. Zeller (2012), “From eV to EeV: Neutrino Cross Sections Across Energy Scales,” Rev. Mod. Phys. 84, 1307-1341, arXiv:1305.7513 [hep-ex]."
U0143,B08,arxiv,GONZALEZ-GARCIA,G066,G. Bellini et al. (Borexino),2012,1110.3230,,Phys. Rev. Lett.|108|051302,,"G. Bellini et al. (Borexino), Phys. Rev. Lett. 108, 051302 (2012), [arXiv:1110.3230]."
U0144,B08,arxiv,AGOSTINI,A351,Gando,2012,1201.4664,,,Measurement of the double-β decay half-life of 136 Xe with the KamLAND-Zen experiment,"Gando, A, et al. (KamLAND-Zen) (2012), “Measurement of the double-β decay half-life of 136 Xe with the KamLAND-Zen experiment,” Phys. Rev. C85, 045504, arXiv:1201.4664 [hep-ex]."
U0145,B08,arxiv,AGOSTINI,A369,Gomez-Cadenas,2012,1109.5515,,,The Search for neutrinoless double beta decay,"Gomez-Cadenas, J J, J. Martin-Albo, M. Mezzetto, F. Monrabal, and M. Sorel (2012), “The Search for neutrinoless double beta decay,” Riv. Nuovo Cim. 35 (2), 29-98, arXiv:1109.5515 [hep-ex]."
U0146,B08,arxiv,GONZALEZ-GARCIA,G156,J. K. Ahn et al. (RENO),2012,1204.0626,,Phys. Rev. Lett.|108|191802,,"J. K. Ahn et al. (RENO), Phys. Rev. Lett. 108, 191802 (2012), [arXiv:1204.0626]."
U0147,B08,arxiv,AGOSTINI,A479,Kotila,2012,1209.5722,,,Phase space factors for double-β decay,"Kotila, J, and F. Iachello (2012b), “Phase space factors for double-β decay,” Phys. Rev. C 85, 034316, arXiv:1209.5722 [nucl-th]."
U0148,B08,arxiv,AGOSTINI,A517,Mangano,2012,1110.4335,,,Updated BBN bounds on the cosmological lepton asymmetry for non-zero θ13 ,"Mangano, G, G. Miele, S. Pastor, O. Pisanti, and S. Sarikas (2012), “Updated BBN bounds on the cosmological lepton asymmetry for non-zero θ13 ,” Phys. Lett. B 708, 1-5, arXiv:1110.4335 [hep-ph]."
U0149,B08,arxiv,AGOSTINI,A541,Mitra,2012,1108.0004,,,Neutrinoless double beta decay and heavy sterile neutrinos,"Mitra, M, G. Senjanovic, and F. Vissani (2012), “Neutrinoless double beta decay and heavy sterile neutrinos,” Nucl.Phys.B 856, 26-73, arXiv:1108.0004 [hep-ph]."
U0150,B08,arxiv,AGOSTINI,A546,Moore,2012,1203.4549,,,Position and energy-resolved particle detection using phonon-mediated microwave kinetic inductance detectors,"Moore, D C, S. R. Golwala, B. Bumble, B. Cornell, P. K. Day, H. G. LeDuc, and J. Zmuidzinas (2012), “Position and energy-resolved particle detection using phonon-mediated microwave kinetic inductance detectors,” Appl. Phys. Lett. 100, 232601, arXiv:1203.4549 [astro-ph.IM]."
U0151,B08,arxiv,AGOSTINI,A620,Rodejohann,2012,1206.2560,,,Neutrinoless double beta decay and neutrino physics,"Rodejohann, W (2012), “Neutrinoless double beta decay and neutrino physics,” J. Phys. G 39, 124008, arXiv:1206.2560 [hep-ph]."
U0152,B08,arxiv,AGOSTINI,A689,Vergados,2012,1205.0649,,,Theory of Neutrinoless Double Beta Decay,"Vergados, J D, H. Ejiri, and F. Simkovic (2012), “Theory of Neutrinoless Double Beta Decay,” Rept. Prog. Phys. 75, 106301, arXiv:1205.0649 [hep-ph]."
U0153,B08,arxiv,AGOSTINI,A696,Vogel,2012,1208.1992,,,Nuclear structure and double beta decay,"Vogel, P (2012a), “Nuclear structure and double beta decay,” J. Phys. G 39, 124002, arXiv:1208.1992 [nucl-th]."
U0154,B08,arxiv,AGOSTINI,A721,Winslow,2012,1202.4733,,,Characterizing Quantum-Dot-Doped Liquid Scintillator for Applications to Neutrino Detectors,"Winslow, L, and R. Simpson (2012), “Characterizing Quantum-Dot-Doped Liquid Scintillator for Applications to Neutrino Detectors,” JINST 7, P07010, arXiv:1202.4733 [physics.ins-det]."
U0155,B08,arxiv,GONZALEZ-GARCIA,G154,Y. Abe et al. (Double Chooz),2012,1112.6353,,Phys. Rev. Lett.|108|131801,,"Y. Abe et al. (Double Chooz), Phys. Rev. Lett. 108, 131801 (2012), [arXiv:1112.6353]."
U0156,B08,arxiv,GONZALEZ-GARCIA,G153,A. Gando et al. (KamLAND),2013,1303.4667,,,,"A. Gando et al. (KamLAND), Phys. Rev. D88, 3, 033001 (2013), [arXiv:1303.4667]."
U0157,B08,arxiv,AGOSTINI,A010,Aberle,2013,1307.4742,,,Optical Properties of Quantum-Dot-Doped Liquid Scintillators,"Aberle, C, J. J. Li, S. Weiss, and L. Winslow (2013), “Optical Properties of Quantum-Dot-Doped Liquid Scintillators,” JINST 8, P10015, arXiv:1307.4742 [physics.ins-det]."
U0158,B08,arxiv,AGOSTINI,A017,Ackermann,2013,1212.4067,,,The GERDA experiment for the search of 0νββ decay in 76 Ge,"Ackermann, K H, et al. (GERDA) (2013), “The GERDA experiment for the search of 0νββ decay in 76 Ge,” Eur. Phys. J. C73 (3), 2330, arXiv:1212.4067 [physics.ins-det]."
U0159,B08,arxiv,AGOSTINI,A032,Agostini,2013,1307.4720,,,Results on Neutrinoless Double-β Decay of 76 Ge from Phase I of the GERDA Experiment,"Agostini, M, et al. (GERDA) (2013), “Results on Neutrinoless Double-β Decay of 76 Ge from Phase I of the GERDA Experiment,” Phys. Rev. Lett. 111 (12), 122503, arXiv:1307.4720 [nucl-ex]."
U0160,B08,arxiv,AGOSTINI,A049,Akhmedov,2013,1302.1872,,,Improving Electro-Weak Fits with TeV-scale Sterile Neutrinos,"Akhmedov, E, A. Kartavtsev, M. Lindner, L. Michaels, and J. Smirnov (2013), “Improving Electro-Weak Fits with TeV-scale Sterile Neutrinos,” JHEP 05, 081, arXiv:1302.1872 [hep-ph]."
U0161,B09,arxiv,AGOSTINI,A067,Altarelli,2013,1305.1001,,,A non supersymmetric SO(10) grand unified model for all the physics below MGU T ,"Altarelli, G, and D. Meloni (2013), “A non supersymmetric SO(10) grand unified model for all the physics below MGU T ,” JHEP 08, 021, arXiv:1305.1001 [hep-ph]."
U0162,B09,arxiv,AGOSTINI,A113,Awasthi,2013,1302.0672,,,"Neutrino masses, dominant neutrinoless double beta decay, and observable lepton flavor violation in leftright models and SO(10) grand unification with low mass WR , ZR bosons","Awasthi, Ram Lal, M. K. Parida, and Sudhanwa Patra (2013), “Neutrino masses, dominant neutrinoless double beta decay, and observable lepton flavor violation in leftright models and SO(10) grand unification with low mass WR , ZR bosons,” JHEP 08, 122, arXiv:1302.0672 [hep-ph]."
U0163,B09,arxiv,GONZALEZ-GARCIA,G063,B. Aharmim et al. (SNO),2013,1109.0763,,Phys. Rev.|C88|025501,,"B. Aharmim et al. (SNO), Phys. Rev. C88, 025501 (2013), [arXiv:1109.0763]."
U0164,B09,titulo,AGOSTINI,A144,Barrett,2013,,,,Ab initio no core shell model,"Barrett, B R, P. Navrátil, and J. P. Vary (2013), “Ab initio no core shell model,” Prog. Part. Nucl. Phys. 69, 131-181."
U0165,B09,arxiv,AGOSTINI,A182,Bonnet,2013,1212.3045,,,Systematic decomposition of the neutrinoless double beta decay operator,"Bonnet, F, M. Hirsch, T. Ota, and W. Winter (2013), “Systematic decomposition of the neutrinoless double beta decay operator,” JHEP 03, 055, [Erratum: JHEP 04, 090 (2014)], arXiv:1212.3045 [hep-ph]."
U0166,B09,arxiv,AGOSTINI,A281,Drewes,2013,1303.6912,,,The Phenomenology of Right Handed Neutrinos,"Drewes, Marco (2013), “The Phenomenology of Right Handed Neutrinos,” Int. J. Mod. Phys. E 22, 1330019, arXiv:1303.6912 [hep-ph]."
U0167,B09,arxiv,AGOSTINI,A287,Dueck,2013,1306.4468,,,Fits to SO(10) Grand Unified Models,"Dueck, A, and W. Rodejohann (2013), “Fits to SO(10) Grand Unified Models,” JHEP 09, 024, arXiv:1306.4468 [hep-ph]."
U0168,B09,arxiv,AGOSTINI,A352,Gando,2013,1211.3863,,,Limit on Neutrinoless ββ Decay of 136 Xe from the First Phase of KamLAND-Zen and Comparison with the Positive Claim in 76 Ge,"Gando, A, et al. (KamLAND-Zen) (2013), “Limit on Neutrinoless ββ Decay of 136 Xe from the First Phase of KamLAND-Zen and Comparison with the Positive Claim in 76 Ge,” Phys. Rev. Lett. 110 (6), 062502, arXiv:1211.3863 [hep-ex]."
U0169,B09,arxiv,GONZALEZ-GARCIA,G221,J. Kopp et al.,2013,1303.3011,,JHEP|05|050,,"J. Kopp et al., JHEP 05, 050 (2013), [arXiv:1303.3011]."
U0170,B09,arxiv,GONZALEZ-GARCIA,G220,J. M. Conrad et al.,2013,1207.4765,,Adv. High Energy Phys.|2013|163897,,"J. M. Conrad et al., Adv. High Energy Phys. 2013, 163897 (2013), [arXiv:1207.4765]."
U0171,B09,arxiv,AGOSTINI,A506,Lincoln,2013,1211.5659,,,First direct double-β decay Q-Value measurement of82 Se in support of understanding the nature of the Neutrino,"Lincoln, D L, J. D. Holt, G. Bollen, M. Brodeur, S. Bustabad, J. Engel, S. J. Novario, M. Redshaw, R. Ringle, and S. Schwarz (2013), “First direct double-β decay Q-Value measurement of82 Se in support of understanding the nature of the Neutrino,” Phys. Rev. Lett. 110 (1), 012501, arXiv:1211.5659 [nucl-ex]."
U0172,B09,arxiv,AGOSTINI,A555,Nemevsek,2013,1211.2837,,,Connecting Dirac and Majorana Neutrino Mass Matrices in the Minimal Left-Right Symmetric Model,"Nemevsek, Miha, Goran Senjanovic, and Vladimir Tello (2013), “Connecting Dirac and Majorana Neutrino Mass Matrices in the Minimal Left-Right Symmetric Model,” Phys. Rev. Lett. 110 (15), 151802, arXiv:1211.2837 [hep-ph]."
U0173,B09,arxiv,AGOSTINI,A586,Petcov,2013,1303.5819,,,The Nature of Massive Neutrinos,"Petcov, S T (2013), “The Nature of Massive Neutrinos,” Adv. High Energy Phys. 2013, 852987, arXiv:1303.5819 [hep-ph]."
U0174,B09,arxiv,AGOSTINI,A637,Schwingenheuer,2013,1210.7432,,,Status and prospects of searches for neutrinoless double beta decay,"Schwingenheuer, B (2013), “Status and prospects of searches for neutrinoless double beta decay,” Annalen Phys. 525, 269-280, arXiv:1210.7432 [hep-ex]."
U0175,B09,arxiv,AGOSTINI;GONZALEZ-GARCIA,A006;G123,Abe,2014,1311.4750,,Phys. Rev. Lett.|112|061802,Observation of Electron Neutrino Appearance in a Muon Neutrino Beam,"Abe, K, et al. (T2K) (2014), “Observation of Electron Neutrino Appearance in a Muon Neutrino Beam,” Phys. Rev. Lett. 112, 061802, arXiv:1311.4750 [hep-ex]."
U0176,B09,arxiv,AGOSTINI,A009,Aberle,2014,1307.5813,,,Measuring Directionality in Double-Beta Decay and Neutrino Interactions with Kiloton-Scale Scintillation Detectors,"Aberle, C, A. Elagin, H.J. Frisch, M. Wetstein, and L. Winslow (2014), “Measuring Directionality in Double-Beta Decay and Neutrino Interactions with Kiloton-Scale Scintillation Detectors,” JINST 9, P06012, arXiv:1307.5813 [physics.ins-det]."
U0177,B09,arxiv,AGOSTINI,A011,Abgrall,2014,1308.1633,,,The Majorana Demonstrator Neutrinoless Double-Beta Decay Experiment,"Abgrall, N, et al. (Majorana) (2014), “The Majorana Demonstrator Neutrinoless Double-Beta Decay Experiment,” Adv. High Energy Phys. 2014, 365432, arXiv:1308.1633 [physics.ins-det]."
U0178,B09,arxiv,AGOSTINI,A056,Albert,2014,1306.6106,,,Improved measurement of the 2νββ half-life of 136 Xe with the EXO-200 detector,"Albert, J B, et al. (EXO-200) (2014), “Improved measurement of the 2νββ half-life of 136 Xe with the EXO-200 detector,” Phys. Rev. C89 (1), 015502, arXiv:1306.6106 [nucl-ex]."
U0179,B09,arxiv,AGOSTINI,A133,Barabash,2014,1405.6937,,,Enriched Zn100 MoO4 scintillating bolometers to search for 0ν2β decay of 100 Mo with the LUMINEU experiment,"Barabash, A S, et al. (2014), “Enriched Zn100 MoO4 scintillating bolometers to search for 0ν2β decay of 100 Mo with the LUMINEU experiment,” Eur. Phys. J. C74 (10), 3133, arXiv:1405.6937 [physics.ins-det]."
U0180,B09,arxiv,AGOSTINI,A158,Benhar,2014,1401.2030,,,Short-range correlation effects on the nuclear matrix element of neutrinoless double-β decay,"Benhar, Omar, Riccardo Biondi, and Enrico Speranza (2014), “Short-range correlation effects on the nuclear matrix element of neutrinoless double-β decay,” Phys. Rev. C 90 (6), 065504, arXiv:1401.2030 [nucl-th]."
U0181,B10,arxiv,AGOSTINI,A243,Cremonesi,2014,1310.4692,,,Challenges in Double Beta Decay,"Cremonesi, O, and M. Pavan (2014), “Challenges in Double Beta Decay,” Adv. High Energy Phys. 2014, 951432, arXiv:1310.4692 [physics.ins-det]."
U0182,B10,arxiv,AGOSTINI,A293,Ejiri,2014,1309.7957,,,"Charged current neutrino cross section for solar neutrinos, and background to ββ(0ν) experiments","Ejiri, H, and S. R. Elliott (2014), “Charged current neutrino cross section for solar neutrinos, and background to ββ(0ν) experiments,” Phys. Rev. C 89 (5), 055501, arXiv:1309.7957 [nucl-ex]."
U0183,B10,arxiv,AGOSTINI,A333,Font-Ribera,2014,1308.4164,,,DESI and other dark energy experiments in the era of neutrino mass measurements,"Font-Ribera, A, P. McDonald, N. Mostek, B. A. Reid, H.-J. Seo, and A. Slosar (2014), “DESI and other dark energy experiments in the era of neutrino mass measurements,” JCAP 05, 023, arXiv:1308.4164 [astro-ph.CO]."
U0184,B10,arxiv,GONZALEZ-GARCIA,G111,J. M. Paley et al. (MIPP),2014,1404.5882,,,,"J. M. Paley et al. (MIPP), Phys. Rev. D90, 3, 032001 (2014), [arXiv:1404.5882]."
U0185,B10,arxiv,AGOSTINI,A485,Kwiatkowski,2014,1308.3815,,,New determination of double-β-decay properties in 48Ca : High-precision Qββ- value measurement and improved nuclear matrix element calculations,"Kwiatkowski, A A, et al. (2014), “New determination of double-β-decay properties in 48Ca : High-precision Qββ- value measurement and improved nuclear matrix element calculations,” Phys. Rev. C89 (4), 045502, arXiv:1308.3815 [nucl-ex]."
U0186,B10,arxiv,GONZALEZ-GARCIA,G231,L. Gastaldo et al.,2014,1309.5214,,,,"L. Gastaldo et al., J. Low Temp. Phys. 176, 5-6, 876 (2014), [arXiv:1309.5214]."
U0187,B10,arxiv,AGOSTINI,A495,Lehman,2014,1410.4193,,,Extending the Standard Model Effective Field Theory with the Complete Set of Dimension-7 Operators,"Lehman, Landon (2014), “Extending the Standard Model Effective Field Theory with the Complete Set of Dimension-7 Operators,” Phys. Rev. D 90 (12), 125023, arXiv:1410.4193 [hep-ph]."
U0188,B10,arxiv,GONZALEZ-GARCIA,G203,M. C. Gonzalez-Garcia,2014,1409.5439,,JHEP|11|052,,"M. C. Gonzalez-Garcia, M. Maltoni and T. Schwetz, JHEP 11, 052 (2014), [arXiv:1409.5439]."
U0189,B10,arxiv,GONZALEZ-GARCIA,G112,N. Abgrall et al. (NA61),2014,1401.4699,,,,"N. Abgrall et al. (NA61), JINST 9, P06005 (2014), [arXiv:1401.4699]."
U0190,B10,arxiv,GONZALEZ-GARCIA,G118,P. Adamson et al. (MINOS),2014,1403.0867,,Phys. Rev. Lett.|112|191801,,"P. Adamson et al. (MINOS), Phys. Rev. Lett. 112, 191801 (2014), [arXiv:1403.0867]."
U0191,B10,arxiv,GONZALEZ-GARCIA,G023,S. Antusch and O. Fischer,2014,1407.6607,,JHEP|10|094,,"S. Antusch and O. Fischer, JHEP 10, 094 (2014), [arXiv:1407.6607]."
U0192,B10,arxiv,AGOSTINI,A684,Twelker,2014,1407.0618,,,An apparatus to manipulate and identify individual Ba ions from bulk liquid Xe,"Twelker, K, et al. (2014), “An apparatus to manipulate and identify individual Ba ions from bulk liquid Xe,” Rev. Sci. Instrum. 85, 095114, arXiv:1407.0618 [physics.ins-det]."
U0193,B10,arxiv,GONZALEZ-GARCIA,G073,A. Gando et al. (KamLAND),2015,1405.6190,,,,"A. Gando et al. (KamLAND), Phys. Rev. C92, 5, 055808 (2015), [arXiv:1405.6190]."
U0194,B10,arxiv,AGOSTINI,A012,Abgrall,2015,1502.01748,,,The Majorana Parts Tracking Database,"Abgrall, N, et al. (Majorana) (2015), “The Majorana Parts Tracking Database,” Nucl. Instrum. Meth. A 779, 52-62, arXiv:1502.01748 [physics.ins-det]."
U0195,B10,arxiv,AGOSTINI,A033,Agostini,2015,1501.02345,,,Results on ββ decay with emission of two neutrinos or Majorons in76 Ge from GERDA Phase I,"Agostini, M, et al. (GERDA) (2015), “Results on ββ decay with emission of two neutrinos or Majorons in76 Ge from GERDA Phase I,” Eur. Phys. J. C75 (9), 416, arXiv:1501.02345 [nucl-ex]."
U0196,B10,arxiv,AGOSTINI,A047,Akerib,2015,1509.02910,,,LUX-ZEPLIN (LZ) Conceptual Design Report,"Akerib, D S, et al. (LZ) (2015), “LUX-ZEPLIN (LZ) Conceptual Design Report,” arXiv:1509.02910 [physics.ins-det]."
U0197,B10,arxiv,AGOSTINI;GONZALEZ-GARCIA,A096;G252,Arnold,2015,1506.05825,,,Results of the search for neutrinoless double-β decay in 100 Mo with the NEMO-3 experiment,"Arnold, R, et al. (NEMO-3) (2015), “Results of the search for neutrinoless double-β decay in 100 Mo with the NEMO-3 experiment,” Phys. Rev. D 92 (7), 072011, arXiv:1506.05825 [hep-ex]."
U0198,B10,arxiv,GONZALEZ-GARCIA,G232,B. Alpert et al.,2015,1412.5060,,,,"B. Alpert et al., Eur. Phys. J. C75, 3, 112 (2015), [arXiv:1412.5060]."
U0199,B10,arxiv,AGOSTINI,A148,Baudis,2015,1508.05731,,,Production and characterization of 228 Th calibration sources with low neutron emission for GERDA,"Baudis, L, G. Benato, P. Carconi, C. M. Cattadori, P. De Felice, K. Eberhardt, R. Eichler, A. Petrucci, M. Tarka, and M. Walter (2015), “Production and characterization of 228 Th calibration sources with low neutron emission for GERDA,” JINST 10 (12), P12005, arXiv:1508.05731 [physics.ins-det]."
U0200,B10,arxiv,AGOSTINI,A155,Benato,2015,1510.01089,,,Effective majorana mass and neutrinoless double beta decay,"Benato, G (2015), “Effective majorana mass and neutrinoless double beta decay,” Eur.Phys.J.C 75 (11), 563, arXiv:1510.01089 [hep-ph]."
U0201,B11,arxiv,AGOSTINI,A166,Bilenky,2015,1411.4791,,,Neutrinoless Double- Beta Decay: a Probe of Physics Beyond the Standard Model,"Bilenky, S M, and C. Giunti (2015), “Neutrinoless Double- Beta Decay: a Probe of Physics Beyond the Standard Model,” Int. J. Mod. Phys. A 30 (04n05), 1530001, arXiv:1411.4791 [hep-ph]."
U0202,B11,arxiv,AGOSTINI,A192,Brunner,2015,1412.1144,,,An RF-only ion-funnel for extraction from high-pressure gases,"Brunner, T, et al. (2015), “An RF-only ion-funnel for extraction from high-pressure gases,” Int. J. Mass Spectrometry 379, 110-120, arXiv:1412.1144 [physics.ins-det]."
U0203,B11,arxiv,AGOSTINI,A261,Dell’Oro,2015,1505.02722,,,The contribution of light Majorana neutrinos to neutrinoless double beta decay and cosmology,"Dell’Oro, S, S. Marcocci, M. Viel, and F. Vissani (2015), “The contribution of light Majorana neutrinos to neutrinoless double beta decay and cosmology,” JCAP 12, 023, arXiv:1505.02722 [hep-ph]."
U0204,B11,arxiv,AGOSTINI,A271,Deppisch,2015,1502.06541,,,Neutrinos and Collider Physics,"Deppisch, Frank F, P. S. Bhupal Dev, and Apostolos Pilaftsis (2015a), “Neutrinos and Collider Physics,” New J. Phys. 17 (7), 075019, arXiv:1502.06541 [hep-ph]."
U0205,B11,arxiv,AGOSTINI,A272,Deppisch,2015,1503.04825,,,Falsifying High-Scale Baryogenesis with Neutrinoless Double Beta Decay and Lepton Flavor Violation,"Deppisch, Frank F, Julia Harz, Martin Hirsch, Wei-Chih Huang, and Heinrich Päs (2015b), “Falsifying High-Scale Baryogenesis with Neutrinoless Double Beta Decay and Lepton Flavor Violation,” Phys. Rev. D 92 (3), 036005, arXiv:1503.04825 [hep-ph]."
U0206,B11,arxiv,AGOSTINI,A301,Elliott,2015,1403.4976,,,"Colloquium: Majorana Fermions in nuclear, particle and solid-state physics","Elliott, S R, and M. Franz (2015), “Colloquium: Majorana Fermions in nuclear, particle and solid-state physics,” Rev. Mod. Phys. 87, 137, arXiv:1403.4976 [cond-mat.supr-con]."
U0207,B11,arxiv,GONZALEZ-GARCIA,G042,F. L. Villante,2015,1410.2796,,Phys. Lett.|B742|279,,"F. L. Villante, Phys. Lett. B742, 279 (2015), [arXiv:1410.2796]."
U0208,B11,arxiv,AGOSTINI,A461,Keefer,2015,1312.0977,,,Laboratory studies on the removal of radon-born lead from KamLAND’s organic liquid scintillator,"Keefer, G, et al. (KamLAND) (2015), “Laboratory studies on the removal of radon-born lead from KamLAND’s organic liquid scintillator,” Nucl. Instrum. Meth. A 769, 79-87, arXiv:1312.0977 [physics.ins-det]."
U0209,B11,arxiv,AGOSTINI,A464,Kitching,2015,1408.7052,,,3D Weak Gravitational Lensing of the CMB and Galaxies,"Kitching, T D, A. F. Heavens, and S. Das (2015), “3D Weak Gravitational Lensing of the CMB and Galaxies,” Mon. Not. Roy. Astron. Soc. 449 (2), 2205-2214, arXiv:1408.7052 [astro-ph.CO]."
U0210,B11,arxiv,GONZALEZ-GARCIA,G131,M. Antonello et al. (MicroBooNE,2015,1503.01520,,,,"M. Antonello et al. (MicroBooNE, LAr1-ND, ICARUS-WA104) (2015), [arXiv:1503.01520]."
U0211,B11,arxiv,GONZALEZ-GARCIA,G074,M. Honda et al.,2015,1502.03916,,,,"M. Honda et al., Phys. Rev. D92, 2, 023004 (2015), [arXiv:1502.03916]."
U0212,B11,arxiv,AGOSTINI,A583,Patterson,2015,1506.07917,,,Prospects for Measurement of the Neutrino Mass Hierarchy,"Patterson, R B (2015), “Prospects for Measurement of the Neutrino Mass Hierarchy,” Ann. Rev. Nucl. Part. Sci. 65, 177-192, arXiv:1506.07917 [hep-ex]."
U0213,B11,arxiv,GONZALEZ-GARCIA,G043,A. Serenelli,2016,1601.07179,,,,"A. Serenelli, Eur. Phys. J. A52, 4, 78 (2016), [arXiv:1601.07179]."
U0214,B11,arxiv,AGOSTINI,A001,Aalbers,2016,1606.07001,,,DARWIN: towards the ultimate dark matter detector,"Aalbers, J, et al. (DARWIN) (2016), “DARWIN: towards the ultimate dark matter detector,” JCAP 11, 017, arXiv:1606.07001 [astro-ph.IM]."
U0215,B11,arxiv,AGOSTINI,A031,Agostini,2016,1506.06133,,,Probing flavor models with76 Ge-based experiments on neutrinoless double-β decay,"Agostini, M, A. Merle, and K. Zuber (2016), “Probing flavor models with76 Ge-based experiments on neutrinoless double-β decay,” Eur. Phys. J. C 76 (4), 176, arXiv:1506.06133 [hep-ex]."
U0216,B11,arxiv,AGOSTINI,A063,Alekhin,2016,1504.04855,,,A facility to Search for Hidden Particles at the CERN SPS: the SHiP physics case,"Alekhin, Sergey, et al. (2016), “A facility to Search for Hidden Particles at the CERN SPS: the SHiP physics case,” Rept. Prog. Phys. 79 (12), 124201, arXiv:1504.04855 [hep-ph]."
U0217,B11,arxiv,AGOSTINI,A074,Andringa,2016,1508.05759,,,Current Status and Future Prospects of the SNO+ Experiment,"Andringa, S, et al. (SNO+) (2016), “Current Status and Future Prospects of the SNO+ Experiment,” Adv. High Energy Phys. 2016, 6194250, arXiv:1508.05759 [physics.insdet]."
U0218,B11,arxiv,AGOSTINI,A097,Arnold,2016,1606.08494,,,Measurement of the 2νββ decay half-life of 150 Nd and a search for 0νββ decay processes with the full exposure from the NEMO-3 detector,"Arnold, R, et al. (NEMO-3) (2016a), “Measurement of the 2νββ decay half-life of 150 Nd and a search for 0νββ decay processes with the full exposure from the NEMO-3 detector,” Phys. Rev. D 94 (7), 072003, arXiv:1606.08494 [hep-ex]."
U0219,B11,arxiv,AGOSTINI,A098,Arnold,2016,1604.01710,,,Measurement of the double-beta decay half-life and search for the neutrinoless double-beta decay of 48 Ca with the NEMO-3 detector,"Arnold, R, et al. (NEMO-3) (2016b), “Measurement of the double-beta decay half-life and search for the neutrinoless double-beta decay of 48 Ca with the NEMO-3 detector,” Phys. Rev. D93 (11), 112008, arXiv:1604.01710 [hep-ex]."
U0220,B11,arxiv,AGOSTINI;GONZALEZ-GARCIA,A159;G064,Bergstrom,2016,1601.00972,,JHEP|03|132,Updated determination of the solar neutrino fluxes from solar neutrino data,"Bergstrom, J, M. C. Gonzalez-Garcia, M. Maltoni, C. Pena- Garay, A. M. Serenelli, and N. Song (2016), “Updated determination of the solar neutrino fluxes from solar neutrino data,” JHEP 03, 132, arXiv:1601.00972 [hep-ph]."
U0221,B12,arxiv,AGOSTINI,A262,Dell’Oro,2016,1601.07512,,,Neutrinoless double beta decay: 2015 review,"Dell’Oro, S, S. Marcocci, M. Viel, and F. Vissani (2016), “Neutrinoless double beta decay: 2015 review,” Adv. High Energy Phys. 2016, 2162659, arXiv:1601.07512 [hep-ph]."
U0222,B12,arxiv,AGOSTINI,A282,Drewes,2016,1606.06221,,,Neutrinoless double β decay and low scale leptogenesis,"Drewes, Marco, and Shintaro Eijima (2016), “Neutrinoless double β decay and low scale leptogenesis,” Phys. Lett. B 763, 72-79, arXiv:1606.06221 [hep-ph]."
U0223,B12,arxiv,AGOSTINI,A289,Ebert,2016,1509.04113,,,Results of a search for neutrinoless double- β decay using the COBRA demonstrator,"Ebert, J, et al. (2016a), “Results of a search for neutrinoless double- β decay using the COBRA demonstrator,” Phys. Rev. C 94 (2), 024603, arXiv:1509.04113 [nucl-ex]."
U0224,B12,arxiv,AGOSTINI,A290,Ebert,2016,1507.08177,,,The COBRA demonstrator at the LNGS underground laboratory,"Ebert, J, et al. (COBRA) (2016b), “The COBRA demonstrator at the LNGS underground laboratory,” Nucl. Instrum. Meth. A 807, 114-120, arXiv:1507.08177 [physics.ins-det]."
U0225,B12,arxiv,GONZALEZ-GARCIA,G141,F. P. An et al. (Daya Bay),2016,1508.04233,,,,"F. P. An et al. (Daya Bay), Phys. Rev. Lett. 116, 6, 061801 (2016), [Erratum: Phys. Rev. Lett.118,no.9,099902(2017)], [arXiv:1508.04233]."
U0226,B12,arxiv,AGOSTINI,A342,Freund,2016,1601.05935,,,The Performance of the Muon Veto of the GERDA Experiment,"Freund, K, et al. (2016), “The Performance of the Muon Veto of the GERDA Experiment,” Eur. Phys. J. C 76 (5), 298, arXiv:1601.05935 [physics.ins-det]."
U0227,B12,arxiv,GONZALEZ-GARCIA,G222,G. H. Collin et al.,2016,1607.00011,,,,"G. H. Collin et al., Phys. Rev. Lett. 117, 22, 221801 (2016), [arXiv:1607.00011]."
U0228,B12,arxiv,AGOSTINI,A353,Gando,2016,1605.02889,,,Search for Majorana Neutrinos near the Inverted Mass Hierarchy Region with KamLAND-Zen,"Gando, A, et al. (KamLAND-Zen) (2016), “Search for Majorana Neutrinos near the Inverted Mass Hierarchy Region with KamLAND-Zen,” Phys. Rev. Lett. 117 (8), 082503, [Addendum: Phys.Rev.Lett. 117, 109903 (2016)], arXiv:1605.02889 [hep-ex]."
U0229,B12,arxiv,AGOSTINI,A368,Golling,2016,1606.00947,10.23731/CYRM-2017-003.441,,Physics at a 100 TeV pp collider: beyond the Standard Model phenomena,"Golling, T, et al. (2016), “Physics at a 100 TeV pp collider: beyond the Standard Model phenomena,” 10.23731/CYRM-2017-003.441, arXiv:1606.00947 [hep-ph]."
U0230,B12,titulo,AGOSTINI,A417,Hergert,2016,,,,The In-Medium Similarity Renormalization Group: A Novel Ab Initio Method for Nuclei,"Hergert, H, S. K. Bogner, T. D. Morris, A. Schwenk, and K. Tsukiyama (2016), “The In-Medium Similarity Renormalization Group: A Novel Ab Initio Method for Nuclei,” Phys. Rept. 621, 165-222."
U0231,B12,arxiv,GONZALEZ-GARCIA,G054,K. Abe et al. (Super-Kamiokande),2016,1606.07538,,,,"K. Abe et al. (Super-Kamiokande), Phys. Rev. D 94, 5, 052010 (2016), [arXiv:1606.07538]."
U0232,B12,arxiv,AGOSTINI,A496,Lehnert,2016,1606.06616,,,Double beta decays into excited states in 110 Pd and 102 Pd,"Lehnert, B, E. Andreotti, D. Degering, M. Hult, M. Laubenstein, T. Wester, and K. Zuber (2016), “Double beta decays into excited states in 110 Pd and 102 Pd,” J. Phys. G 43 (11), 115201, arXiv:1606.06616 [nucl-ex]."
U0233,B12,arxiv,AGOSTINI,A507,Lindner,2016,1604.07419,,,Dilepton bounds on left-right symmetry at the LHC run II and neutrinoless double beta decay,"Lindner, Manfred, Farinaldo S. Queiroz, and Werner Rodejohann (2016), “Dilepton bounds on left-right symmetry at the LHC run II and neutrinoless double beta decay,” Phys. Lett. B 762, 190-195, arXiv:1604.07419 [hep-ph]."
U0234,B12,arxiv,GONZALEZ-GARCIA,G114,N. Abgrall et al. (NA61/SHINE),2016,1510.02703,,,,"N. Abgrall et al. (NA61/SHINE), Eur. Phys. J. C 76, 2, 84 (2016), [arXiv:1510.02703]."
U0235,B12,arxiv,GONZALEZ-GARCIA,G098,S. Adrian-Martinez et al. (KM3Net),2016,1601.07459,,,,"S. Adrian-Martinez et al. (KM3Net), J. Phys. G43, 8, 084001 (2016), [arXiv:1601.07459]."
U0236,B12,arxiv,AGOSTINI,A013,Abgrall,2017,1612.00886,,,"New limits on Bosonic Dark Matter, Solar Axions, Pauli Exclusion Principle Violation, and Electron Decay from the Majorana Demonstrator","Abgrall, N, et al. (Majorana) (2017), “New limits on Bosonic Dark Matter, Solar Axions, Pauli Exclusion Principle Violation, and Electron Decay from the Majorana Demonstrator,” Phys. Rev. Lett. 118 (16), 161801, arXiv:1612.00886 [nucl-ex]."
U0237,B12,arxiv,AGOSTINI,A028,Agostini,2017,1705.02996,,,Discovery probability of next-generation neutrinoless double- β decay experiments,"Agostini, M, G. Benato, and J. Detwiler (2017), “Discovery probability of next-generation neutrinoless double- β decay experiments,” Phys.Rev.D 96 (5), 053001, arXiv:1705.02996 [hep-ex]."
U0238,B12,arxiv,AGOSTINI,A058,Alduino,2017,1705.10816,,,CUORE sensitivity to 0νββ decay,"Alduino, C, et al. (CUORE) (2017a), “CUORE sensitivity to 0νββ decay,” Eur. Phys. J. C 77 (8), 532, arXiv:1705.10816 [physics.ins-det]."
U0239,B12,arxiv,AGOSTINI,A059,Alduino,2017,1609.01666,,,Measurement of the two-neutrino double-beta decay half-life of130 Te with the CUORE-0 experiment,"Alduino, C, et al. (CUORE) (2017b), “Measurement of the two-neutrino double-beta decay half-life of130 Te with the CUORE-0 experiment,” Eur. Phys. J. C77 (1), 13, arXiv:1609.01666 [nucl-ex]."
U0240,B12,arxiv,AGOSTINI,A060,Alduino,2017,1704.08970,,,The projected background for the CUORE experiment,"Alduino, C, et al. (CUORE) (2017c), “The projected background for the CUORE experiment,” Eur. Phys. J. C 77 (8), 543, arXiv:1704.08970 [physics.ins-det]."
U0241,B13,arxiv,AGOSTINI,A078,Aprile,2017,1702.06942,,,Online222 Rn removal by cryogenic distillation in the XENON100 experiment,"Aprile, E, et al. (XENON100) (2017), “Online222 Rn removal by cryogenic distillation in the XENON100 experiment,” Eur. Phys. J. C 77 (6), 358, arXiv:1702.06942 [physics.insdet]."
U0242,B13,arxiv,AGOSTINI,A080,Archidiacono,2017,1610.09852,,,Physical effects involved in the measurements of neutrino masses with future cosmological data,"Archidiacono, M, T. Brinckmann, J. Lesgourgues, and V. Poulin (2017), “Physical effects involved in the measurements of neutrino masses with future cosmological data,” JCAP 02, 052, arXiv:1610.09852 [astro-ph.CO]."
U0243,B13,arxiv,AGOSTINI,A102,Artusa,2017,1610.03513,,,Enriched TeO2 bolometers with active particle discrimination: towards the CUPID experiment,"Artusa, D R, et al. (2017), “Enriched TeO2 bolometers with active particle discrimination: towards the CUPID experiment,” Phys. Lett. B767, 321-329, arXiv:1610.03513 [physics.ins-det]."
U0244,B13,arxiv,AGOSTINI,A200,Caldwell,2017,1705.01945,,,Global Bayesian analysis of neutrino mass data,"Caldwell, A, A. Merle, O. Schulz, and M. Totzauer (2017), “Global Bayesian analysis of neutrino mass data,” Phys. Rev. D 96 (7), 073001, arXiv:1705.01945 [hep-ph]."
U0245,B13,arxiv,AGOSTINI,A204,Caravaca,2017,1610.02011,,,Cherenkov and Scintillation Light Separation in Organic Liquid Scintillators,"Caravaca, J, F.B. Descamps, B.J. Land, M. Yeh, and G. D. Orebi Gann (2017), “Cherenkov and Scintillation Light Separation in Organic Liquid Scintillators,” Eur. Phys. J. C 77 (12), 811, arXiv:1610.02011 [physics.ins-det]."
U0246,B13,arxiv,AGOSTINI,A216,Chavarria,2017,1609.03887,,,A high-resolution CMOS imaging detector for the search of neutrinoless double β decay in 82 Se,"Chavarria, A E, C. Galbiati, X. Li, and J. A. Rowlands (2017), “A high-resolution CMOS imaging detector for the search of neutrinoless double β decay in 82 Se,” JINST 12, P03022, arXiv:1609.03887 [physics.ins-det]."
U0247,B13,arxiv,AGOSTINI,A217,Chen,2017,1610.08883,,,PandaX-III: Searching for neutrinoless double beta decay with high pressure136 Xe gas time projection chambers,"Chen, X, et al. (2017), “PandaX-III: Searching for neutrinoless double beta decay with high pressure136 Xe gas time projection chambers,” Sci. China Phys. Mech. Astron. 60 (6), 061011, arXiv:1610.08883 [physics.ins-det]."
U0248,B13,arxiv,AGOSTINI,A246,Dafinei,2017,1702.05877,,,Production of 82Se enriched Zinc Selenide (ZnSe) crystals for the study of neutrinoless double beta decay,"Dafinei, I, et al. (2017), “Production of 82Se enriched Zinc Selenide (ZnSe) crystals for the study of neutrinoless double beta decay,” J. Cryst. Growth 475, 158-170, arXiv:1702.05877 [physics.ins-det]."
U0249,B13,arxiv,AGOSTINI,A283,Drewes,2017,1609.09069,,,Testing the low scale seesaw and leptogenesis,"Drewes, Marco, Bjorn Garbrecht, Dario Gueter, and Juraj Klaric (2017), “Testing the low scale seesaw and leptogenesis,” JHEP 08, 018, arXiv:1609.09069 [hep-ph]."
U0250,B13,arxiv,AGOSTINI,A294,Ejiri,2017,1703.06915,,,"Solar neutrino interactions with the double beta decay nuclei of 82 Se, 100 Mo and 150 Nd","Ejiri, H, and S. R. Elliott (2017), “Solar neutrino interactions with the double beta decay nuclei of 82 Se, 100 Mo and 150 Nd,” Phys. Rev. C 95 (5), 055501, arXiv:1703.06915 [nucl-ex]."
U0251,B13,arxiv,GONZALEZ-GARCIA,G142,F. P. An et al. (Daya Bay),2017,1704.01082,,,,"F. P. An et al. (Daya Bay), Phys. Rev. Lett. 118, 25, 251801 (2017), [arXiv:1704.01082]."
U0252,B13,arxiv,GONZALEZ-GARCIA,G237,J. Engel and J. Menendez,2017,1610.06548,,,,"J. Engel and J. Menendez, Rept. Prog. Phys. 80, 4, 046301 (2017), [arXiv:1610.06548]."
U0253,B13,arxiv,GONZALEZ-GARCIA,G077,J. Evans et al.,2017,1612.03219,,,,"J. Evans et al., Phys. Rev. D95, 2, 023012 (2017), [arXiv:1612.03219]."
U0254,B13,arxiv,AGOSTINI,A500,Leonard,2017,1703.10799,,,Trace radioactive impurities in final construction materials for EXO-200,"Leonard, D S, et al. (2017), “Trace radioactive impurities in final construction materials for EXO-200,” Nucl. Instrum. Meth. A 871, 169-179, arXiv:1703.10799 [physics.ins-det]."
U0255,B13,arxiv,GONZALEZ-GARCIA,G055,N. Vinyoles et al.,2017,1611.09867,,,,"N. Vinyoles et al., Astrophys. J. 835, 2, 202 (2017), [arXiv:1611.09867]."
U0256,B13,arxiv,GONZALEZ-GARCIA,G125,P. Adamson et al. (NOvA),2017,1703.03328,,,,"P. Adamson et al. (NOvA), Phys. Rev. Lett. 118, 23, 231801 (2017), [arXiv:1703.03328]."
U0257,B13,arxiv,AGOSTINI,A590,Poda,2017,1711.01075,,,Low background techniques in bolometers for double-beta decay search,"Poda, Denys, and Andrea Giuliani (2017), “Low background techniques in bolometers for double-beta decay search,” Int. J. Mod. Phys. A 32 (30), 1743012, arXiv:1711.01075 [physics.ins-det]."
U0258,B13,arxiv,GONZALEZ-GARCIA,G207,R. Acciarri et al. (MicroBooNE),2017,1612.05824,,,,"R. Acciarri et al. (MicroBooNE), JINST 12, 02, P02017 (2017), [arXiv:1612.05824]."
U0259,B13,arxiv,GONZALEZ-GARCIA,G100,S. Ahmed et al. (ICAL),2017,1505.07380,,,,"S. Ahmed et al. (ICAL), Pramana 88, 5, 79 (2017), [arXiv:1505.07380]."
U0260,B13,arxiv,GONZALEZ-GARCIA,G223,S. Gariazzo et al.,2017,1703.00860,,JHEP|06|135,,"S. Gariazzo et al., JHEP 06, 135 (2017), [arXiv:1703.00860]."
U0261,B14,arxiv,AGOSTINI,A667,Takahisa,2017,1703.08264,,,"Double charge exchange (11 B,11 Li) reaction for double beta decay response","Takahisa, K, H. Ejiri, H. Akimune, H. Fujita, R. Matumiya, T. Ohta, T. Shima, M. Tanaka, and M. Yosoi (2017), “Double charge exchange (11 B,11 Li) reaction for double beta decay response,” arXiv:1703.08264."
U0262,B14,arxiv,AGOSTINI,A709,Wang,2017,1703.01877,,,First results on 76 Ge neutrinoless double beta decay from CDEX-1 experiment,"Wang, Li, et al. (CDEX) (2017), “First results on 76 Ge neutrinoless double beta decay from CDEX-1 experiment,” Sci. China Phys. Mech. Astron. 60 (7), 071011, arXiv:1703.01877 [hep-ex]."
U0263,B14,arxiv,AGOSTINI,A726,Xu,2017,1610.03886,,,Solar Axion Search Technique with Correlated Signals from Multiple Detectors,"Xu, W, and S. R. Elliott (2017), “Solar Axion Search Technique with Correlated Signals from Multiple Detectors,” Astropart. Phys. 89, 39-50, arXiv:1610.03886 [hep-ex]. XUNDL, (2021), http://www.nndc.bnl.gov/ensdf/ensdf/ xundl.jsp."
U0264,B14,arxiv,GONZALEZ-GARCIA,G150,Y. J. Ko et al. (NEOS),2017,1610.05134,,,,"Y. J. Ko et al. (NEOS), Phys. Rev. Lett. 118, 12, 121802 (2017), [arXiv:1610.05134]."
U0265,B14,arxiv,AGOSTINI,A740,Zhao,2017,1610.07143,,,Physics potential of searching for 0νββ decays in JUNO,"Zhao, J, L.-J. Wen, Y.-F. Wang, and J. Cao (2017), “Physics potential of searching for 0νββ decays in JUNO,” Chin. Phys. C 41 (5), 053001, arXiv:1610.07143 [hep-ex]."
U0266,B14,arxiv,AGOSTINI;GONZALEZ-GARCIA,A023;G120,Agafonova,2018,1804.04912,,,Final results of the opera experiment on ν τ appearance in the cngs neutrino beam,"Agafonova, N, et al. (OPERA) (2018), “Final results of the opera experiment on ν τ appearance in the cngs neutrino beam,” Phys.Rev.Lett. 120 (21), 211801, [Erratum: Phys.Rev.Lett. 121, 139901 (2018)], arXiv:1804.04912 [hep-ex]."
U0267,B14,arxiv,AGOSTINI,A024;A025,Aghanim,2018,1807.06209,,,Planck 2018 results. VI. Cosmological parameters,"Aghanim, N, et al. (Planck) (2018), “Planck 2018 results. VI. Cosmological parameters,” arXiv:1807.06209 [astro-ph.CO]."
U0268,B14,arxiv,AGOSTINI,A035,Agostini,2018,1711.01452,,,Upgrade for Phase II of the Gerda experiment,"Agostini, M, et al. (GERDA) (2018b), “Upgrade for Phase II of the Gerda experiment,” Eur. Phys. J. C78 (5), 388, arXiv:1711.01452 [physics.ins-det]."
U0269,B14,arxiv,AGOSTINI,A057,Albert,2018,1710.07670,,,Search for nucleon decays with EXO-200,"Albert, J B, et al. (EXO-200) (2018), “Search for nucleon decays with EXO-200,” Phys. Rev. D 97 (7), 072007, arXiv:1710.07670 [hep-ex]."
U0270,B14,arxiv,AGOSTINI,A061,Alduino,2018,1710.07988,,,First Results from CUORE: A Search for Lepton Number Violation via 0νββ Decay of 130 Te,"Alduino, C, et al. (CUORE) (2018), “First Results from CUORE: A Search for Lepton Number Violation via 0νββ Decay of 130 Te,” Phys. Rev. Lett. 120 (13), 132501, arXiv:1710.07988 [nucl-ex]."
U0271,B14,arxiv,AGOSTINI,A069,Alvis,2018,1801.10145,,,First Limit on the Direct Detection of Lightly Ionizing Particles for Electric Charge as Low as e/1000 with the Majorana Demonstrator,"Alvis, S I, et al. (Majorana) (2018), “First Limit on the Direct Detection of Lightly Ionizing Particles for Electric Charge as Low as e/1000 with the Majorana Demonstrator,” Phys. Rev. Lett. 120 (21), 211804, arXiv:1801.10145 [hep-ex]."
U0272,B14,arxiv,AGOSTINI,A135,Barabash,2018,1811.06398,,,Final results of the Aurora experiment to study 2β decay of 116 Cd with enriched CdWO4 crystal scintillators,"Barabash, AS, et al. (2018), “Final results of the Aurora experiment to study 2β decay of 116 Cd with enriched CdWO4 crystal scintillators,” Phys. Rev. D 98 (9), 092007, arXiv:1811.06398 [nucl-ex]."
U0273,B14,arxiv,AGOSTINI,A156,Benato,2018,1711.07936,,,Radon mitigation during the installation of the CUORE 0νββ decay detector,"Benato, G, et al. (2018), “Radon mitigation during the installation of the CUORE 0νββ decay detector,” JINST 13 (01), P01010, arXiv:1711.07936 [physics.ins-det]."
U0274,B14,arxiv,AGOSTINI,A187,Brofferio,2018,1801.03580,,,Contributed Review: The saga of neutrinoless double beta decay search with T eO2 thermal detectors,"Brofferio, C, and S. Dell’Oro (2018), “Contributed Review: The saga of neutrinoless double beta decay search with T eO2 thermal detectors,” Rev. Sci. Instrum. 89 (12), 121502, arXiv:1801.03580 [hep-ex]."
U0275,B14,arxiv,AGOSTINI,A260,Delaquis,2018,1804.09641,,,Deep Neural Networks for Energy and Position Reconstruction in EXO-200,"Delaquis, S, et al. (EXO) (2018), “Deep Neural Networks for Energy and Position Reconstruction in EXO-200,” JINST 13 (08), P08023, arXiv:1804.09641 [physics.ins-det]."
U0276,B14,arxiv,AGOSTINI,A264,Dell’Oro,2018,1710.06732,,,Testing creation of matter with neutrinoless double beta decay,"Dell’Oro, S, S. Marcocci, and F. Vissani (2018b), “Testing creation of matter with neutrinoless double beta decay,” in Testing creation of matter with neutrinoless double beta decay, Vol. NEUTEL2017 (SISSA) p. 030, arXiv:1710.06732 [hep-ph]."
U0277,B14,arxiv,AGOSTINI;GONZALEZ-GARCIA,A265;G224,Dentler,2018,1803.10661,,JHEP|08|010,Updated global analysis of neutrino oscillations in the presence of ev-scale sterile neutrinos,"Dentler, M, A. Hernandez-Cabezudo, J. Kopp, P. A.N. Machado, M. Maltoni, I. Martinez-Soler, and T. Schwetz (2018), “Updated global analysis of neutrino oscillations in the presence of ev-scale sterile neutrinos,” JHEP 08, 010, arXiv:1803.10661 [hep-ph]."
U0278,B14,arxiv,GONZALEZ-GARCIA,G148,G. Bak et al. (RENO),2018,1806.00248,,,,"G. Bak et al. (RENO), Phys. Rev. Lett. 121, 20, 201801 (2018), [arXiv:1806.00248]."
U0279,B14,arxiv,AGOSTINI,A374,Gooding,2018,1807.06634,,,Light Yield of Perovskite Nanocrystal- Doped Liquid Scintillator,"Gooding, D, J. Gruszko, C. Grant, B. Naranjo, and L. Winslow (2018), “Light Yield of Perovskite Nanocrystal- Doped Liquid Scintillator,” arXiv:1807.06634 [physics.insdet]."
U0280,B14,titulo,AGOSTINI,A383,Graf,2018,,,,Short-Range Neutrinoless Double Beta Decay Mechanisms,"Graf, L, F. F. Deppisch, F. Iachello, and J. Kotila (2018), “Short-Range Neutrinoless Double Beta Decay Mechanisms,” Phys. Rev. D 98, 095023."
U0281,B15,arxiv,AGOSTINI,A391,Guiseppe,2018,1712.08167,,,A Review and Outlook for the Removal of Radon-Generated Po-210 Surface Contamination,"Guiseppe, V E, C. D. Christofferson, K. R. Hair, and F. M. Adams (2018), “A Review and Outlook for the Removal of Radon-Generated Po-210 Surface Contamination,” AIP Conf. Proc. 1921 (1), 070003, arXiv:1712.08167 [physics.ins-det]."
U0282,B15,arxiv,AGOSTINI,A392,Guzowski,2018,1804.00280,,,The first ever search for neutrinoless quadruple beta decay,"Guzowski, P (NEMO-3) (2018), “The first ever search for neutrinoless quadruple beta decay,” in Prospects in Neutrino Physics, pp. 154-158, arXiv:1804.00280 [hep-ex]."
U0283,B15,arxiv,GONZALEZ-GARCIA,G162,I. Alekseev et al. (DANSS),2018,1804.04046,,Phys. Lett.|B787|56,,"I. Alekseev et al. (DANSS), Phys. Lett. B787, 56 (2018), [arXiv:1804.04046]."
U0284,B15,arxiv,GONZALEZ-GARCIA,G246,J. Renner et al. (NEXT),2018,1808.01804,,,,"J. Renner et al. (NEXT), JINST 13, 10, P10020 (2018), [arXiv:1808.01804]."
U0285,B15,arxiv,GONZALEZ-GARCIA,G101,K. Abe et al. (Hyper-Kamiokande) (2018),2018,1805.04163,,,,"K. Abe et al. (Hyper-Kamiokande) (2018), [arXiv:1805.04163]."
U0286,B15,arxiv,GONZALEZ-GARCIA,G094,K. Abe et al. (Super-Kamiokande),2018,1710.09126,,,,"K. Abe et al. (Super-Kamiokande), Phys. Rev. D97, 7, 072001 (2018), [arXiv:1710.09126]."
U0287,B15,arxiv,AGOSTINI,A489,Lattanzi,2018,1712.07109,,,Status of neutrino properties and future prospects - Cosmological and astrophysical constraints,"Lattanzi, M, and M. Gerbino (2018), “Status of neutrino properties and future prospects - Cosmological and astrophysical constraints,” Front. in Phys. 5, 70, arXiv:1712.07109 [astro-ph.CO]."
U0288,B15,titulo,AGOSTINI,A518,Marsh,2018,,,,Characterization of the shapestaggering effect in mercury nuclei,"Marsh, B A, et al. (2018), “Characterization of the shapestaggering effect in mercury nuclei,” Nature Phys. 14, 1163-1167."
U0289,B15,arxiv,AGOSTINI,A526,McDonald,2018,1711.04782,,,Demonstration of Single Barium Ion Sensitivity for Neutrinoless Double Beta Decay using Single Molecule Fluorescence Imaging,"McDonald, A D, et al. (2018), “Demonstration of Single Barium Ion Sensitivity for Neutrinoless Double Beta Decay using Single Molecule Fluorescence Imaging,” Phys. Rev. Lett. 120 (13), 132504, arXiv:1711.04782 [physics.ins-det]."
U0290,B15,arxiv,AGOSTINI,A545,Monrabal,2018,1804.02409,,,The Next White (NEW) Detector,"Monrabal, F, et al. (NEXT) (2018), “The Next White (NEW) Detector,” JINST 13 (12), P12010, arXiv:1804.02409 [physics.ins-det]."
U0291,B15,arxiv,AGOSTINI,A567,Nygren,2018,1801.04513,,,Neutrinoless Double Beta Decay with 82 SeF6 and Direct Ion Imaging,"Nygren, D R, B. J. P. Jones, N. López-March, Y. Mei, F. Psihas, and J. Renner (2018), “Neutrinoless Double Beta Decay with 82 SeF6 and Direct Ion Imaging,” JINST 13 (03), P03015, arXiv:1801.04513 [physics.ins-det]."
U0292,B15,arxiv,GONZALEZ-GARCIA,G092,Z. Li et al. (Super-Kamiokande),2018,1711.09436,,,,"Z. Li et al. (Super-Kamiokande), Phys. Rev. D98, 5, 052006 (2018), [arXiv:1711.09436]."
U0293,B15,arxiv,GONZALEZ-GARCIA,G095,A. Albert et al. (ANTARES),2019,1812.08650,,JHEP|06|113,,"A. Albert et al. (ANTARES), JHEP 06, 113 (2019), [arXiv:1812.08650]."
U0294,B15,arxiv,GONZALEZ-GARCIA,G166,A. P. Serebrov et al. (NEUTRINO-4),2019,1809.10561,,,,"A. P. Serebrov et al. (NEUTRINO-4), Pisma Zh. Eksp. Teor. Fiz. 109, 4, 209 (2019), [JETP Lett.109,no.4,213(2019)], [arXiv:1809.10561]."
U0295,B15,arxiv,AGOSTINI,A045,Aker,2019,1909.06048,,,An improved upper limit on the neutrino mass from a direct kinematic method by katrin,"Aker, M, et al. (KATRIN) (2019), “An improved upper limit on the neutrino mass from a direct kinematic method by katrin,” Phys.Rev.Lett. 123 (22), 221802, arXiv:1909.06048 [hep-ex]."
U0296,B15,arxiv,AGOSTINI,A062,Alduino,2019,1904.05745,,,The CUORE cryostat: An infrastructure for rare event searches at millikelvin temperatures,"Alduino, C, et al. (2019), “The CUORE cryostat: An infrastructure for rare event searches at millikelvin temperatures,” Cryogenics 102, 9-21, arXiv:1904.05745 [physics.ins-det]."
U0297,B15,arxiv,AGOSTINI,A064,Algeri,2019,1911.10237,,,Searching for new physics with profile likelihoods: Wilks and beyond,"Algeri, S, J. Aalbers, K. Dundas Morå, and J. Conrad (2019), “Searching for new physics with profile likelihoods: Wilks and beyond,” arXiv:1911.10237 [physics.data-an]."
U0298,B15,arxiv,AGOSTINI,A070,Alvis,2019,1902.02299,,,A Search for Neutrinoless Double-Beta Decay in 76 Ge with 26 kg-yr of Exposure from the MAJORANA DEMONSTRATOR,"Alvis, S I, et al. (Majorana) (2019a), “A Search for Neutrinoless Double-Beta Decay in 76 Ge with 26 kg-yr of Exposure from the MAJORANA DEMONSTRATOR,” Phys. Rev. C 100 (2), 025501, arXiv:1902.02299 [nucl-ex]."
U0299,B15,arxiv,AGOSTINI,A071,Alvis,2019,1812.01090,,,Search for trinucleon decay in the Majorana Demonstrator,"Alvis, S I, et al. (Majorana) (2019b), “Search for trinucleon decay in the Majorana Demonstrator,” Phys. Rev. D 99 (7), 072004, arXiv:1812.01090 [hep-ex]."
U0300,B15,arxiv,AGOSTINI;GONZALEZ-GARCIA,A075;G244,Anton,2019,1906.02723,,,Search for Neutrinoless Double-β Decay with the Complete EXO-200 Dataset,"Anton, G, et al. (EXO-200) (2019), “Search for Neutrinoless Double-β Decay with the Complete EXO-200 Dataset,” Phys. Rev. Lett. 123 (16), 161802, arXiv:1906.02723 [hep-ex]."
U0301,B16,arxiv,AGOSTINI,A090,Armstrong,2019,1907.09376,,,CUPID pre-CDR,"Armstrong, W R, et al. (CUPID) (2019), “CUPID pre-CDR,” arXiv:1907.09376 [physics.ins-det]."
U0302,B16,arxiv,AGOSTINI,A109,Avignone,2019,1901.02805,,,"The Search for Double Beta Decay With Germanium Detectors: Past, Present, and Future","Avignone, F T, and S. R. Elliott (2019), “The Search for Double Beta Decay With Germanium Detectors: Past, Present, and Future,” Front.in Phys. 7, 6, arXiv:1901.02805 [nucl-ex]."
U0303,B16,arxiv,AGOSTINI,A115,Azzolini,2019,1904.10397,,,Background Model of the CUPID-0 Experiment,"Azzolini, O, et al. (CUPID) (2019a), “Background Model of the CUPID-0 Experiment,” Eur. Phys. J. C79 (7), 583, arXiv:1904.10397 [nucl-ex]."
U0304,B16,arxiv,AGOSTINI,A116,Azzolini,2019,1909.03397,,,Evidence of Single State Dominance in the Two-Neutrino Double-β Decay of 82 Se with CUPID-0,"Azzolini, O, et al. (2019b), “Evidence of Single State Dominance in the Two-Neutrino Double-β Decay of 82 Se with CUPID-0,” Phys. Rev. Lett. 123 (26), 262501, arXiv:1909.03397 [nucl-ex]."
U0305,B16,arxiv,AGOSTINI,A117,Azzolini,2019,1906.05001,,,Final result of CUPID- 0 phase-I in the search for the 82 Se Neutrinoless Double-β Decay,"Azzolini, O, et al. (CUPID) (2019c), “Final result of CUPID- 0 phase-I in the search for the 82 Se Neutrinoless Double-β Decay,” Phys. Rev. Lett. 123 (3), 032501, arXiv:1906.05001 [nucl-ex]."
U0306,B16,arxiv,AGOSTINI,A147,Basili,2019,1909.06501,,,Benchmark neutrinoless double-beta decay matrix elements in a light nucleus,"Basili, R A M, J. M. Yao, J. Engel, H. Hergert, M. Lockner, P. Maris, and J. P. Vary (2019), “Benchmark neutrinoless double-beta decay matrix elements in a light nucleus,” arXiv:1909.06501."
U0307,B16,arxiv,AGOSTINI,A154,Bellone,2019,1912.03043,,,Sequential Heavy Ion Double Charge Exchange Reactions and the Link to Double β-decay,"Bellone, J I, S. Burrello, M. Colonna, J.-A. Lay, and H. Lenske (2019), “Sequential Heavy Ion Double Charge Exchange Reactions and the Link to Double β-decay,” arXiv:1912.03043."
U0308,B16,arxiv,AGOSTINI,A194,Buck,2019,1908.03334,,,Novel Opaque Scintillator for Neutrino Detection,"Buck, C, B. Gramlich, and S. Schoppmann (2019), “Novel Opaque Scintillator for Neutrino Detection,” JINST 14 (11), P11007, arXiv:1908.03334 [physics.ins-det]."
U0309,B16,arxiv,AGOSTINI,A197,Cabrera,2019,1908.02859,,,Neutrino Physics with an Opaque Detector,"Cabrera, A, et al. (2019), “Neutrino Physics with an Opaque Detector,” arXiv:1908.02859 [physics.ins-det]."
U0310,B16,arxiv,AGOSTINI,A215,Chambers,2019,1806.10694,,,Imaging individual barium atoms in solid xenon for barium tagging in nEXO,"Chambers, C, et al. (nEXO) (2019), “Imaging individual barium atoms in solid xenon for barium tagging in nEXO,” Nature 569 (7755), 203-207, arXiv:1806.10694 [physics.insdet]."
U0311,B16,arxiv,GONZALEZ-GARCIA,G143,D. Adey et al. (Daya Bay),2019,1808.10836,,,,"D. Adey et al. (Daya Bay), Phys. Rev. D 100, 5, 052004 (2019), [arXiv:1808.10836]."
U0312,B16,arxiv,AGOSTINI,A280,Dolinski,2019,1902.04097,,,Neutrinoless Double-Beta Decay: Status and Prospects,"Dolinski, Michelle J, Alan W. P. Poon, and Werner Rodejohann (2019), “Neutrinoless Double-Beta Decay: Status and Prospects,” Ann. Rev. Nucl. Part. Sci. 69, 219-251, arXiv:1902.04097 [nucl-ex]."
U0313,B16,arxiv,GONZALEZ-GARCIA,G025,E. Akhmedov,2019,1901.05232,,,,"E. Akhmedov, in “International Conference on History of the Neutrino: 1930-2018 Paris, France, September 5-7, 2018,” (2019), [arXiv:1901.05232]."
U0314,B16,arxiv,AGOSTINI,A335,Fox,2019,1911.05208,,,Uncertainty quantification of an empirical shell-model interaction using principal component analysis,"Fox, J M R, and C. W. Johnson (2019), “Uncertainty quantification of an empirical shell-model interaction using principal component analysis,” arXiv:1911.05208."
U0315,B16,arxiv,AGOSTINI,A361,Giuliani,2019,1910.04688,,,Double Beta Decay APPEC Committee Report,"Giuliani, A, J. J. Gomez Cadenas, S. Pascoli, E. Previtali, R. Saakyan, K. Schäffner, and S. Schönert (APPEC Committee) (2019), “Double Beta Decay APPEC Committee Report,” arXiv:1910.04688 [hep-ex]."
U0316,B16,arxiv,AGOSTINI,A363,Giunti,2019,1901.08330,,,eV-scale Sterile Neutrinos,"Giunti, C, and T. Lasserre (2019), “eV-scale Sterile Neutrinos,” Ann. Rev. Nucl. Part. Sci. 69, 163-190, arXiv:1901.08330 [hep-ph]."
U0317,B16,arxiv,AGOSTINI,A371,Gomez-Cadenas,2019,1903.02435,,,High Pressure Gas Xenon TPCs for Double Beta Decay Searches,"Gomez-Cadenas, Juan J, Francesc Monrabal Capilla, and Paola Ferrario (2019), “High Pressure Gas Xenon TPCs for Double Beta Decay Searches,” Front. in Phys. 7, 51, arXiv:1903.02435 [physics.ins-det]."
U0318,B16,arxiv,AGOSTINI,A385,Graham,2019,1908.03564,10.1088/1748-,,Light Yield of Perovskite Nanocrystal-Doped Liquid Scintillator,"Graham, E, D. Gooding, J. Gruszko, C. Grant, B. Naranjo, and L. Winslow (2019), “Light Yield of Perovskite Nanocrystal-Doped Liquid Scintillator,” 10.1088/1748- 0221/14/11/P11024, arXiv:1908.03564 [physics.ins-det]."
U0319,B16,arxiv,AGOSTINI,A390,Gruszko,2019,1811.11144,,,Detecting Cherenkov light from 1-2 MeV electrons in linear alkylbenzene,"Gruszko, J, B. Naranjo, B. Daniel, A. Elagin, D. Gooding, C. Grant, J. Ouellet, and L. Winslow (2019), “Detecting Cherenkov light from 1-2 MeV electrons in linear alkylbenzene,” JINST 14 (02), P02005, arXiv:1811.11144 [physics.ins-det]."
U0320,B16,arxiv,AGOSTINI,A394,Ha,2019,1811.09344,,,First Direct Search for Inelastic Boosted Dark Matter with COSINE-100,"Ha, C, et al. (COSINE-100) (2019), “First Direct Search for Inelastic Boosted Dark Matter with COSINE-100,” Phys. Rev. Lett. 122 (13), 131802, arXiv:1811.09344 [astro-ph.IM]."
U0321,B17,arxiv,AGOSTINI,A459,Kaptanoglu,2019,1811.11587,,,Cherenkov and Scintillation Light Separation Using Wavelength in LAB Based Liquid Scintillator,"Kaptanoglu, T, M. Luo, and J. Klein (2019), “Cherenkov and Scintillation Light Separation Using Wavelength in LAB Based Liquid Scintillator,” JINST 14 (05), T05001, arXiv:1811.11587 [physics.ins-det]."
U0322,B17,arxiv,GONZALEZ-GARCIA,G147,L. Hayen et al.,2019,1908.08302,,,,"L. Hayen et al., Phys. Rev. C 100, 5, 054323 (2019), [arXiv:1908.08302]."
U0323,B17,arxiv,AGOSTINI,A509,Liu,2019,1905.00354,,,Constraints on Spin- Independent Nucleus Scattering with sub-GeV Weakly Interacting Massive Particle Dark Matter from the CDEX- 1B Experiment at the China Jinping Underground Laboratory,"Liu, Z Z, et al. (CDEX) (2019), “Constraints on Spin- Independent Nucleus Scattering with sub-GeV Weakly Interacting Massive Particle Dark Matter from the CDEX- 1B Experiment at the China Jinping Underground Laboratory,” Phys. Rev. Lett. 123 (16), 161301, arXiv:1905.00354 [hep-ex]."
U0324,B17,arxiv,GONZALEZ-GARCIA,G126,M. A. Acero et al. (NOvA),2019,1906.04907,,,,"M. A. Acero et al. (NOvA), Phys. Rev. Lett. 123, 15, 151803 (2019), [arXiv:1906.04907]."
U0325,B17,arxiv,GONZALEZ-GARCIA,G070,M. Agostini et al. (Borexino),2019,1707.09279,,,,"M. Agostini et al. (Borexino), Phys. Rev. D 100, 8, 082004 (2019), [arXiv:1707.09279]."
U0326,B17,arxiv,GONZALEZ-GARCIA,G146,M. Estienne et al.,2019,1904.09358,,,,"M. Estienne et al., Phys. Rev. Lett. 123, 2, 022502 (2019), [arXiv:1904.09358]."
U0327,B17,arxiv,GONZALEZ-GARCIA,G093,M. G. Aartsen et al. (IceCube),2019,1901.05366,,,,"M. G. Aartsen et al. (IceCube), Phys. Rev. D99, 3, 032007 (2019), [arXiv:1901.05366]."
U0328,B17,arxiv,GONZALEZ-GARCIA,G115,N. Abgrall et al. (NA61/SHINE),2019,1808.04927,,,,"N. Abgrall et al. (NA61/SHINE), Eur. Phys. J. C 79, 2, 100 (2019), [arXiv:1808.04927]."
U0329,B17,arxiv,AGOSTINI,A612,Renner,2019,1905.13110,,,Energy calibration of the NEXT-White detector with 1% resolution near Qββ of136 Xe,"Renner, J, et al. (NEXT) (2019), “Energy calibration of the NEXT-White detector with 1% resolution near Qββ of136 Xe,” JHEP 10, 230, arXiv:1905.13110 [physics.insdet]."
U0330,B17,arxiv,AGOSTINI,A618,Roca-Maza,2019,1907.06368,,,Double charge-exchange phonon states,"Roca-Maza, X, H. Sagawa, and G. Colo’ (2019), “Double charge-exchange phonon states,” arXiv:1907.06368."
U0331,B17,arxiv,AGOSTINI,A638,Senjanovic,2019,1812.03790,,,Disentangling the seesaw mechanism in the minimal left-right symmetric model,"Senjanovic, Goran, and Vladimir Tello (2019), “Disentangling the seesaw mechanism in the minimal left-right symmetric model,” Phys. Rev. D 100 (11), 115031, arXiv:1812.03790 [hep-ph]."
U0332,B17,arxiv,AGOSTINI,A669,Tanimura,2019,1709.05024,,,A Search for Warm/Hot Gas Filaments Between Pairs of SDSS Luminous Red Galaxies,"Tanimura, H, G. Hinshaw, I. G. McCarthy, L. Van Waerbeke, N. Aghanim, Y.-Z. Ma, A. Mead, A. Hojjati, and T. Tröster (2019), “A Search for Warm/Hot Gas Filaments Between Pairs of SDSS Luminous Red Galaxies,” Mon. Not. Roy. Astron. Soc. 483 (1), 223-234, arXiv:1709.05024 [astro-ph.CO]."
U0333,B17,arxiv,GONZALEZ-GARCIA,G250,V. Alenkov et al. (AMoRE),2019,1903.09483,,,,"V. Alenkov et al. (AMoRE), Eur. Phys. J. C79, 9, 791 (2019), [arXiv:1903.09483]."
U0334,B17,arxiv,AGOSTINI,A026,Agostini,2020,2003.13407,,,Sensitivity of the DARWIN observatory to the neutrinoless double beta decay of 136 Xe,"Agostini, F, et al. (DARWIN) (2020a), “Sensitivity of the DARWIN observatory to the neutrinoless double beta decay of 136 Xe,” Eur. Phys. J. C 80 (9), 808, arXiv:2003.13407 [physics.ins-det]."
U0335,B17,arxiv,AGOSTINI;GONZALEZ-GARCIA,A036;G239,Agostini,2020,2009.06079,,,Final Results of GERDA on the Search for Neutrinoless Double-β Decay,"Agostini, M, et al. (GERDA) (2020b), “Final Results of GERDA on the Search for Neutrinoless Double-β Decay,” Phys. Rev. Lett. 125 (25), 252502, arXiv:2009.06079 [nucl-ex]."
U0336,B17,arxiv,AGOSTINI,A037,Agostini,2020,1909.02522,,,Modeling of GERDA Phase II data,"Agostini, M, et al. (GERDA) (2020c), “Modeling of GERDA Phase II data,” JHEP 03, 139, arXiv:1909.02522 [nucl-ex]."
U0337,B17,arxiv,AGOSTINI,A038,Agostini,2020,2005.14184,,,The first search for bosonic super-WIMPs with masses up to 1 MeV/c2 with GERDA,"Agostini, M, et al. (GERDA) (2020d), “The first search for bosonic super-WIMPs with masses up to 1 MeV/c2 with GERDA,” Phys. Rev. Lett. 125 (1), 011801, arXiv:2005.14184 [hep-ex]."
U0338,B17,arxiv,AGOSTINI,A048,Akerib,2020,1912.04248,,,Projected sensitivity of the LUX-ZEPLIN experiment to the 0νββ decay of 136 Xe,"Akerib, D S, et al. (LZ) (2020), “Projected sensitivity of the LUX-ZEPLIN experiment to the 0νββ decay of 136 Xe,” Phys. Rev. C 102 (1), 014602, arXiv:1912.04248 [nucl-ex]."
U0339,B17,arxiv,AGOSTINI,A076,Anton,2020,1908.04128,,,Measurement of the scintillation and ionization response of liquid xenon at MeV energies in the EXO-200 experiment,"Anton, G, et al. (EXO-200) (2020), “Measurement of the scintillation and ionization response of liquid xenon at MeV energies in the EXO-200 experiment,” Phys. Rev. C 101 (6), 065501, arXiv:1908.04128 [physics.ins-det]."
U0340,B17,arxiv,AGOSTINI,A086,Armatol,2020,2011.11726,,,A novel technique for the study of pile-up events in cryogenic bolometers,"Armatol, A, et al. (CUPID) (2020), “A novel technique for the study of pile-up events in cryogenic bolometers,” arXiv:2011.11726 [physics.ins-det]."
U0341,B18,arxiv,AGOSTINI,A087,Armengaud,2020,1912.07272,,,Precise measurement of 2νββ decay of 100 Mo with the CUPID-Mo detection technology,"Armengaud, E, et al. (2020a), “Precise measurement of 2νββ decay of 100 Mo with the CUPID-Mo detection technology,” Eur. Phys. J. C 80 (7), 674, arXiv:1912.07272 [nucl-ex]."
U0342,B18,arxiv,AGOSTINI,A088,Armengaud,2020,1909.02994,,,The CUPID-Mo experiment for neutrinoless double-beta decay: performance and prospects,"Armengaud, E, et al. (2020b), “The CUPID-Mo experiment for neutrinoless double-beta decay: performance and prospects,” Eur. Phys. J. C 80 (1), 44, arXiv:1909.02994 [physics.ins-det]."
U0343,B18,arxiv,AGOSTINI,A100,Arnold,2020,2011.07657,,,Search for Periodic Modulations of the Rate of Double-Beta Decay of 100 Mo in the NEMO-3 Detector,"Arnold, R, et al. (NEMO-3) (2020), “Search for Periodic Modulations of the Rate of Double-Beta Decay of 100 Mo in the NEMO-3 Detector,” arXiv:2011.07657 [nucl-ex]."
U0344,B18,arxiv,AGOSTINI,A104,Askins,2020,1911.03501,,,THEIA: an advanced optical neutrino detector,"Askins, M, et al. (Theia) (2020), “THEIA: an advanced optical neutrino detector,” Eur. Phys. J. C 80 (5), 416, arXiv:1911.03501 [physics.ins-det]."
U0345,B18,arxiv,GONZALEZ-GARCIA,G102,B. Abi et al. (DUNE),2020,2002.02967,,,,"B. Abi et al. (DUNE), JINST 15, 08, T08008 (2020), [arXiv:2002.02967]."
U0346,B18,arxiv,AGOSTINI,A129,Bandac,2020,1906.10233,,,The 0ν2β-decay CROSS experiment: preliminary results and prospects,"Bandac, I C, et al. (CROSS) (2020), “The 0ν2β-decay CROSS experiment: preliminary results and prospects,” JHEP 01, 018, [JHEP20,018(2020)], arXiv:1906.10233 [nucl-ex]."
U0347,B18,arxiv,AGOSTINI,A168,Blaum,2020,2007.14908,,,Neutrinoless Double-Electron Capture,"Blaum, K, S. Eliseev, F. A. Danevich, V. I. Tretyak, S. Kovalenko, M. I. Krivoruchenko, Yu. N. Novikov, and J. Suhonen (2020), “Neutrinoless Double-Electron Capture,” Rev. Mod. Phys. 92, 045007, arXiv:2007.14908 [hep-ph]."
U0348,B18,arxiv,AGOSTINI,A180,Bolton,2020,1912.03058,,,Neutrinoless double beta decay versus other probes of heavy sterile neutrinos,"Bolton, Patrick D, Frank F. Deppisch, and P. S. Bhupal Dev (2020), “Neutrinoless double beta decay versus other probes of heavy sterile neutrinos,” JHEP 03, 170, arXiv:1912.03058 [hep-ph]."
U0349,B18,arxiv,AGOSTINI,A205,Caravaca,2020,2006.00173,,,Characterization of water-based liquid scintillator for Cherenkov and scintillation separation,"Caravaca, J, B.J. Land, M. Yeh, and G.D. Orebi Gann (2020), “Characterization of water-based liquid scintillator for Cherenkov and scintillation separation,” Eur. Phys. J. C 80 (9), 867, arXiv:2006.00173 [physics.ins-det]."
U0350,B18,arxiv,AGOSTINI,A268,Deppisch,2020,2009.10119,,,Analysis of light neutrino exchange and short-range mechanisms in 0νββ decay,"Deppisch, F F, L. Graf, F. Iachello, and J. Kotila (2020a), “Analysis of light neutrino exchange and short-range mechanisms in 0νββ decay,” Phys. Rev. D 102 (9), 095016, arXiv:2009.10119 [hep-ph]."
U0351,B18,arxiv,AGOSTINI,A269,Deppisch,2020,2003.11836,,,Searching for New Physics in Two-Neutrino Double Beta Decay,"Deppisch, F F, Lukas Graf, and F. Šimkovic (2020b), “Searching for New Physics in Two-Neutrino Double Beta Decay,” Phys. Rev. Lett. 125 (17), 171801, arXiv:2003.11836 [hep-ph]."
U0352,B18,arxiv,AGOSTINI,A286,Dror,2020,1908.10861,,,Absorption of Fermionic Dark Matter by Nuclear Targets,"Dror, J A, G. Elor, and R. Mcgehee (2020), “Absorption of Fermionic Dark Matter by Nuclear Targets,” JHEP 02, 134, arXiv:1908.10861 [hep-ph]."
U0353,B18,arxiv,AGOSTINI,A312,Esteban,2020,2007.14792,,,The fate of hints: updated global analysis of three-flavor neutrino oscillations,"Esteban, I, M. C. Gonzalez-Garcia, M. Maltoni, T. Schwetz, and Albert Zhou (2020), “The fate of hints: updated global analysis of three-flavor neutrino oscillations,” JHEP 09, 178, arXiv:2007.14792 [hep-ph]."
U0354,B18,arxiv,AGOSTINI,A350,Galan,2020,1903.03979,,,Topological background discrimination in the PandaX-III neutrinoless double beta decay experiment,"Galan, J, et al. (2020), “Topological background discrimination in the PandaX-III neutrinoless double beta decay experiment,” J. Phys. G 47 (4), 045108, arXiv:1903.03979 [physics.ins-det]."
U0355,B18,arxiv,GONZALEZ-GARCIA,G163,H. Almazán et al. (STEREO),2020,1912.06582,,,,"H. Almazán et al. (STEREO), Phys. Rev. D 102, 5, 052002 (2020), [arXiv:1912.06582]."
U0356,B18,arxiv,GONZALEZ-GARCIA,G149,H. de Kerret et al. (Double Chooz),2020,1901.09445,,,,"H. de Kerret et al. (Double Chooz), Nature Phys. 16, 5, 558 (2020), [arXiv:1901.09445]."
U0357,B18,arxiv,AGOSTINI,A415,Helset,2020,1909.05853,,,"Baryon number, lepton number, and operator dimension in the smeft with flavor symmetries","Helset, A, and A. Kobach (2020), “Baryon number, lepton number, and operator dimension in the smeft with flavor symmetries,” Phys.Lett.B 800, 135132, arXiv:1909.05853 [hep-ph]."
U0358,B18,arxiv,AGOSTINI,A492,Lee,2020,2005.05567,,,AMoRE: A search for neutrinoless double-beta decay of 100Mo using low-temperature molybdenum-containing crystal detectors,"Lee, M H (AMoRE) (2020), “AMoRE: A search for neutrinoless double-beta decay of 100Mo using low-temperature molybdenum-containing crystal detectors,” JINST 15 (08), C08010, arXiv:2005.05567 [physics.ins-det]."
U0359,B18,arxiv,AGOSTINI,A505,Liao,2020,2007.08125,,,An explicit construction of the dimension-9 operator basis in the standard model effective field theory,"Liao, Yi, and Xiao-Dong Ma (2020), “An explicit construction of the dimension-9 operator basis in the standard model effective field theory,” JHEP 11, 152, arXiv:2007.08125 [hep-ph]."
U0360,B18,arxiv,GONZALEZ-GARCIA,G068,M. Agostini et al. (BOREXINO),2020,2006.15115,,Nature|587|577,,"M. Agostini et al. (BOREXINO), Nature 587, 577 (2020), [arXiv:2006.15115]."
U0361,B19,arxiv,GONZALEZ-GARCIA,G071,M. Agostini et al. (Borexino),2020,1709.00756,,,,"M. Agostini et al. (Borexino), Phys. Rev. D 101, 6, 062001 (2020), [arXiv:1709.00756]."
U0362,B19,arxiv,AGOSTINI,A529,Mei,2020,2010.09226,,,Topmetal CMOS direct charge sensing plane for neutrinoless double-beta decay search in high-pressure gaseous TPC,"Mei, Y, X. Sun, and N. Xu (2020), “Topmetal CMOS direct charge sensing plane for neutrinoless double-beta decay search in high-pressure gaseous TPC,” arXiv:2010.09226 [physics.ins-det]."
U0363,B19,arxiv,AGOSTINI,A569,Obara,2020,1909.09343,,,AXEL: High-pressure Xe gas TPC for BG-free 0ν2β decay search,"Obara, S, et al. (2020), “AXEL: High-pressure Xe gas TPC for BG-free 0ν2β decay search,” Nucl. Instrum. Meth. A 958, 162803, arXiv:1909.09343 [physics.ins-det]."
U0364,B19,arxiv,GONZALEZ-GARCIA,G119,P. Adamson et al. (MINOS+),2020,2006.15208,,,,"P. Adamson et al. (MINOS+), Phys. Rev. Lett. 125, 13, 131802 (2020), [arXiv:2006.15208]."
U0365,B19,arxiv,AGOSTINI,A575,Palanque-Delabrouille,2020,1911.09073,,,"Hints, neutrino bounds and WDM constraints from SDSS DR14 Lyman-α and Planck full-survey data","Palanque-Delabrouille, N, C. Yèche, N. Schöneberg, J. Lesgourgues, M. Walther, S. Chabanier, and E. Armengaud (2020), “Hints, neutrino bounds and WDM constraints from SDSS DR14 Lyman-α and Planck full-survey data,” JCAP 04, 038, arXiv:1911.09073 [astro-ph.CO]."
U0366,B19,arxiv,AGOSTINI,A607,Rebeiro,2020,2002.02987,,,"Benchmarking 136 Xe Neutrinoless ββ Decay Matrix Element Calculations with the Ba(p, t) Reaction","Rebeiro, B M, et al. (2020), “Benchmarking 136 Xe Neutrinoless ββ Decay Matrix Element Calculations with the Ba(p, t) Reaction,” arXiv:2002.02987."
U0367,B19,arxiv,AGOSTINI,A673,Terasaki,2020,2003.03542,,,Strength of the isoscalar pairing interaction determined by a relation between double-charge change and double-pair transfer for double- β decay,"Terasaki, J (2020), “Strength of the isoscalar pairing interaction determined by a relation between double-charge change and double-pair transfer for double- β decay,” Phys. Rev. C 102 (4), 044303, arXiv:2003.03542 [nucl-th]."
U0368,B19,arxiv,AGOSTINI,A728,Yao,2020,1908.05424,,,AbInitio Treatment of Collective Correlations and the Neutrinoless Double Beta Decay of Ca,"Yao, J M, B. Bally, J. Engel, R. Wirth, T. R. Rodrı́guez, and H. Hergert (2020), “AbInitio Treatment of Collective Correlations and the Neutrinoless Double Beta Decay of Ca,” Phys. Rev. Lett. 124, 232501, arXiv:1908.05424."
U0369,B19,arxiv,GONZALEZ-GARCIA,G130,A. A. Aguilar-Arevalo et al. (MiniBooNE),2021,2006.16883,,,,"A. A. Aguilar-Arevalo et al. (MiniBooNE), Phys. Rev. D 103, 5, 052002 (2021), [arXiv:2006.16883]."
U0370,B19,arxiv,GONZALEZ-GARCIA,G167,A. P. Serebrov et al.,2021,2005.05301,,,,"A. P. Serebrov et al., Phys. Rev. D 104, 3, 032003 (2021), [arXiv:2005.05301]."
U0371,B19,arxiv,AGOSTINI;GONZALEZ-GARCIA,A014;G241,Abgrall,2021,2107.11462,,,The Large Enriched Germanium Experiment for Neutrinoless ββ Decay: LEGEND-1000 Preconceptual Design Report,"Abgrall, N, et al. (LEGEND) (2021), “The Large Enriched Germanium Experiment for Neutrinoless ββ Decay: LEGEND-1000 Preconceptual Design Report,” arXiv:2107.11462 [physics.ins-det]."
U0372,B19,arxiv,AGOSTINI,A015,Abi,2021,2104.03281,,,Measurement of the Positive Muon Anomalous Magnetic Moment to 0.46 ppm,"Abi, B, et al. (Muon g-2) (2021), “Measurement of the Positive Muon Anomalous Magnetic Moment to 0.46 ppm,” Phys. Rev. Lett. 126 (14), 141801, arXiv:2104.03281 [hep-ex]."
U0373,B19,arxiv,AGOSTINI;GONZALEZ-GARCIA,A016;G159,Abusleme,2021,2104.02565,,Prog. Part. Nucl. Phys.|123|103927,JUNO Physics and Detector,"Abusleme, A, et al. (JUNO) (2021), “JUNO Physics and Detector,” arXiv:2104.02565 [hep-ex]."
U0374,B19,arxiv,AGOSTINI,A018,Adams,2021,2005.06467,,,Sensitivity of a tonnescale NEXT detector for neutrinoless double beta decay searches,"Adams, C, et al. (NEXT) (2021a), “Sensitivity of a tonnescale NEXT detector for neutrinoless double beta decay searches,” JHEP 2021 (08), 164, arXiv:2005.06467 [physics.ins-det]."
U0375,B19,arxiv,AGOSTINI,A019,Adams,2021,2012.11749,,,Measurement of the 2νββ Decay Half-Life of 130 Te with CUORE,"Adams, D Q, et al. (CUORE) (2021b), “Measurement of the 2νββ Decay Half-Life of 130 Te with CUORE,” Phys. Rev. Lett. 126 (17), 171801, arXiv:2012.11749 [nucl-ex]."
U0376,B19,arxiv,AGOSTINI,A027,Agostini,2021,2012.13938,,,Discovery probabilities of Majorana neutrinos based on cosmological data,"Agostini, M, G. Benato, S. Dell’Oro, S. Pirro, and F. Vissani (2021a), “Discovery probabilities of Majorana neutrinos based on cosmological data,” Phys. Rev. D 103 (3), 033008, arXiv:2012.13938 [hep-ph]."
U0377,B19,arxiv,AGOSTINI,A029,Agostini,2021,2107.09104,,,Testing the inverted neutrino mass ordering with neutrinoless double-β decay,"Agostini, M, G. Benato, J. A. Detwiler, J. Menéndez, and F. Vissani (2021b), “Testing the inverted neutrino mass ordering with neutrinoless double-β decay,” Phys. Rev. C 104 (4), L042501, arXiv:2107.09104 [hep-ph]."
U0378,B19,arxiv,AGOSTINI,A030,Agostini,2021,2012.09281,,,Search for Light Exotic Fermions in Double-Beta Decays,"Agostini, M, E. Bossio, A. Ibarra, and X. Marcano (2021c), “Search for Light Exotic Fermions in Double-Beta Decays,” Phys. Lett. B 815, 136127, arXiv:2012.09281 [hep-ph]."
U0379,B19,arxiv,AGOSTINI,A040,Agrawal,2021,2102.12143,,,Feebly-interacting particles: FIPs 2020 workshop report,"Agrawal, Prateek, et al. (2021), “Feebly-interacting particles: FIPs 2020 workshop report,” Eur. Phys. J. C 81 (11), 1015, arXiv:2102.12143 [hep-ph]."
U0380,B19,arxiv,AGOSTINI,A044,Ajimura,2021,2008.09288,,,Low background measurement in CANDLES-III for studying the neutrino-less double beta decay of 48 Ca,"Ajimura, S, et al. (CANDLES) (2021), “Low background measurement in CANDLES-III for studying the neutrino-less double beta decay of 48 Ca,” Phys. Rev. D 103 (9), 092008, arXiv:2008.09288 [hep-ex]."
U0381,B20,arxiv,AGOSTINI;GONZALEZ-GARCIA,A055;G243,Albanese,2021,2104.11687,,,The SNO+ Experiment,"Albanese, V, et al. (SNO+) (2021), “The SNO+ Experiment,” arXiv:2104.11687 [physics.ins-det]."
U0382,B20,arxiv,AGOSTINI,A089,Armengaud,2021,2011.13243,,,New Limit for Neutrinoless Double-Beta Decay of 100 Mo from the CUPID- Mo Experiment,"Armengaud, E, et al. (CUPID) (2021), “New Limit for Neutrinoless Double-Beta Decay of 100 Mo from the CUPID- Mo Experiment,” Phys. Rev. Lett. 126 (18), 181802, arXiv:2011.13243 [nucl-ex]."
U0383,B20,arxiv,AGOSTINI,A126,Bally,2021,2010.14169,,,Symmetry-projected variational calculations with the numerical suite TAURUS: I. Variation after particlenumber projection,"Bally, B, A. Sánchez-Fernández, and T. R. Rodrı́guez (2021), “Symmetry-projected variational calculations with the numerical suite TAURUS: I. Variation after particlenumber projection,” Eur. Phys. J. A 57 (2), 69, [Erratum: Eur.Phys.J.A 57, 124 (2021)], arXiv:2010.14169 [nucl-th]."
U0384,B20,arxiv,AGOSTINI,A152,Belley,2021,2008.06588,,,"AbInitio Neutrinoless Double-Beta Decay Matrix Elements for 48 Ca , 76 Ge , and 82 Se","Belley, A, C. G. Payne, S. R. Stroberg, T. Miyagi, and J. D. Holt (2021), “AbInitio Neutrinoless Double-Beta Decay Matrix Elements for 48 Ca , 76 Ge , and 82 Se,” Phys. Rev. Lett. 126, 042502, arXiv:2008.06588."
U0385,B20,arxiv,AGOSTINI,A164,Bhattiprolu,2021,2009.07249,,,Criteria for projected discovery and exclusion sensitivities of counting experiments,"Bhattiprolu, P N, S. P. Martin, and J. D. Wells (2021), “Criteria for projected discovery and exclusion sensitivities of counting experiments,” Eur. Phys. J. C 81 (2), 123, arXiv:2009.07249 [physics.data-an]."
U0386,B20,arxiv,AGOSTINI,A179,Bolton,2021,2011.13387,,,Two-Neutrino Double Beta Decay with Sterile Neutrinos,"Bolton, P D, F. F. Deppisch, Lukáš G., and F. Šimkovic (2021), “Two-Neutrino Double Beta Decay with Sterile Neutrinos,” Phys. Rev. D 103 (5), 055019, arXiv:2011.13387 [hep-ph]."
U0387,B20,arxiv,AGOSTINI,A184,Bouet,2021,2007.02570,,,R2D2 spherical TPC: first energy resolution results,"Bouet, R, et al. (2021), “R2D2 spherical TPC: first energy resolution results,” JINST 16 (03), P03012, arXiv:2007.02570 [physics.ins-det]."
U0388,B20,arxiv,AGOSTINI,A185,Brase,2021,2108.11805,,,Neutrinoless doublebeta decay from an effective field theory for heavy nuclei,"Brase, Catharina, Javier Menéndez, Eduardo Antonio Coello Pérez, and Achim Schwenk (2021), “Neutrinoless doublebeta decay from an effective field theory for heavy nuclei,” arXiv:2108.11805 [nucl-th]."
U0389,B20,arxiv,AGOSTINI,A202,Capozzi,2021,2107.00532,,,Unfinished fabric of the three neutrino paradigm,"Capozzi, F, E. Di Valentino, E. Lisi, A. Marrone, A. Melchiorri, and A. Palazzo (2021), “Unfinished fabric of the three neutrino paradigm,” Phys. Rev. D 104 (8), 083031, arXiv:2107.00532 [hep-ph]."
U0390,B20,arxiv,AGOSTINI,A253,Davoudi,2021,2008.11160,,,Nuclear matrix elements from lattice QCD for electroweak and beyond-Standard-Model processes,"Davoudi, Zohreh, William Detmold, Kostas Orginos, Assumpta Parreño, Martin J. Savage, Phiala Shanahan, and Michael L. Wagman (2021), “Nuclear matrix elements from lattice QCD for electroweak and beyond-Standard-Model processes,” Phys. Rept. 900, 1-74, arXiv:2008.11160 [hep-lat]."
U0391,B20,arxiv,AGOSTINI,A449,Jokiniemi,2021,2111.12992,,,Ab initio calculation of muon capture on 24 Mg,"Jokiniemi, L, T. Miyagi, S. R. Stroberg, J. D. Holt, J. Kotila, and J. Suhonen (2021a), “Ab initio calculation of muon capture on 24 Mg,” arXiv:2111.12992 [nucl-th]."
U0392,B20,arxiv,AGOSTINI,A454,Jones,2021,2109.05902,,,The Dynamics of Ions on Phased Radio-frequency Carpets in High Pressure Gases and Application for Barium Tagging in Xenon Gas Time Projection Chambers,"Jones, B J P, et al. (NEXT) (2021), “The Dynamics of Ions on Phased Radio-frequency Carpets in High Pressure Gases and Application for Barium Tagging in Xenon Gas Time Projection Chambers,” arXiv:2109.05902 [physics.ins-det]."
U0393,B20,arxiv,AGOSTINI,A480,Kotila,2021,2110.09141,,,Long-range neutrinoless double beta decay mechanisms,"Kotila, Jenni, Jacopo Ferretti, and Francesco Iachello (2021), “Long-range neutrinoless double beta decay mechanisms,” arXiv:2110.09141 [hep-ph]."
U0394,B20,arxiv,AGOSTINI,A487,Land,2021,2007.14999,,,MeV-scale performance of water-based and pure liquid scintillator detectors,"Land, B J, Z. Bagdasarian, J. Caravaca, M. Smiley, M. Yeh, and G. D. Orebi Gann (2021), “MeV-scale performance of water-based and pure liquid scintillator detectors,” Phys. Rev. D 103 (5), 052004, arXiv:2007.14999 [physics.ins-det]."
U0395,B20,arxiv,AGOSTINI,A502,Li,2021,2009.01257,,,Left-Right Symmetry and Leading Contributions to Neutrinoless Double Beta Decay,"Li, Gang, Michael Ramsey-Musolf, and Juan Carlos Vasquez (2021a), “Left-Right Symmetry and Leading Contributions to Neutrinoless Double Beta Decay,” Phys. Rev. Lett. 126 (15), 151801, arXiv:2009.01257 [hep-ph]."
U0396,B20,arxiv,AGOSTINI,A504,Li,2021,2007.07899,,,Complete set of dimension-nine operators in the standard model effective field theory,"Li, Hao-Lin, Zhe Ren, Ming-Lei Xiao, Jiang-Hao Yu, and Yu- Hui Zheng (2021c), “Complete set of dimension-nine operators in the standard model effective field theory,” Phys. Rev. D 104 (1), 015025, arXiv:2007.07899 [hep-ph]."
U0397,B20,arxiv,GONZALEZ-GARCIA,G165,M. Andriamirado et al. (PROSPECT),2021,2006.11210,,,,"M. Andriamirado et al. (PROSPECT), Phys. Rev. D 103, 3, 032001 (2021), [arXiv:2006.11210]."
U0398,B20,arxiv,GONZALEZ-GARCIA,G097,M. G. Aartsen et al. (IceCube-Gen2),2021,2008.04323,,,,"M. G. Aartsen et al. (IceCube-Gen2), J. Phys. G 48, 6, 060501 (2021), [arXiv:2008.04323]."
U0399,B20,arxiv,AGOSTINI,A564,Novario,2021,2008.09696,,,Coupled-Cluster Calculations of Neutrinoless Double-β Decay in 48 Ca,"Novario, S, P. Gysbers, J. Engel, G. Hagen, G. R. Jansen, T. D. Morris, P. Navrátil, T. Papenbrock, and S. Quaglioni (2021), “Coupled-Cluster Calculations of Neutrinoless Double-β Decay in 48 Ca,” Phys. Rev. Lett. 126, 182502, arXiv:2008.09696. NSAC NLDBD Subcommittee, (2014), “Report to the nuclear science advisory committee,” https: //science.osti.gov/-/media/np/nsac/pdf/docs/2014/ NLDBD_Report_2014_Final.pdf. NSAC NLDBD Subcommittee, (2015), “Report to the nuclear science advisory committee,” https: //science.osti.gov/-/media/np/nsac/pdf/docs/2016/ NLDBD_Report_2015_Final_Nov18.pdf."
U0400,B20,arxiv,AGOSTINI,A570,Ohlsson,2021,2107.08771,,,Flavor symmetries in the Yukawa sector of non-supersymmetric SO(10): numerical fits using renormalization group running,"Ohlsson, T, and M. Pernow (2021), “Flavor symmetries in the Yukawa sector of non-supersymmetric SO(10): numerical fits using renormalization group running,” JHEP 09, 111, arXiv:2107.08771 [hep-ph]."
U0401,B21,arxiv,GONZALEZ-GARCIA,G196,P. F. de Salas et al.,2021,2006.11237,,JHEP|02|071,,"P. F. de Salas et al., JHEP 02, 071 (2021), [arXiv:2006.11237]."
U0402,B21,arxiv,AGOSTINI,A625,Romeo,2021,2102.11101,,,γγ decay as a probe of neutrinoless ββ decay nuclear matrix elements,"Romeo, B, J. Menéndez, and C. Peña (2021), “γγ decay as a probe of neutrinoless ββ decay nuclear matrix elements,” arXiv:2102.11101."
U0403,B21,arxiv,AGOSTINI,A626,Romero,2021,2105.03471,,,Application of an efficient generator-coordinate subspace-selection algorithm to neutrinoless double-β decay,"Romero, A M, J. M. Yao, B. Bally, T. R. Rodrı́guez, and J. Engel (2021), “Application of an efficient generator-coordinate subspace-selection algorithm to neutrinoless double-β decay,” Phys. Rev. C 104 (5), 054317, arXiv:2105.03471 [nucl-th]."
U0404,B21,arxiv,GONZALEZ-GARCIA,G134,S. Ajimura et al. (JSNS2),2021,2104.13169,,Nucl. Instrum. Meth. A|1014|165742,,"S. Ajimura et al. (JSNS2), Nucl. Instrum. Meth. A 1014, 165742 (2021), [arXiv:2104.13169]."
U0405,B21,arxiv,GONZALEZ-GARCIA,G145,V. Kopeikin,2021,2103.01684,,,,"V. Kopeikin, M. Skorokhvatov and O. Titov, Phys. Rev. D 104, 7, L071301 (2021), [arXiv:2103.01684]."
U0406,B21,arxiv,AGOSTINI,A695,Vissani,2021,2103.02642,,,"What Is Matter According to Particle Physics, and Why Try to Observe Its Creation in a Lab?","Vissani, F (2021), “What Is Matter According to Particle Physics, and Why Try to Observe Its Creation in a Lab?” Universe 7 (3), 61, arXiv:2103.02642 [hep-ph]."
U0407,B21,arxiv,AGOSTINI,A715,Weiss,2021,2112.08146,,,Neutrinoless double-beta decay: combining quantum Monte Carlo and the nuclear shell model with the generalized contact formalism,"Weiss, Ronen, Pablo Soriano, Alessandro Lovato, Jaview Menendez, and R. B. Wiringa (2021), “Neutrinoless double-beta decay: combining quantum Monte Carlo and the nuclear shell model with the generalized contact formalism,” arXiv:2112.08146 [nucl-th]."
U0408,B21,arxiv,AGOSTINI,A722,Wirth,2021,2105.05415,,,Ab initio calculation of the contact operator contribution in the standard mechanism for neutrinoless double beta decay,"Wirth, R, J. M. Yao, and H. Hergert (2021), “Ab initio calculation of the contact operator contribution in the standard mechanism for neutrinoless double beta decay,” arXiv:2105.05415."
U0409,B21,arxiv,GONZALEZ-GARCIA,G168,Y. Abreu et al. (SoLid),2021,2002.05914,,,,"Y. Abreu et al. (SoLid), JINST 16, 02, P02025 (2021), [arXiv:2002.05914]."
U0410,B21,arxiv,GONZALEZ-GARCIA,G160,A. Abusleme et al. (JUNO),2022,2204.13249,,,,"A. Abusleme et al. (JUNO), Chin. Phys. C 46, 12, 123001 (2022), [arXiv:2204.13249]."
U0411,B21,arxiv,AGOSTINI,A007,Abe,2022,2203.02139,,,First Search for the Majorana Nature of Neutrinos in the Inverted Mass Ordering Region with KamLAND-Zen,"Abe, S, et al. (KamLAND-Zen) (2022), “First Search for the Majorana Nature of Neutrinos in the Inverted Mass Ordering Region with KamLAND-Zen,” arXiv:2203.02139 [hep-ex]."
U0412,B21,arxiv,AGOSTINI;GONZALEZ-GARCIA,A020;G247,Adams,2022,2104.06906,,,Search for Majorana neutrinos exploiting millikelvin cryogenics with CUORE,"Adams, D Q, et al. (CUORE) (2022), “Search for Majorana neutrinos exploiting millikelvin cryogenics with CUORE,” Nature 604 (7904), 53-58, arXiv:2104.06906 [nucl-ex]."
U0413,B21,arxiv,AGOSTINI;GONZALEZ-GARCIA,A021;G245,Adhikari,2022,2106.16243,,,nEXO: neutrinoless double beta decay search beyond 1028 year half-life sensitivity,"Adhikari, G, et al. (nEXO) (2022), “nEXO: neutrinoless double beta decay search beyond 1028 year half-life sensitivity,” J. Phys. G 49 (1), 015104, arXiv:2106.16243 [nucl-ex]."
U0414,B21,arxiv,AGOSTINI,A039,Agostini,2022,2112.11816,,,First Directional Measurement of Sub-MeV Solar Neutrinos with Borexino,"Agostini, M, et al. (BOREXINO) (2022), “First Directional Measurement of Sub-MeV Solar Neutrinos with Borexino,” Phys. Rev. Lett. 128 (9), 091803, arXiv:2112.11816 [hep-ex]."
U0415,B21,arxiv,AGOSTINI,A046,Aker,2022,2105.08533,,,Direct neutrino-mass measurement with sub-electronvolt sensitivity,"Aker, M, et al. (KATRIN) (2022), “Direct neutrino-mass measurement with sub-electronvolt sensitivity,” Nature Phys. 18 (2), 160-166, arXiv:2105.08533 [hep-ex]."
U0416,B21,arxiv,AGOSTINI;GONZALEZ-GARCIA,A101;G240,Arnquist,2022,2207.07638,,,Final Result of the MAJORANA DEMONSTRATOR’s Search for Neutrinoless Double-β Decay in 76 Ge,"Arnquist, I J, et al. (2022), “Final Result of the MAJORANA DEMONSTRATOR’s Search for Neutrinoless Double-β Decay in 76 Ge,” arXiv:2207.07638 [nucl-ex]."
U0417,B21,arxiv,AGOSTINI,A181,Bolton,2022,2112.12658,,,Neutrinoless double beta decay via light neutralinos in R-parity violating supersymmetry,"Bolton, Patrick D, Frank F. Deppisch, and P. S. Bhupal Dev (2022), “Neutrinoless double beta decay via light neutralinos in R-parity violating supersymmetry,” JHEP 03, 152, arXiv:2112.12658 [hep-ph]."
U0418,B21,arxiv,GONZALEZ-GARCIA,G249,C. Augier et al. (CUPID),2022,2202.08716,,,,"C. Augier et al. (CUPID), Eur. Phys. J. C 82, 11, 1033 (2022), [arXiv:2202.08716]."
U0419,B21,arxiv,GONZALEZ-GARCIA,G210,C. Giunti et al.,2022,2110.06820,,Phys. Lett. B|829|137054,,"C. Giunti et al., Phys. Lett. B 829, 137054 (2022), [arXiv:2110.06820]."
U0420,B21,arxiv,GONZALEZ-GARCIA,G214,C. Giunti et al.,2022,2209.00916,,JHEP|10|164,,"C. Giunti et al., JHEP 10, 164 (2022), [arXiv:2209.00916]."
U0421,B22,arxiv,AGOSTINI,A198,Cacciapaglia,2022,2204.04514,,,The W boson mass weighs in on the non-standard Higgs,"Cacciapaglia, Giacomo, and Francesco Sannino (2022), “The W boson mass weighs in on the non-standard Higgs,” Phys. Lett. B 832, 137232, arXiv:2204.04514 [hep-ph]."
U0422,B22,arxiv,AGOSTINI,A228,Cirigliano,2022,2207.01085,,,Towards Precise and Accurate Calculations of Neutrinoless Double-Beta Decay: Project Scoping Workshop Report,"Cirigliano, V, et al. (2022), “Towards Precise and Accurate Calculations of Neutrinoless Double-Beta Decay: Project Scoping Workshop Report,” arXiv:2207.01085 [nucl-th]."
U0423,B22,arxiv,AGOSTINI,A284,Drewes,2022,2203.08538,,,Low-scale leptogenesis with flavour and CP symmetries,"Drewes, Marco, Yannis Georis, Claudia Hagedorn, and Juraj Klarić (2022a), “Low-scale leptogenesis with flavour and CP symmetries,” arXiv:2203.08538 [hep-ph]."
U0424,B22,arxiv,AGOSTINI,A285,Drewes,2022,2106.16226,,,Mapping the Viable Parameter Space for Testable Leptogenesis,"Drewes, Marco, Yannis Georis, and Juraj Klarić (2022b), “Mapping the Viable Parameter Space for Testable Leptogenesis,” Phys. Rev. Lett. 128 (5), 051801, arXiv:2106.16226 [hep-ph]."
U0425,B22,arxiv,AGOSTINI,A247,D’Alise,2022,2204.03686,,,"Standard model anomalies: Lepton flavour non-universality, g-2 and W-mass","D’Alise, Alessandra, et al. (2022), “Standard model anomalies: Lepton flavour non-universality, g-2 and W-mass,” arXiv:2204.03686 [hep-ph]."
U0426,B22,arxiv,AGOSTINI,A313,Ettengruber,2022,2208.09954,,,Discovering neutrinoless double-beta decay in the era of precision neutrino cosmology,"Ettengruber, Manuel, Matteo Agostini, Allen Caldwell, Philipp Eller, and Oliver Schulz (2022), “Discovering neutrinoless double-beta decay in the era of precision neutrino cosmology,” arXiv:2208.09954 [hep-ph]."
U0427,B22,arxiv,AGOSTINI,A382,Graesser,2022,2202.01237,,,Uncovering a chirally suppressed mechanism of 0νββ decay with LHC searches,"Graesser, Michael L, Gang Li, Michael J. Ramsey-Musolf, Tianyang Shen, and Sebastián Urrutia-Quiroga (2022), “Uncovering a chirally suppressed mechanism of 0νββ decay with LHC searches,” arXiv:2202.01237 [hep-ph]."
U0428,B22,arxiv,AGOSTINI,A398,Hagen,2022,2201.07298,,,Angular-momentum projection in coupled-cluster theory: structure of 34 Mg,"Hagen, G, S. J. Novario, Z. H. Sun, T. Papenbrock, G. R. Jansen, J. G. Lietz, T. Duguet, and A. Tichai (2022), “Angular-momentum projection in coupled-cluster theory: structure of 34 Mg,” arXiv:2201.07298 [nucl-th]."
U0429,B22,arxiv,AGOSTINI,A434,Horoi,2022,2203.10577,,,A Statistical Analysis for the Neutrinoless Double-Beta Decay Matrix element of 48 Ca,"Horoi, M, A. Neacsu, and S. Stoica (2022), “A Statistical Analysis for the Neutrinoless Double-Beta Decay Matrix element of 48 Ca,” arXiv:2203.10577 [nucl-th]."
U0430,B22,arxiv,AGOSTINI,A453,Jokiniemi,2022,2207.05108,,,Neutrinoless ββ-decay nuclear matrix elements from two-neutrino ββ-decay data,"Jokiniemi, Lotta, Beatriz Romeo, Pablo Soriano, and Javier Menéndez (2022), “Neutrinoless ββ-decay nuclear matrix elements from two-neutrino ββ-decay data,” arXiv:2207.05108 [nucl-th]."
U0431,B22,arxiv,AGOSTINI,A508,Lisi,2022,2204.09569,,,Majorana neutrino mass constraints in the landscape of nuclear matrix elements,"Lisi, Eligio, and Antonio Marrone (2022), “Majorana neutrino mass constraints in the landscape of nuclear matrix elements,” Phys. Rev. D 106 (1), 013009, arXiv:2204.09569 [hep-ph]."
U0432,B22,arxiv,GONZALEZ-GARCIA,G127,M. A. Acero et al. (NOvA),2022,2108.08219,,,,"M. A. Acero et al. (NOvA), Phys. Rev. D 106, 3, 032004 (2022), [arXiv:2108.08219]."
U0433,B22,arxiv,GONZALEZ-GARCIA,G113,M. Pavin et al. (EMPHATIC),2022,2106.15723,,,,"M. Pavin et al. (EMPHATIC), Phys. Rev. D 106, 11, 112008 (2022), [arXiv:2106.15723]."
U0434,B22,arxiv,GONZALEZ-GARCIA,G248,O. Azzolini et al. (CUPID),2022,2206.05130,,,,"O. Azzolini et al. (CUPID), Phys. Rev. Lett. 129, 11, 111801 (2022), [arXiv:2206.05130]."
U0435,B22,arxiv,GONZALEZ-GARCIA,G132,P. Abratenko et al. (MicroBooNE),2022,2110.14054,,,,"P. Abratenko et al. (MicroBooNE), Phys. Rev. Lett. 128, 24, 241801 (2022), [arXiv:2110.14054]."
U0436,B22,arxiv,GONZALEZ-GARCIA,G211,V. V. Barinov et al.,2022,2109.11482,,,,"V. V. Barinov et al., Phys. Rev. Lett. 128, 23, 232501 (2022), [arXiv:2109.11482]."
U0437,B22,arxiv,GONZALEZ-GARCIA,G242,W. H. Dai et al. (CDEX),2022,2205.10718,,,,"W. H. Dai et al. (CDEX), Phys. Rev. D 106, 3, 032012 (2022), [arXiv:2205.10718]."
U0438,B22,arxiv,AGOSTINI,A731,Yao,2022,2204.12971,,,Ab initio studies of double Gamow- Teller transition and its correlation with neutrinoless double beta decay,"Yao, J M, I. Ginnett, A. Belley, T. Miyagi, R. Wirth, S. Bogner, J. Engel, H. Hergert, J. D. Holt, and S. R. Stroberg (2022a), “Ab initio studies of double Gamow- Teller transition and its correlation with neutrinoless double beta decay,” arXiv:2204.12971 [nucl-th]."
U0439,B22,arxiv,GONZALEZ-GARCIA,G161,Z. Atif et al. (RENO,2022,2011.00896,,,,"Z. Atif et al. (RENO, NEOS), Phys. Rev. D 105, 11, L111101 (2022), [arXiv:2011.00896]."
U0440,B22,arxiv,GONZALEZ-GARCIA,G229,A. Ashtari Esfahani et al. (Project 8),2023,2212.05048,,,,"A. Ashtari Esfahani et al. (Project 8), Phys. Rev. Lett. 131, 10, 102502 (2023), [arXiv:2212.05048]."
U0441,B23,arxiv,GONZALEZ-GARCIA,G157,F. P. An et al. (Daya Bay),2023,2211.14988,,,,"F. P. An et al. (Daya Bay), Phys. Rev. Lett. 130, 16, 161802 (2023), [arXiv:2211.14988]."
U0442,B23,arxiv,GONZALEZ-GARCIA,G116,H. Adhikary et al. (NA61/SHINE) (2023),2023,2306.02961,,,,"H. Adhikary et al. (NA61/SHINE) (2023), [arXiv:2306.02961]."
U0443,B23,arxiv,GONZALEZ-GARCIA,G164,H. Almazán et al. (STEREO),2023,2210.07664,,,,"H. Almazán et al. (STEREO), Nature 613, 7943, 257 (2023), [arXiv:2210.07664]."
U0444,B23,arxiv,GONZALEZ-GARCIA,G124,K. Abe et al. (T2K),2023,2303.03222,,,,"K. Abe et al. (T2K), Eur. Phys. J. C 83, 9, 782 (2023), [arXiv:2303.03222]."
U0445,B23,arxiv,GONZALEZ-GARCIA,G133,P. Abratenko et al. (MicroBooNE),2023,2210.10216,,,,"P. Abratenko et al. (MicroBooNE), Phys. Rev. Lett. 130, 1, 011801 (2023), [arXiv:2210.10216]."
U0446,B23,arxiv,GONZALEZ-GARCIA,G199,T. Wester et al. (Super-Kamiokande) (2023),2023,2311.05105,,,,"T. Wester et al. (Super-Kamiokande) (2023), [arXiv:2311.05105]."
U0447,B23,arxiv,GONZALEZ-GARCIA,G193,I. Esteban et al.,2024,2410.05380,,JHEP|12|216,,"I. Esteban et al., JHEP 12, 216 (2024), [arXiv:2410.05380]."
U0448,B23,arxiv,GONZALEZ-GARCIA,G225,M. A. Acero et al.,2024,2203.07323,,,,"M. A. Acero et al., J. Phys. G 51, 12, 120501 (2024), [arXiv:2203.07323]."
U0449,B23,arxiv,GONZALEZ-GARCIA,G238,S. Abe et al. (KamLAND-Zen) (2024),2024,2406.11438,,,,"S. Abe et al. (KamLAND-Zen) (2024), [arXiv:2406.11438]."
U0450,B23,arxiv,GONZALEZ-GARCIA,G099,S. Aiello et al. (KM3NeT),2024,2408.07015,,JHEP|10|206,,"S. Aiello et al. (KM3NeT), JHEP 10, 206 (2024), [arXiv:2408.07015]."
U0451,B23,arxiv,GONZALEZ-GARCIA,G251,A. Agrawal et al. (AMoRE),2025,2407.05618,,,,"A. Agrawal et al. (AMoRE), Phys. Rev. Lett. 134, 8, 082501 (2025), [arXiv:2407.05618]."
U0452,B23,arxiv,GONZALEZ-GARCIA,G194,F. Capozzi et al.,2025,2503.07752,,,,"F. Capozzi et al., Phys. Rev. D 111, 9, 093006 (2025), [arXiv:2503.07752]."
U0453,B23,arxiv,GONZALEZ-GARCIA,G144,F. P. An et al. (Daya Bay),2025,2501.00746,,,,"F. P. An et al. (Daya Bay), Phys. Rev. Lett. 134, 20, 201802 (2025), [arXiv:2501.00746]."
U0454,B23,arxiv,GONZALEZ-GARCIA,G216,H. Acharya et al. (KATRIN) (2025),2025,2503.18667,,,,"H. Acharya et al. (KATRIN) (2025), [arXiv:2503.18667]."
U0455,B23,arxiv,GONZALEZ-GARCIA,G226,M. Aker et al. (KATRIN),2025,2406.13516,,,,"M. Aker et al. (KATRIN), Science 388, 6743, adq9592 (2025), [arXiv:2406.13516]."
U0456,B23,arxiv,GONZALEZ-GARCIA,G215,M. C. Gonzalez-Garcia,2025,2411.16840,,Phys. Lett. B|862|139297,,"M. C. Gonzalez-Garcia, M. Maltoni and J. P. Pinheiro, Phys. Lett. B 862, 139297 (2025), [arXiv:2411.16840]."
U0457,B23,arxiv,GONZALEZ-GARCIA,G217,M. Cadeddu et al. (2025),2025,2507.13103,,,,"M. Cadeddu et al. (2025), [arXiv:2507.13103]."
U0458,B23,arxiv,GONZALEZ-GARCIA,G208,P. Abratenko et al. ((MicroBooNE Collaboration)*,2025,2412.14407,,,,"P. Abratenko et al. ((MicroBooNE Collaboration)*, MicroBooNE), Phys. Rev. Lett. 135, 8, 081802 (2025), [arXiv:2412.14407]."
U0459,B23,arxiv,GONZALEZ-GARCIA,G096;G200,R. Abbasi et al. ((IceCube Collaboration)k,2025,2405.02163,,,,"R. Abbasi et al. ((IceCube Collaboration)k, IceCube), Phys. Rev. Lett. 134, 9, 091801 (2025), [arXiv:2405.02163]."
U0460,B23,titulo,AGOSTINI,A176,Bohr,1913,,,,On the Constitution of Atoms and Molecules,"Bohr, N (1913), “On the Constitution of Atoms and Molecules,” Phil. Mag. Ser. 6 26, 1-24."
U0461,B24,titulo,AGOSTINI,A403;A404,Harkins,1915,,,,The structure of complex atoms. the hydrogen-helium system. [second paper on atomic structure.],"Harkins, W D, and E. D. Wilson (1915a), “The structure of complex atoms. the hydrogen-helium system. [second paper on atomic structure.],” Journal of the American Chemical Society 37, 1383-1396."
U0462,B24,titulo,AGOSTINI,A629,Rutherford,1920,,,,Bakerian lecture. nuclear constitution of atoms,"Rutherford, E (1920a), “Bakerian lecture. nuclear constitution of atoms,” Proceedings Mathematical Physical and Engineering Sciences 97, 374-400."
U0463,B24,titulo,AGOSTINI,A630,Rutherford,1920,,,,Nuclear constitution of atoms.,"Rutherford, E (1920b), “Nuclear constitution of atoms.” Nature 105, 500-501."
U0464,B24,titulo,AGOSTINI,A305,Ellis,1927,,,,The average energy of disintegration of radium E,"Ellis, C D, and W. A Wooster (1927), “The average energy of disintegration of radium E,” Proc. Roy. Soc. Lond. A 117 (776), 109-123."
U0465,B24,titulo,AGOSTINI,A276,Dirac,1928,,,,The quantum theory of the electron,"Dirac, P A M (1928), “The quantum theory of the electron,” Proceedings of the Royal Society of London Series A Containing Papers of a Mathematical and Physical Character (1905-1934) 117, 610-624."
U0466,B24,titulo,AGOSTINI,A531,Meitner,1930,,,,Über eine absolute bestimmung der energie der primären β-strahlen von radium e,"Meitner, L, and W. Orthmann (1930), “Über eine absolute bestimmung der energie der primären β-strahlen von radium e,” Zeitschrift für Physik A Hadrons and Nuclei 60, 143-155."
U0467,B24,titulo,AGOSTINI,A584,Pauli,1930,,,,Dear radioactive ladies and gentlemen,"Pauli, W (1930), “Dear radioactive ladies and gentlemen,” published in Phys. Today 31N9, 27 (1978), letter to L. Meitner."
U0468,B24,journal,GONZALEZ-GARCIA,G031,C. Zener,1932,,,Proc. Roy. Soc. Lond.|A137|696,,"C. Zener, Proc. Roy. Soc. Lond. A137, 696 (1932)."
U0469,B24,titulo,AGOSTINI,A212,Chadwick,1932,,,,Possible Existence of a Neutron,"Chadwick, J (1932), “Possible Existence of a Neutron,” Nature 129, 312."
U0470,B24,journal,GONZALEZ-GARCIA,G033,E. C. G. Stueckelberg,1932,,,Helv. Phys. Acta|5|369,,"E. C. G. Stueckelberg, Helv. Phys. Acta 5, 369 (1932)."
U0471,B24,journal,GONZALEZ-GARCIA,G032,E. Majorana,1932,,,Nuovo Cim.|9|43,,"E. Majorana, Nuovo Cim. 9, 43 (1932)."
U0472,B24,titulo,AGOSTINI,A412,Heisenberg,1932,,,,Über den bau der atomkerne. i,"Heisenberg, W (1932a), “Über den bau der atomkerne. i,” Zeitschrift für Physik A Hadrons and Nuclei 77, 1-11."
U0473,B24,titulo,AGOSTINI,A413,Heisenberg,1932,,,,Über den bau der atomkerne. ii,"Heisenberg, W (1932b), “Über den bau der atomkerne. ii,” Zeitschrift für Physik A Hadrons and Nuclei 78, 156-164."
U0474,B24,journal,GONZALEZ-GARCIA,G030,L. Landau,1932,,,Phys. Z. Sov.|2|46,,"L. Landau, Phys. Z. Sov. 2, 46 (1932)."
U0475,B24,titulo,AGOSTINI,A213,Chadwick,1933,,,,Bakerian lecture. the neutron,"Chadwick, J (1933), “Bakerian lecture. the neutron,” Proceedings Mathematical Physical and Engineering Sciences 142, 1-25."
U0476,B24,titulo,AGOSTINI,A414,Heisenberg,1933,,,,Über den bau der atomkerne. iii,"Heisenberg, W (1933), “Über den bau der atomkerne. iii,” Zeitschrift für Physik A Hadrons and Nuclei 80, 587-596."
U0477,B24,titulo,AGOSTINI,A514,Majorana,1933,,,,Über die kerntheorie,"Majorana, E (1933), “Über die kerntheorie,” Zeitschrift für Physik A Hadrons and Nuclei 82, 137-145."
U0478,B24,titulo,AGOSTINI,A320,Fermi,1934,,,,Versuch einer theorie der β-strahlen. i,"Fermi, E (1934), “Versuch einer theorie der β-strahlen. i,” Zeitschrift für Physik A Hadrons and Nuclei 88, 161-177."
U0479,B24,titulo,AGOSTINI,A717,Wick,1934,,,,Sugli elementi radioattivi di F. Joliot e I. Curie,"Wick, G C (1934), “Sugli elementi radioattivi di F. Joliot e I. Curie,” Rendiconti dell’Accademia dei Lincei 19, 69-72."
U0480,B24,titulo,AGOSTINI,A364;A365,Goeppert-Mayer,1935,,,,Double beta-disintegration,"Goeppert-Mayer, M (1935a), “Double beta-disintegration,” Phys. Rev. 48, 512-516."
U0481,B25,titulo,AGOSTINI,A497,Leipunski,1936,,,,Determination of the energy distribution of recoil atoms during β decay and the existence of the neutrino,"Leipunski, A I; Rutherford, Lord (1936), “Determination of the energy distribution of recoil atoms during β decay and the existence of the neutrino,” Mathematical Proceedings of the Cambridge Philosophical Society 32, 301."
U0482,B25,titulo,AGOSTINI,A515,Majorana,1937,,,,Teoria simmetrica dell’elettrone e del positrone,"Majorana, E (1937), “Teoria simmetrica dell’elettrone e del positrone,” Nuovo Cim. 14, 171-184."
U0483,B25,titulo,AGOSTINI,A604,Racah,1937,,,,On the symmetry of particle and antiparticle,"Racah, G (1937), “On the symmetry of particle and antiparticle,” Nuovo Cim. 14, 322-328."
U0484,B25,titulo,AGOSTINI,A241,Crane,1938,,,,New experimental evidence for the existence of a neutrino,"Crane, H R, and J. Halpern (1938), “New experimental evidence for the existence of a neutrino,” Phys. Rev. 53, 789- 794."
U0485,B25,titulo,AGOSTINI,A348,Furry,1938,,,,Note on the Theory of the Neutral Particle,"Furry, W H (1938), “Note on the Theory of the Neutral Particle,” Phys. Rev. 54, 56-67."
U0486,B25,titulo,AGOSTINI,A242,Crane,1939,,,,Further experiments on the recoil of the nucleus in beta-decay,"Crane, H R, and J. Halpern (1939), “Further experiments on the recoil of the nucleus in beta-decay,” Phys. Rev. 56, 232-237."
U0487,B25,titulo,AGOSTINI,A349,Furry,1939,,,,On transition probabilities in double beta-disintegration,"Furry, W H (1939), “On transition probabilities in double beta-disintegration,” Phys. Rev. 56, 1184-1193."
U0488,B25,titulo,AGOSTINI,A066,Allen,1942,,,,Experimental evidence for the existence of a neutrino,"Allen, J S (1942), “Experimental evidence for the existence of a neutrino,” Phys. Rev. 61, 692-697."
U0489,B25,titulo,AGOSTINI,A707,Wang,1942,,,,A suggestion on the detection of the neutrino,"Wang, K C (1942), “A suggestion on the detection of the neutrino,” Phys. Rev. 61, 97-97."
U0490,B25,titulo,AGOSTINI,A317,Fano,1947,,,,Ionization Yield of Radiations. 2. The Fluctuations of the Number of Ions,"Fano, U (1947), “Ionization Yield of Radiations. 2. The Fluctuations of the Number of Ions,” Phys. Rev. 72, 26-29."
U0491,B25,titulo,AGOSTINI,A591,Pontecorvo,1947,,,,Nuclear capture of mesons and the meson decay,"Pontecorvo, B (1947), “Nuclear capture of mesons and the meson decay,” Phys. Rev. 72, 246."
U0492,B25,titulo,AGOSTINI,A328;A407;A408;A600;A678,Fireman,1948,,,,Double Beta Decay,"Fireman, E L (1948), “Double Beta Decay,” Phys. Rev. 74, 1238."
U0493,B25,titulo,AGOSTINI,A602,Prout,1816,,,,Correction of a mistake in the essay on the relation between the specific gravities of bodies in their gaseous state and the weights of their atoms,"Prout, W (1816), “Correction of a mistake in the essay on the relation between the specific gravities of bodies in their gaseous state and the weights of their atoms,” Annals of philosophy 7 (1816), 111-113."
U0494,B25,titulo,AGOSTINI,A679,Touschek,1948,,,,Zur theorie des doppelten β-zerfalls,"Touschek, B (1948), “Zur theorie des doppelten β-zerfalls,” Zeitschrift für Physik A Hadrons and Nuclei 125, 108-132."
U0495,B25,titulo,AGOSTINI,A329,Fireman,1949,,,,A measurement of the half-life of double beta-decay from (50)Sn-124,"Fireman, E L (1949), “A measurement of the half-life of double beta-decay from (50)Sn-124,” Phys. Rev. 75, 323-324."
U0496,B25,titulo,AGOSTINI,A366,Goeppert-Mayer,1949,,,,On closed shells in nuclei. 2,"Goeppert-Mayer, M (1949), “On closed shells in nuclei. 2,” Phys. Rev. 75, 1969-1970."
U0497,B25,titulo,AGOSTINI,A402,Hanna,1949,,,,The β Spectrum of H3 ,"Hanna, G C, and B. Pontecorvo (1949), “The β Spectrum of H3 ,” Phys. Rev. 75, 983-984."
U0498,B25,titulo,AGOSTINI,A406,Haxel,1949,,,,On the,"Haxel, O, J. H. D. Jensen, and H. E. Suess (1949), “On the ”Magic Numbers” in Nuclear Structure,” Phys. Rev. 75 (11), 1766-1766."
U0499,B25,titulo,AGOSTINI,A439,Inghram,1949,,,,On the double beta-process,"Inghram, M G, and J. H. Reynolds (1949), “On the double beta-process,” Phys. Rev. 76, 1265-1266."
U0500,B25,titulo,AGOSTINI,A655,Steinberger,1949,,,,On the use of subtraction fields and the lifetimes of some types of meson decay,"Steinberger, J (1949), “On the use of subtraction fields and the lifetimes of some types of meson decay,” Phys.Rev. 76, 1180-1186."
U0501,B26,titulo,AGOSTINI,A718,Wigner,1949,,,,Invariance in physical theory,"Wigner, E P (1949), “Invariance in physical theory,” Proceedings of the American Philosophical Society 93 (7), 521-526."
U0502,B26,titulo,AGOSTINI,A440,Inghram,1950,,,,Double betadecay of Te-130,"Inghram, M G, and J. H. Reynolds (1950), “Double betadecay of Te-130,” Phys. Rev. 78, 822-823."
U0503,B26,titulo,AGOSTINI,A501,Levine,1950,,,,Half-life of double beta-decay,"Levine, C A, A. Ghiorso, and G. T. Seaborg (1950), “Half-life of double beta-decay,” Phys. Rev. 77, 296."
U0504,B26,titulo,AGOSTINI,A491,Lawson,1951,,,,A lower limit on the half-life of Sn-124,"Lawson, J S (1951), “A lower limit on the half-life of Sn-124,” Phys. Rev. 81, 299."
U0505,B26,titulo,AGOSTINI,A250,Davis,1952,,,,Nuclear recoil following neutrino emission from beryllium 7,"Davis, R (1952), “Nuclear recoil following neutrino emission from beryllium 7,” Phys. Rev. 86, 976-985."
U0506,B26,titulo,AGOSTINI,A330,Fireman,1952,,,,A re-investigation of the double beta-decay from Sn-124,"Fireman, E L, and D. Schwarzer (1952), “A re-investigation of the double beta-decay from Sn-124,” Phys. Rev. 86, 451- 453."
U0507,B26,titulo,AGOSTINI,A341,Fremlin,1952,,,,An experimental investigation of the stability of nuclei against double betadisintegration,"Fremlin, J H, and M C Walters (1952), “An experimental investigation of the stability of nuclei against double betadisintegration,” Proceedings of the Physical Society. Section A 65 (11), 911-915."
U0508,B26,titulo,AGOSTINI,A458,Kalkstein,1952,,,,An Investigation of the Double Beta-Decay of Sn-12450,"Kalkstein, M I, and W. F. Libby (1952), “An Investigation of the Double Beta-Decay of Sn-12450,” Phys. Rev. 85, 368-369."
U0509,B26,titulo,AGOSTINI,A585,Pearce,1952,,,,Double beta-decay of sn124 ,"Pearce, R M, and E. K. Darby (1952), “Double beta-decay of sn124 ,” Phys. Rev. 86, 1049-1050."
U0510,B26,titulo,AGOSTINI,A175,Bohr,1953,,,,,"Bohr, A, and B. R. Mottelson (1953), K. Dan. Vidensk. Selsk. Mat. Fys. Medd 27, 16."
U0511,B26,titulo,AGOSTINI,A521,Marx,1953,,,,Die wechselwirkung der elementar-teilchen und die erhaltungssätze,"Marx, G (1953), “Die wechselwirkung der elementar-teilchen und die erhaltungssätze,” Acta Physica Academiae Scientiarum Hungaricae 3, 55-58."
U0512,B26,titulo,AGOSTINI,A524,McCarthy,1953,,,,Search for double beta-decay in sn124 and zr96 ,"McCarthy, J A (1953), “Search for double beta-decay in sn124 and zr96 ,” Phys. Rev. 90, 853-857."
U0513,B26,titulo,AGOSTINI,A611,Reines,1953,,,,Detection of the free neutrino,"Reines, F, and C. L. Cowan (1953), “Detection of the free neutrino,” Phys. Rev. 92, 830-831."
U0514,B26,titulo,AGOSTINI,A251,Davis,1955,,,,"Attempt to detect the antineutrinos from a nuclear reactor by the Cl37(anti-nu,e-) A37 reaction","Davis, Jr, R (1955), “Attempt to detect the antineutrinos from a nuclear reactor by the Cl37(anti-nu,e-) A37 reaction,” Phys. Rev. 97, 766-769."
U0515,B26,titulo,AGOSTINI,A358,Gell-Mann,1955,,,,Behavior of neutral particles under charge conjugation,"Gell-Mann, M, and A. Pais (1955), “Behavior of neutral particles under charge conjugation,” Phys. Rev. 97, 1387- 1389."
U0516,B26,titulo,AGOSTINI,A525,McCarthy,1955,,,,Search for double beta decay in ca48 ,"McCarthy, J A (1955), “Search for double beta decay in ca48 ,” Phys. Rev. 97, 1234-1236."
U0517,B26,titulo,AGOSTINI,A239,Cowan,1956,,,,Detection of the free neutrino: A Confirmation,"Cowan, C L, F. Reines, F. B. Harrison, H. W. Kruse, and A. D. McGuire (1956), “Detection of the free neutrino: A Confirmation,” Science 124, 103-104."
U0518,B26,titulo,AGOSTINI,A493,Lee,1956,,,,Question of Parity Conservation in Weak Interactions,"Lee, T D, and C.-N. Yang (1956), “Question of Parity Conservation in Weak Interactions,” Phys. Rev. 104, 254-258."
U0519,B26,titulo,AGOSTINI,A207,Case,1957,,,,Reformulation of the Majorana Theory of the Neutrino,"Case, K M (1957), “Reformulation of the Majorana Theory of the Neutrino,” Phys. Rev. 107, 307-316."
U0520,B26,titulo,AGOSTINI,A488,Landau,1957,,,,On the conservation laws for weak interactions,"Landau, L D (1957), “On the conservation laws for weak interactions,” Nucl. Phys. 3, 127-131."
U0521,B27,titulo,AGOSTINI,A494,Lee,1957,,,,Parity nonconservation and a two-component theory of the neutrino,"Lee, T D, and C. N. Yang (1957), “Parity nonconservation and a two-component theory of the neutrino,” Physical Review (Series I) 105, 1671-1675."
U0522,B27,titulo,AGOSTINI,A592,Pontecorvo,1957,,,,Inverse beta processes and nonconservation of lepton charge,"Pontecorvo, B (1957a), “Inverse beta processes and nonconservation of lepton charge,” Zh. Eksp. Teor. Fiz. 34, 247."
U0523,B27,titulo,AGOSTINI,A593,Pontecorvo,1957,,,,Mesonium and anti-mesonium,"Pontecorvo, B (1957b), “Mesonium and anti-mesonium,” Sov. Phys. JETP 6, 429, [Zh. Eksp. Teor. Fiz.33,549(1957)]."
U0524,B27,titulo,AGOSTINI,A633,Salam,1957,,,,On parity conservation and neutrino mass,"Salam, A (1957), “On parity conservation and neutrino mass,” Nuovo Cim. 5, 299-301."
U0525,B27,titulo,AGOSTINI,A680,Touschek,1957,,,,On the equivalence theorem for the massless neutrino,"Touschek, L A Radicati; B (1957), “On the equivalence theorem for the massless neutrino,” Il Nuovo Cimento Series 10 5, 1693-1699."
U0526,B27,titulo,AGOSTINI,A724,Wu,1957,,,,Experimental Test of Parity Conservation in β Decay,"Wu, C S, E. Ambler, R. W. Hayward, D. D. Hoppes, and R. P. Hudson (1957), “Experimental Test of Parity Conservation in β Decay,” Phys. Rev. 105, 1413-1414."
U0527,B27,titulo,AGOSTINI,A323,Feynman,1958,,,,Theory of Fermi interaction,"Feynman, R P, and M. Gell-Mann (1958), “Theory of Fermi interaction,” Phys. Rev. 109, 193-198."
U0528,B27,titulo,AGOSTINI,A367,Goldhaber,1958,,,,Helicity of Neutrinos,"Goldhaber, M, L. Grodzins, and A. W. Sunyar (1958), “Helicity of Neutrinos,” Phys. Rev. 109, 1015-1017."
U0529,B27,titulo,AGOSTINI,A658,Sudarshan,1958,,,,Chirality invariance and the universal Fermi interaction,"Sudarshan, E C G, and R. e. Marshak (1958), “Chirality invariance and the universal Fermi interaction,” Phys. Rev. 109, 1860-1860."
U0530,B27,titulo,AGOSTINI,A318;A319,Feinberg,1959,,,,Microscopic tests of symmetry principles,"Feinberg, G, and M. Goldhaber (1959a), “Microscopic tests of symmetry principles,” Proceedings of the National Academy of Sciences 45, 1301-1312."
U0531,B27,titulo,AGOSTINI,A388,Greuling,1960,,,,Lepton conservation and double beta-decay,"Greuling, E, and R. C. Whitten (1960), “Lepton conservation and double beta-decay,” Annals of Physics 11, 510-533."
U0532,B27,titulo,GONZALEZ-GARCIA,G104,S. van der Meer (1961),1961,,,,,"S. van der Meer (1961), CERN-61-07."
U0533,B27,titulo,AGOSTINI,A336,Freck,1962,,,,Gamma-Ray Spectrum obtained with a Lithium-drifted p-i-n Junction in Germanium,"Freck, D V, and J. Wakefield (1962), “Gamma-Ray Spectrum obtained with a Lithium-drifted p-i-n Junction in Germanium,” Nature (London) 193 (4816), 669."
U0534,B27,titulo,AGOSTINI,A460,Katayama,1962,,,,Possible unified models of elementary particles with two neutrinos,"Katayama, Y, K. Matumoto, S. Tanaka, and E. Yamada (1962), “Possible unified models of elementary particles with two neutrinos,” Prog. Theor. Phys. 28, 675."
U0535,B27,titulo,AGOSTINI,A516,Maki,1962,,,,Remarks on the unified model of elementary particles,"Maki, Z, M. Nakagawa, and S. Sakata (1962), “Remarks on the unified model of elementary particles,” Prog. Theor. Phys. 28, 870-880, [,34(1962)]."
U0536,B27,journal,GONZALEZ-GARCIA,G018,Y. Katayama et al.,1962,,,Prog. Theor. Phys.|28|675,,"Y. Katayama et al., Prog. Theor. Phys. 28, 675 (1962)."
U0537,B27,journal,GONZALEZ-GARCIA,G017,Z. Maki,1962,,,Prog. Theor. Phys.|28|870,,"Z. Maki, M. Nakagawa and S. Sakata, Prog. Theor. Phys. 28, 870 (1962)."
U0538,B27,titulo,AGOSTINI,A196,Cabibbo,1963,,,,Unitary Symmetry and Leptonic Decays,"Cabibbo, N (1963), “Unitary Symmetry and Leptonic Decays,” Meeting of the Italian School of Physics and Weak Interactions Bologna, Italy, April 26-28, 1984, Phys. Rev. Lett. 10, 531-533, [,648(1963)]."
U0539,B27,titulo,AGOSTINI,A218,Chikovani,1963,,,,A track spark chamber,"Chikovani, GE, V.A. Mikhailov, and V.N. Roinishvili (1963), “A track spark chamber,” Physics Letters 6 (3), 254-255."
U0540,B27,journal,GONZALEZ-GARCIA,G020,N. Cabibbo,1963,,,Phys. Rev. Lett.|10|531,,"N. Cabibbo, Phys. Rev. Lett. 10, 531 (1963)."
U0541,B28,titulo,AGOSTINI,A278,Dolgoshein,1964,,,,Streamer chamber,"Dolgoshein, BA, B.U. Rodionov, and B.I. Luchkov (1964), “Streamer chamber,” Nuclear Instruments and Methods 29 (2), 270-276."
U0542,B28,journal,GONZALEZ-GARCIA,G078,C. V. Achar et al.,1965,,,Phys. Lett.|18|196,,"C. V. Achar et al., Phys. Lett. 18, 196 (1965)."
U0543,B28,journal,GONZALEZ-GARCIA,G079,F. Reines et al.,1965,,,Phys. Rev. Lett.|15|429,,"F. Reines et al., Phys. Rev. Lett. 15, 429 (1965)."
U0544,B28,journal,GONZALEZ-GARCIA,G019,B. Pontecorvo,1967,,,Zh. Eksp. Teor. Fiz.|53|1717,,"B. Pontecorvo, Zh. Eksp. Teor. Fiz. 53, 1717 (1967)."
U0545,B28,titulo,AGOSTINI,A138,Bardin,1967,,,,Double beta decay in 48 Ca and the conservation of leptons,"Bardin, R K, P. J. Gollon, J. D. Ullman, and C. S. Wu (1967), “Double beta decay in 48 Ca and the conservation of leptons,” Phys. Lett. B 26, 112-116."
U0546,B28,titulo,AGOSTINI,A326,Fiorini,1967,,,,A Search for Lepton Nonconservation in Double Beta Decay With a Germanium Detector,"Fiorini, E, A. Pullia, G. Bertolini, F. Cappellani, and G. Restelli (1967), “A Search for Lepton Nonconservation in Double Beta Decay With a Germanium Detector,” Meeting of the Italian School of Physics and Weak Interactions Bologna, Italy, April 26-28, 1984, Phys. Lett. 25B, 602- 603, [,662(1967)]."
U0547,B28,titulo,AGOSTINI,A594,Pontecorvo,1967,,,,Neutrino Experiments and the Problem of Conservation of Leptonic Charge,"Pontecorvo, B (1967), “Neutrino Experiments and the Problem of Conservation of Leptonic Charge,” Zh. Eksp. Teor. Fiz. 53, 1717-1725."
U0548,B28,titulo,AGOSTINI,A632,Sakharov,1967,,,,"Violation of CP Invariance, C asymmetry, and baryon asymmetry of the universe","Sakharov, A D (1967), “Violation of CP Invariance, C asymmetry, and baryon asymmetry of the universe,” Pisma Zh. Eksp. Teor. Fiz. 5, 32-35."
U0549,B28,titulo,AGOSTINI,A595,Pontecorvo,1968,,,,Superweak interactions and double beta decay,"Pontecorvo, B (1968), “Superweak interactions and double beta decay,” Physics Letters B 26, 630-632."
U0550,B28,journal,GONZALEZ-GARCIA,G044,R. Davis,1968,,,Phys. Rev. Lett.|20|1205,,"R. Davis, Jr., D. S. Harmer and K. C. Hoffman, Phys. Rev. Lett. 20, 1205 (1968)."
U0551,B28,titulo,AGOSTINI,A022,Adler,1969,,,,Axial vector vertex in spinor electrodynamics,"Adler, S L (1969), “Axial vector vertex in spinor electrodynamics,” Phys.Rev. 177, 2426-2438."
U0552,B28,titulo,AGOSTINI,A137,Bardeen,1969,,,,Anomalous ward identities in spinor field theories,"Bardeen, W A (1969), “Anomalous ward identities in spinor field theories,” Phys.Rev. 184, 1848-1857."
U0553,B28,titulo,AGOSTINI,A389,Gribov,1969,,,,Neutrino astronomy and lepton charge,"Gribov, VN, and B. Pontecorvo (1969), “Neutrino astronomy and lepton charge,” Phys.Lett.B 28, 493."
U0554,B28,titulo,AGOSTINI,A601,Primakoff,1969,,,,Nuclear double-beta decay and a new limit on lepton nonconservation,"Primakoff, H, and S. P. Rosen (1969), “Nuclear double-beta decay and a new limit on lepton nonconservation,” Phys. Rev. 184, 1925-1933."
U0555,B28,titulo,GONZALEZ-GARCIA,G024,V. N. Gribov and B. Pontecorvo,1969,,,,,"V. N. Gribov and B. Pontecorvo, Phys. Lett. 28B, 493 (1969)."
U0556,B28,titulo,AGOSTINI,A119,Baertsch,1970,,,,Gamma ray detectors made from high purity germanium,"Baertsch, R D, and R. N. Hall (1970), “Gamma ray detectors made from high purity germanium,” IEEE Transactions on Nuclear Science 17 (3), 235-240."
U0557,B28,titulo,AGOSTINI,A139,Bardin,1970,,,,A search for the double beta decay of 48 Ca and lepton conservation,"Bardin, R K, P. J. Gollon, J. D. Ullman, and C. S. Wu (1970), “A search for the double beta decay of 48 Ca and lepton conservation,” Nucl. Phys. A 158, 337-363."
U0558,B28,titulo,AGOSTINI,A150,Behrens,1971,,,,Nuclear beta decay,"Behrens, H, and W. Bühring (1971), “Nuclear beta decay,” Nucl. Phys. A162, 111-144."
U0559,B28,titulo,AGOSTINI,A327,Fiorini,1973,,,,Neutrinoless double-beta decay of76Ge,"Fiorini, E, A. Pullia, G. Bertolini, F. Cappellani, and G. Restelli (1973), “Neutrinoless double-beta decay of76Ge,” Nuovo Cimento A Serie 13 (3), 747-763."
U0560,B28,journal,GONZALEZ-GARCIA,G021,M. Kobayashi and T. Maskawa,1973,,,Prog. Theor. Phys.|49|652,,"M. Kobayashi and T. Maskawa, Prog. Theor. Phys. 49, 652 (1973)."
U0561,B29,titulo,AGOSTINI,A360,Georgi,1974,,,,Unity of all elementary particle forces,"Georgi, H, and S.L. Glashow (1974), “Unity of all elementary particle forces,” Phys.Rev.Lett. 32, 438-441."
U0562,B29,titulo,AGOSTINI,A566,Nygren,1974,,,,The Time Projection Chamber: A New 4 pi Detector for Charged Particles,"Nygren, D R (1974), “The Time Projection Chamber: A New 4 pi Detector for Charged Particles,” eConf C740805, 58."
U0563,B29,titulo,AGOSTINI,A582,Pati,1974,,,,Lepton number as the fourth color,"Pati, J C, and A. Salam (1974), “Lepton number as the fourth color,” Phys.Rev.D 10, 275-289, [Erratum: Phys.Rev.D 11, 703-703 (1975)]."
U0564,B29,titulo,AGOSTINI,A231,Cleveland,1975,,,,Lepton Conservation in the Double beta Decay of Se-82,"Cleveland, B T, W. R. Leo, C. S. Wu, L. R. Kasday, A. M. Rushton, P. J. Gollon, and J. D. Ullman (1975), “Lepton Conservation in the Double beta Decay of Se-82,” Phys. Rev. Lett. 35, 757-760."
U0565,B29,titulo,AGOSTINI,A343,Fritzsch,1975,,,,Unified interactions of leptons and hadrons,"Fritzsch, H, and P. Minkowski (1975), “Unified interactions of leptons and hadrons,” Annals Phys. 93, 193-266."
U0566,B29,titulo,AGOSTINI,A082,Arima,1976,,,,Interacting boson model of collective states. 1. The Vibrational limit,"Arima, A, and F. Iachello (1976), “Interacting boson model of collective states. 1. The Vibrational limit,” Annals Phys. 99, 253-317."
U0567,B29,titulo,AGOSTINI,A540,Minkowski,1977,,,,µ → eγ at a rate of one out of 109 muon decays?,"Minkowski, P (1977), “µ → eγ at a rate of one out of 109 muon decays?” Phys.Lett.B 67, 421-428."
U0568,B29,titulo,GONZALEZ-GARCIA,G009,P. Minkowski,1977,,,,,"P. Minkowski, Phys. Lett. 67B, 421 (1977)."
U0569,B29,titulo,AGOSTINI,A083,Arima,1978,,,,Interacting boson model of collective nuclear states. II. The rotational limit,"Arima, A, and F. Iachello (1978), “Interacting boson model of collective nuclear states. II. The rotational limit,” Annals Phys. 111, 201-238."
U0570,B29,journal,GONZALEZ-GARCIA,G026,L. Wolfenstein,1978,,,Phys. Rev. D|17|2369,,"L. Wolfenstein, Phys. Rev. D 17, 2369 (1978)."
U0571,B29,titulo,GONZALEZ-GARCIA,G169,N. Cabibbo,1978,,,,,"N. Cabibbo, Phys. Lett. 72B, 333 (1978)."
U0572,B29,titulo,AGOSTINI,A571,Otsuka,1978,,,,Nuclear shell model and interacting bosons,"Otsuka, T, A. Arima, and F. Iachello (1978), “Nuclear shell model and interacting bosons,” Nucl. Phys. A 309, 1-33."
U0573,B29,titulo,GONZALEZ-GARCIA,G012,T. Yanagida,1979,,,,,"T. Yanagida, Conf. Proc. C 7902131, 95 (1979)."
U0574,B29,titulo,AGOSTINI,A713,Weinberg,1979,,,,Baryon and lepton nonconserving processes,"Weinberg, S (1979), “Baryon and lepton nonconserving processes,” Phys.Rev.Lett. 43, 1566-1570."
U0575,B29,titulo,AGOSTINI,A719,Wilczek,1979,,,,Operator analysis of nucleon decay,"Wilczek, F, and A. Zee (1979), “Operator analysis of nucleon decay,” Phys.Rev.Lett. 43, 1571-1573."
U0576,B29,titulo,AGOSTINI,A727,Yanagida,1979,,,,Horizontal gauge symmetry and masses of neutrinos,"Yanagida, Y (1979), “Horizontal gauge symmetry and masses of neutrinos,” in Horizontal gauge symmetry and masses of neutrinos, Vol. 7902131, pp. 95-99."
U0577,B29,titulo,AGOSTINI,A167,Bilenky,1980,,,,On oscillations of neutrinos with dirac and majorana masses,"Bilenky, S M, J. Hosek, and S.T. Petcov (1980), “On oscillations of neutrinos with dirac and majorana masses,” Phys.Lett.B 94, 495-498."
U0578,B29,journal,GONZALEZ-GARCIA,G014,J. Schechter and J. W. F. Valle,1980,,,Phys. Rev.|D21|309,,"J. Schechter and J. W. F. Valle, Phys. Rev. D21, 309 (1980)."
U0579,B29,journal,GONZALEZ-GARCIA,G015,J. Schechter and J. W. F. Valle,1980,,,Phys. Rev.|D22|2227,,"J. Schechter and J. W. F. Valle, Phys. Rev. D22, 2227 (1980)."
U0580,B29,titulo,AGOSTINI,A544,Mohapatra,1980,,,,Neutrino mass and spontaneous parity nonconservation,"Mohapatra, R N, and G. Senjanovic (1980), “Neutrino mass and spontaneous parity nonconservation,” Phys.Rev.Lett. 44, 912."
U0581,B30,titulo,AGOSTINI,A557,Neuhauser,1980,,,,Localized visible Ba+ mono-ion oscillator,"Neuhauser, W, M. Hohenstatt, P. E. Toschek, and H. Dehmelt (1980), “Localized visible Ba+ mono-ion oscillator,” Phys. Rev. A 22 (3), 1137-1140."
U0582,B30,titulo,GONZALEZ-GARCIA,G233,R. E. Shrock,1980,,,,,"R. E. Shrock, Phys. Lett. 96B, 159 (1980)."
U0583,B30,journal,GONZALEZ-GARCIA,G013,R. N. Mohapatra and G. Senjanovic,1980,,,Phys. Rev. Lett.|44|912,,"R. N. Mohapatra and G. Senjanovic, Phys. Rev. Lett. 44, 912 (1980)."
U0584,B30,titulo,GONZALEZ-GARCIA,G170,S. M. Bilenky,1980,,,,,"S. M. Bilenky, J. Hosek and S. T. Petcov, Phys. Lett. 94B, 495 (1980)."
U0585,B30,journal,GONZALEZ-GARCIA,G171,V. D. Barger,1980,,,Phys. Rev. Lett.|45|2084,,"V. D. Barger, K. Whisnant and R. J. N. Phillips, Phys. Rev. Lett. 45, 2084 (1980)."
U0586,B30,titulo,AGOSTINI,A714,Weinberg,1980,,,,Varieties of baryon and lepton nonconservation,"Weinberg, S (1980), “Varieties of baryon and lepton nonconservation,” Phys.Rev.D 22, 1694."
U0587,B30,journal,GONZALEZ-GARCIA,G016,J. Schechter and J. W. F. Valle,1981,,,Phys. Rev.|D24|1883,,"J. Schechter and J. W. F. Valle, Phys. Rev. D24, 1883 (1981), [Erratum: Phys. Rev.D25,283(1982)]."
U0588,B30,journal,GONZALEZ-GARCIA,G138,P. Vogel et al.,1981,,,Phys. Rev.|C24|1543,,"P. Vogel et al., Phys. Rev. C24, 1543 (1981)."
U0589,B30,titulo,GONZALEZ-GARCIA,G230,A. De Rujula and M. Lusignoli,1982,,,,,"A. De Rujula and M. Lusignoli, Phys. Lett. 118B, 429 (1982)."
U0590,B30,titulo,AGOSTINI,A162,Bertsch,1982,,,,Gamow-Teller strength at high excitations,"Bertsch, G F, and I. Hamamoto (1982), “Gamow-Teller strength at high excitations,” Phys. Rev. C 26, 1323-1326."
U0591,B30,titulo,GONZALEZ-GARCIA,G135,F. Von Feilitzsch,1982,,,,,"F. Von Feilitzsch, A. A. Hahn and K. Schreckenbach, Phys. Lett. 118B, 162 (1982)."
U0592,B30,journal,GONZALEZ-GARCIA,G039,J. N. Bahcall et al.,1982,,,Rev. Mod. Phys.|54|767,,"J. N. Bahcall et al., Rev. Mod. Phys. 54, 767 (1982)."
U0593,B30,journal,GONZALEZ-GARCIA,G236,J. Schechter and J. W. F. Valle,1982,,,Phys. Rev. D|25|2951,,"J. Schechter and J. W. F. Valle, Phys. Rev. D 25, 2951 (1982)."
U0594,B30,titulo,AGOSTINI,A636,Schechter,1982,,,,Neutrinoless double beta decay in su(2) x u(1) theories,"Schechter, J, and J.W.F. Valle (1982), “Neutrinoless double beta decay in su(2) x u(1) theories,” Phys.Rev.D 25, 2951."
U0595,B30,titulo,AGOSTINI,A574,Palaio,1983,,,,Neutron-transmutation-doped germanium bolometers,"Palaio, N P, M. Rodder, E. E. Haller, and E. Kreysa (1983), “Neutron-transmutation-doped germanium bolometers,” Int. J. Infrared Milli. Waves 4 (6), 933-943."
U0596,B30,titulo,AGOSTINI,A720,Wildenthal,1983,,,,Predicted features of the beta decay of neutron-rich sdshell nuclei,"Wildenthal, B H, M. S. Curtin, and B. A. Brown (1983), “Predicted features of the beta decay of neutron-rich sdshell nuclei,” Phys. Rev. C 28, 1343-1366."
U0597,B30,titulo,AGOSTINI,A400,Hall,1984,,,,Explicit r-parity breaking in supersymmetric models,"Hall, L J, and M. Suzuki (1984), “Explicit r-parity breaking in supersymmetric models,” Nucl.Phys.B 231, 419-444."
U0598,B30,titulo,AGOSTINI,A401,Haller,1984,,,,Ntd germanium: A novel material for low temperature bolometers,"Haller, E E, N. P. Palaio, M. Rodder, W. L. Hansen, and E. Kreysa (1984), “Ntd germanium: A novel material for low temperature bolometers,” in Neutron Transmutation Doping of Semiconductor Materials, edited by R. D. Larrabee (Springer US, Boston, MA) pp. 21-36."
U0599,B30,journal,GONZALEZ-GARCIA,G202,C. Jarlskog,1985,,,Phys. Rev. Lett.|55|1039,,"C. Jarlskog, Phys. Rev. Lett. 55, 1039 (1985)."
U0600,B30,titulo,AGOSTINI,A277,Doi,1985,,,,Double beta Decay and Majorana Neutrino,"Doi, M, T. Kotani, and E. Takasugi (1985), “Double beta Decay and Majorana Neutrino,” Prog. Theor. Phys. Suppl. 83, 1."
U0601,B31,journal,GONZALEZ-GARCIA,G057,H. H. Chen,1985,,,Phys. Rev. Lett.|55|1534,,"H. H. Chen, Phys. Rev. Lett. 55, 1534 (1985)."
U0602,B31,titulo,GONZALEZ-GARCIA,G136,K. Schreckenbach et al.,1985,,,,,"K. Schreckenbach et al., Phys. Lett. 160B, 325 (1985)."
U0603,B31,titulo,AGOSTINI,A484,Kuzmin,1985,,,,On the Anomalous Electroweak Baryon Number Nonconservation in the Early Universe,"Kuzmin, VA, V.A. Rubakov, and M.E. Shaposhnikov (1985), “On the Anomalous Electroweak Baryon Number Nonconservation in the Early Universe,” Phys. Lett. B 155, 36."
U0604,B31,titulo,AGOSTINI,A627,Ross,1985,,,,Supersymmetric models without r-parity,"Ross, G G, and J.W.F. Valle (1985), “Supersymmetric models without r-parity,” Phys.Lett.B 151, 375-381."
U0605,B31,journal,GONZALEZ-GARCIA,G038,S. P. Mikheyev and A. Y. Smirnov,1985,,,Sov. J. Nucl. Phys.|42|913,,"S. P. Mikheyev and A. Y. Smirnov, Sov. J. Nucl. Phys. 42, 913 (1985)."
U0606,B31,journal,GONZALEZ-GARCIA,G027,A. Halprin,1986,,,Phys. Rev.|D34|3462,,"A. Halprin, Phys. Rev. D34, 3462 (1986)."
U0607,B31,titulo,AGOSTINI,A110,Avignone,1986,,,,Search for the Double Beta Decay of 76 Ge,"Avignone, F T, H. S. Miley, R. L. Brodzinski, J. C. Evans, W. K. Hensley, and J. H. Reeves (1986), “Search for the Double Beta Decay of 76 Ge,” Phys. Rev. C 34, 666-677."
U0608,B31,titulo,AGOSTINI,A347,Fukugita,1986,,,,Baryogenesis Without Grand Unification,"Fukugita, M, and T. Yanagida (1986), “Baryogenesis Without Grand Unification,” Phys. Lett. B 174, 45-47."
U0609,B31,journal,GONZALEZ-GARCIA,G035,S. J. Parke,1986,,,Phys. Rev. Lett.|57|1275,,"S. J. Parke, Phys. Rev. Lett. 57, 1275 (1986)."
U0610,B31,titulo,AGOSTINI,A699,Vogel,1986,,,,Suppression of the Two Neutrino Double beta Decay by Nuclear Structure Effects,"Vogel, P, and M. R. Zirnbauer (1986), “Suppression of the Two Neutrino Double beta Decay by Nuclear Structure Effects,” Phys. Rev. Lett. 57, 3148-3151."
U0611,B31,journal,GONZALEZ-GARCIA,G036,W. C. Haxton,1986,,,Phys. Rev. Lett.|57|1271,,"W. C. Haxton, Phys. Rev. Lett. 57, 1271 (1986)."
U0612,B31,titulo,AGOSTINI,A084,Arima,1987,,,,Nuclear Magnetic Properties and Gamow-teller Transitions,"Arima, A, K. Shimizu, W. Bentz, and H. Hyuga (1987), “Nuclear Magnetic Properties and Gamow-teller Transitions,” Adv. Nucl. Phys. 18, 1-106."
U0613,B31,titulo,AGOSTINI,A170,Bochkarev,1987,,,,Electroweak Production of Baryon Asymmetry and Upper Bounds on the Higgs and Top Masses,"Bochkarev, AI, and M.E. Shaposhnikov (1987), “Electroweak Production of Baryon Asymmetry and Upper Bounds on the Higgs and Top Masses,” Mod. Phys. Lett. A 2, 417."
U0614,B31,titulo,AGOSTINI,A191,Brown,1987,,,,Empirically optimum M1 operator for sd-shell nuclei,"Brown, B A, and B. H. Wildenthal (1987), “Empirically optimum M1 operator for sd-shell nuclei,” Nucl. Phys. A 474, 290-306."
U0615,B31,titulo,AGOSTINI,A302,Elliott,1987,,,,Direct Evidence for Two Neutrino Double Beta Decay in 82 Se,"Elliott, S R, A. A. Hahn, and M. K. Moe (1987), “Direct Evidence for Two Neutrino Double Beta Decay in 82 Se,” Phys. Rev. Lett. 59, 2020-2023."
U0616,B31,journal,GONZALEZ-GARCIA,G172,P. Langacker et al.,1987,,,Nucl. Phys.|B282|589,,"P. Langacker et al., Nucl. Phys. B282, 589 (1987)."
U0617,B31,journal,GONZALEZ-GARCIA,G037,S. T. Petcov,1987,,,Phys. Lett. B|191|299,,"S. T. Petcov, Phys. Lett. B 191, 299 (1987)."
U0618,B31,journal,GONZALEZ-GARCIA,G028,A. J. Baltz and J. Weneser,1988,,,Phys. Rev.|D37|3364,,"A. J. Baltz and J. Weneser, Phys. Rev. D37, 3364 (1988)."
U0619,B31,titulo,AGOSTINI,A123,Bahcall,1988,,,,"Solar Models, Neutrino Experiments and Helioseismology","Bahcall, J N, and R. K. Ulrich (1988), “Solar Models, Neutrino Experiments and Helioseismology,” Rev. Mod. Phys. 60, 297-372."
U0620,B31,titulo,AGOSTINI,A136,Barbieri,1988,,,,Upper Bounds on Supersymmetric Particle Masses,"Barbieri, R, and G.F. Giudice (1988), “Upper Bounds on Supersymmetric Particle Masses,” Nucl. Phys. B 306, 63- 76."
U0621,B32,titulo,AGOSTINI,A308,Engel,1988,,,,Nuclear Structure Effects in Double beta Decay,"Engel, J, P. Vogel, and M. R. Zirnbauer (1988), “Nuclear Structure Effects in Double beta Decay,” Phys. Rev. C 37, 731-746."
U0622,B32,journal,GONZALEZ-GARCIA,G080,K. S. Hirata et al. (Kamiokande-II),1988,,,Phys. Lett. B|205|416,,"K. S. Hirata et al. (Kamiokande-II), Phys. Lett. B 205, 416 (1988)."
U0623,B32,journal,GONZALEZ-GARCIA,G029,P. D. Mannheim,1988,,,Phys. Rev.|D37|1935,,"P. D. Mannheim, Phys. Rev. D37, 1935 (1988)."
U0624,B32,titulo,AGOSTINI,A698,Vogel,1988,,,,Sum Rules for Two Particle Operators and Double Beta Decay,"Vogel, P, M. Ericson, and J. D. Vergados (1988), “Sum Rules for Two Particle Operators and Double Beta Decay,” Phys. Lett. B 212, 259-263."
U0625,B32,titulo,AGOSTINI,A711,Warburton,1988,,,,First-forbidden beta decay near a = 40,"Warburton, E K, J. A. Becker, B. A. Brown, and D. J. Millener (1988), “First-forbidden beta decay near a = 40,” Ann. Phys. 187, 471."
U0626,B32,journal,GONZALEZ-GARCIA,G137,A. A. Hahn et al.,1989,,,Phys. Lett.|B218|365,,"A. A. Hahn et al., Phys. Lett. B218, 365 (1989)."
U0627,B32,titulo,AGOSTINI,A107,Auerbach,1989,,,,,"Auerbach, N, L. Zamick, and D. C. Zheng (1989), Annals Phys. 192, 77."
U0628,B32,journal,GONZALEZ-GARCIA,G004,B. Kayser,1989,,,World Sci. Lect. Notes Phys.|25|1,,"B. Kayser, F. Gibrat-Debu and F. Perrier, World Sci. Lect. Notes Phys. 25, 1 (1989)."
U0629,B32,titulo,GONZALEZ-GARCIA,G001,J. N. Bahcall,1989,,,,,"J. N. Bahcall, NEUTRINO ASTROPHYSICS (1989), ISBN 9780521379755."
U0630,B32,journal,GONZALEZ-GARCIA,G051,K. S. Hirata et al. (Kamiokande-II),1989,,,Phys. Rev. Lett.|63|16,,"K. S. Hirata et al. (Kamiokande-II), Phys. Rev. Lett. 63, 16 (1989)."
U0631,B32,journal,GONZALEZ-GARCIA,G083,M. Aglietta et al. (NUSEX),1989,,,Europhys. Lett.|8|611,,"M. Aglietta et al. (NUSEX), Europhys. Lett. 8, 611 (1989)."
U0632,B32,journal,GONZALEZ-GARCIA,G034,T.-K. Kuo and J. T. Pantaleone,1989,,,Rev. Mod. Phys.|61|937,,"T.-K. Kuo and J. T. Pantaleone, Rev. Mod. Phys. 61, 937 (1989)."
U0633,B32,titulo,AGOSTINI,A186,Brodzinski,1990,,,,Further reduction of radioactive backgrounds in ultrasensitive germanium spectrometers,"Brodzinski, R L, H. S. Miley, J. H. Reeves, and F. T. Avignone (1990), “Further reduction of radioactive backgrounds in ultrasensitive germanium spectrometers,” Nucl. Instrum. Meth. A 292, 337-342."
U0634,B32,titulo,AGOSTINI,A211,Caurier,1990,,,,A Full 0~ω description of the 2νββ decay of 48 Ca,"Caurier, E, A. P. Zuker, and A. Poves (1990), “A Full 0~ω description of the 2νββ decay of 48 Ca,” Phys. Lett. B 252, 13-17."
U0635,B32,titulo,AGOSTINI,A258,Decamp,1990,,,,A precise determination of the number of families with light neutrinos and of the z boson partial widths,"Decamp, D, et al. (ALEPH) (1990), “A precise determination of the number of families with light neutrinos and of the z boson partial widths,” Phys.Lett.B 235, 399-411."
U0636,B32,titulo,AGOSTINI,A405,Harvey,1990,,,,Cosmological baryon and lepton number in the presence of electroweak fermion number violation,"Harvey, J A, and M. S. Turner (1990), “Cosmological baryon and lepton number in the presence of electroweak fermion number violation,” Phys. Rev. D 42, 3344-3349."
U0637,B32,titulo,AGOSTINI,A688,Vasenko,1990,,,,New Results in the Itep / Yepi Double Beta Decay Experiment With Enriched Germanium Detector,"Vasenko, A A, I. V. Kirpichnikov, V. A. Kuznetsov, A. S. Starostin, A. G. Dzhanian, G. E. Markosian, V. M. Oganesian, V. S. Pogosov, A. G. Tamanian, and S. R. Shakhazizian (1990), “New Results in the Itep / Yepi Double Beta Decay Experiment With Enriched Germanium Detector,” Mod. Phys. Lett. A 5, 1299-1306."
U0638,B32,journal,GONZALEZ-GARCIA,G081,D. Casper et al.,1991,,,Phys. Rev. Lett.|66|2561,,"D. Casper et al., Phys. Rev. Lett. 66, 2561 (1991)."
U0639,B32,titulo,AGOSTINI,A296,Ejiri,1991,,,,Double beta decays of Mo-100,"Ejiri, H, et al. (1991), “Double beta decays of Mo-100,” Phys. Lett. B 258, 17-23."
U0640,B32,titulo,AGOSTINI,A304,Elliott,1991,,,,The Double beta decay spectrum of Mo-100 as measured with a TPC,"Elliott, S R, M. K. Moe, M. A. Nelson, and M. A. Vient (1991), “The Double beta decay spectrum of Mo-100 as measured with a TPC,” J. Phys. G 17, S145-S153."
U0641,B33,titulo,AGOSTINI,A542;A543,Moe,1991,,,,New approach to the detection of neutrinoless double beta decay,"Moe, M K (1991a), “New approach to the detection of neutrinoless double beta decay,” Phys. Rev. C44, 931-934, [,1019(1991)]."
U0642,B33,journal,GONZALEZ-GARCIA,G084,K. S. Hirata et al. (Kamiokande-II),1992,,,Phys. Lett.|B280|146,,"K. S. Hirata et al. (Kamiokande-II), Phys. Lett. B280, 146 (1992)."
U0643,B33,journal,GONZALEZ-GARCIA,G003,C. W. Kim and A. Pevsner,1993,,,Contemp. Concepts Phys.|8|1,,"C. W. Kim and A. Pevsner, Contemp. Concepts Phys. 8, 1 (1993)."
U0644,B33,titulo,AGOSTINI,A220,Chuo,1993,,,,,"Chuo, W T, B. H. Wildenthal, and B. A. Brown (1993), “,” Phys. Rev. C 47, 163."
U0645,B33,titulo,AGOSTINI,A739,Zeldovich,1993,,,,On the theory of elementary particles.: Conservation of the nuclear charge and a possible new type of v-particles,"Zeldovich, Y B, E. Jackson, and A. Granik (1993), “On the theory of elementary particles.: Conservation of the nuclear charge and a possible new type of v-particles,” in Selected Works of Yakov Borisovich Zeldovich, Volume II: Particlies, Nuclei, and the Universe (Princeton University Press) pp. 56-61."
U0646,B33,titulo,AGOSTINI,A551,Muto,1994,,,,Neutrinoless double beta decay beyond closure approximation,"Muto, K (1994), “Neutrinoless double beta decay beyond closure approximation,” Nucl. Phys. A 577, 415C-420C."
U0647,B33,journal,GONZALEZ-GARCIA,G085,Y. Fukuda et al. (Kamiokande),1994,,,Phys. Lett.|B335|237,,"Y. Fukuda et al. (Kamiokande), Phys. Lett. B335, 237 (1994)."
U0648,B33,titulo,AGOSTINI,A072,Ambrosio,1995,,,,Vertical muon intensity measured with MACRO at the Gran Sasso Laboratory,"Ambrosio, M, et al. (MACRO) (1995), “Vertical muon intensity measured with MACRO at the Gran Sasso Laboratory,” Phys. Rev. D 52, 3793-3802."
U0649,B33,titulo,AGOSTINI,A091,Arnold,1995,,,,Observation of two neutrino double beta decay of Cd-116 with the tracking detector NEMO-2,"Arnold, R, et al. (NEMO) (1995), “Observation of two neutrino double beta decay of Cd-116 with the tracking detector NEMO-2,” JETP Lett. 61, 170-174."
U0650,B33,titulo,AGOSTINI,A132,Barabash,1995,,,,Two neutrino double beta decay of Mo-100 to the first excited 0+ state in Ru-100,"Barabash, A S, et al. (1995), “Two neutrino double beta decay of Mo-100 to the first excited 0+ state in Ru-100,” Phys. Lett. B 345, 408-413."
U0651,B33,titulo,AGOSTINI,A238,Cousins,1995,,,,Why isn’t every physicist a Bayesian?,"Cousins, R D (1995), “Why isn’t every physicist a Bayesian?” Am. J. Phys. 63, 398."
U0652,B33,titulo,GONZALEZ-GARCIA,G107,D. Beavis et al. (E899) (1995),1995,,,,,"D. Beavis et al. (E899) (1995), BNL-52459."
U0653,B33,titulo,AGOSTINI,A248,Danevich,1995,,,,The Research of double beta decay of Cd-116 with enriched Cd-116WO-4 crystal scintillators,"Danevich, F A, A. Sh. Georgadze, V. V. Kobychev, B. N. Kropivyansky, V. N. Kuts, A. S. Nikolaiko, V. I. Tretyak, and Yu. Zdesenko (1995), “The Research of double beta decay of Cd-116 with enriched Cd-116WO-4 crystal scintillators,” Phys. Lett. B 344, 72-78."
U0654,B33,titulo,AGOSTINI,A249,Dassie,1995,,,,Two neutrino double beta decay measurement of Mo-100,"Dassie, D, et al. (NEMO) (1995), “Two neutrino double beta decay measurement of Mo-100,” Phys. Rev. D 51, 2090- 2100."
U0655,B33,titulo,AGOSTINI,A297,Ejiri,1995,,,,Double beta decays of Cd-116,"Ejiri, H, et al. (1995), “Double beta decays of Cd-116,” J. Phys. Soc. Jap. 64, 339-343."
U0656,B33,doi,AGOSTINI,A441,Irwin,1995,,10.1063/1.113674,,An application of electrothermal feedback for high resolution cryogenic particle detection,"Irwin, KD (1995), “An application of electrothermal feedback for high resolution cryogenic particle detection,” Applied Physics Letters 66 (15), 10.1063/1.113674."
U0657,B33,journal,GONZALEZ-GARCIA,G082,K. Daum et al. (Frejus),1995,,,Z. Phys.|C66|417,,"K. Daum et al. (Frejus), Z. Phys. C66, 417 (1995)."
U0658,B33,titulo,AGOSTINI,A597,Poves,1995,,,,Double beta decay of 48 Ca revisited,"Poves, A, R. P. Bahukutumbi, K. Langanke, and P. Vogel (1995), “Double beta decay of 48 Ca revisited,” Phys. Lett. B 361, 1-4."
U0659,B33,titulo,AGOSTINI,A092,Arnold,1996,,,,Double-beta decay of Cd- 116,"Arnold, R, et al. (NEMO) (1996), “Double-beta decay of Cd- 116,” Z. Phys. C 72, 239-247."
U0660,B33,journal,GONZALEZ-GARCIA,G052,Y. Fukuda et al. (Kamiokande),1996,,,Phys. Rev. Lett.|77|1683,,"Y. Fukuda et al. (Kamiokande), Phys. Rev. Lett. 77, 1683 (1996)."
U0661,B34,titulo,AGOSTINI,A160,Bernard,1997,,,,Aspects of chiral pion - nucleon physics,"Bernard, V, N. Kaiser, and U.-G. Meissner (1997), “Aspects of chiral pion - nucleon physics,” Nucl. Phys. A 615, 483- 500."
U0662,B34,titulo,AGOSTINI,A177;A178,Bolotnikov,1997,,,,The spectroscopic properties of high-pressure xenon,"Bolotnikov, A, and B. Ramsey (1997), “The spectroscopic properties of high-pressure xenon,” Nuclear Instruments and Methods in Physics Research Section A: Accelerators, Spectrometers, Detectors and Associated Equipment 396 (3), 360-370."
U0663,B34,titulo,AGOSTINI,A681,Towner,1997,,,,Quenching of spin matrix elements in nuclei,"Towner, IS (1997), “Quenching of spin matrix elements in nuclei,” Phys. Rep. 155, 263."
U0664,B34,titulo,AGOSTINI,A093;A303,Arnold,1998,,,,Double beta decay of Se- 82,"Arnold, R, et al. (NEMO) (1998), “Double beta decay of Se- 82,” Nucl. Phys. A 636, 209-223."
U0665,B34,journal,GONZALEZ-GARCIA,G045,B. T. Cleveland et al.,1998,,,Astrophys. J.|496|505,,"B. T. Cleveland et al., Astrophys. J. 496, 505 (1998)."
U0666,B34,titulo,AGOSTINI,A230,Cleveland,1998,,,,Measurement of the solar electron neutrino flux with the Homestake chlorine detector,"Cleveland, B T, Timothy Daily, Raymond Davis, Jr., James R. Distel, Kenneth Lande, C. K. Lee, Paul S. Wildenhain, and Jack Ullman (1998), “Measurement of the solar electron neutrino flux with the Homestake chlorine detector,” Astrophys. J. 496, 505-526."
U0667,B34,journal,GONZALEZ-GARCIA,G002,R. N. Mohapatra and P. B. Pal,1998,,,World Sci. Lect. Notes Phys.|60|1,,"R. N. Mohapatra and P. B. Pal, World Sci. Lect. Notes Phys. 60, 1 (1998), [World Sci. Lect. Notes Phys.72,1(2004)]."
U0668,B34,titulo,AGOSTINI,A660,Suhonen,1998,,,,,"Suhonen, J, and O. Civitarese (1998), Phys. Rep. 300, 124."
U0669,B34,titulo,AGOSTINI,A094,Arnold,1999,,,,Double beta decay of Zr-96,"Arnold, R, et al. (1999), “Double beta decay of Zr-96,” Nucl. Phys. A 658, 299-312."
U0670,B34,titulo,AGOSTINI,A577,Pas,1999,,,,Towards a superformula for neutrinoless double beta decay,"Pas, H, M. Hirsch, H. V. Klapdor-Kleingrothaus, and S. G. Kovalenko (1999), “Towards a superformula for neutrinoless double beta decay,” Phys. Lett. B 453, 194-198."
U0671,B34,journal,GONZALEZ-GARCIA,G048,W. Hampel et al. (GALLEX),1999,,,Phys. Lett.|B447|127,,"W. Hampel et al. (GALLEX), Phys. Lett. B447, 127 (1999)."
U0672,B34,titulo,AGOSTINI,A373,Gonzalez,2000,,,,Current IGEX results for neutrinoless double-beta decay of Ge-76,"Gonzalez, D, et al. (2000), “Current IGEX results for neutrinoless double-beta decay of Ge-76,” Nucl. Phys. B Proc. Suppl. 87, 278-280."
U0673,B34,titulo,AGOSTINI,A410,Hayes,2000,,,,Shell model calculations of neutrino scattering from C-12,"Hayes, A C, and I. S. Towner (2000), “Shell model calculations of neutrino scattering from C-12,” Phys. Rev. C 61, 044603."
U0674,B34,titulo,AGOSTINI,A700,Volpe,2000,,,,Microscopic theories of neutrino C-12 reactions,"Volpe, C, N. Auerbach, G. Colo, T. Suzuki, and N. Van Giai (2000), “Microscopic theories of neutrino C-12 reactions,” Phys. Rev. C 62, 015501."
U0675,B34,titulo,AGOSTINI,A189,Brown,2001,,,,The nuclear shell model towards the drip lines,"Brown, B A (2001), “The nuclear shell model towards the drip lines,” Prog. Part. Nucl. Phys. 47, 517-599."
U0676,B34,titulo,AGOSTINI,A195,Butler,2001,,,,Neutrino deuteron scattering in effective field theory at next-to-nextto-leading order,"Butler, M, J.-W. Chen, and X. Kong (2001), “Neutrino deuteron scattering in effective field theory at next-to-nextto-leading order,” Phys. Rev. C 63, 035501."
U0677,B34,journal,GONZALEZ-GARCIA,G227,J. Bonn et al.,2001,,,Nucl. Phys. B Proc. Suppl.|91|273,,"J. Bonn et al., Nucl. Phys. B Proc. Suppl. 91, 273 (2001)."
U0678,B34,titulo,AGOSTINI,A552,Nakamura,2001,,,,Neutrino reactions on the deuteron,"Nakamura, S, T. Sato, Vladimir P. Gudkov, and K. Kubodera (2001), “Neutrino reactions on the deuteron,” Phys. Rev. C 63, 034617."
U0679,B34,journal,GONZALEZ-GARCIA,G228,V. M. Lobashev et al.,2001,,,Nucl. Phys. B Proc. Suppl.|91|280,,"V. M. Lobashev et al., Nucl. Phys. B Proc. Suppl. 91, 280 (2001)."
U0680,B34,titulo,AGOSTINI,A683,Tretyak,2002,,,,Tables of double beta decay data: An update,"Tretyak, VI, and Yuri G. Zdesenko (2002), “Tables of double beta decay data: An update,” Atom. Data Nucl. Data Tabl. 80, 83-116."
U0681,B35,titulo,AGOSTINI,A157,Bender,2003,,,,Selfconsistent mean-field models for nuclear structure,"Bender, M, P.-H. Heenen, and P.-G. Reinhard (2003), “Selfconsistent mean-field models for nuclear structure,” Rev. Mod. Phys. 75, 121-180."
U0682,B35,titulo,AGOSTINI,A409,Hayes,2003,,,,Neutrino C-12 scattering in the ab initio shell model with a realistic three body interaction,"Hayes, A C, P. Navrátil, and J. P. Vary (2003), “Neutrino C-12 scattering in the ab initio shell model with a realistic three body interaction,” Phys. Rev. Lett. 91, 012502."
U0683,B35,titulo,AGOSTINI,A576,Park,2003,,,,Parameter free effective field theory calculation for the solar proton fusion and hep processes,"Park, T S, L. E. Marcucci, R. Schiavilla, M. Viviani, A. Kievsky, S. Rosati, K. Kubodera, D. P. Min, and M. Rho (2003), “Parameter free effective field theory calculation for the solar proton fusion and hep processes,” Phys. Rev. C 67, 055206."
U0684,B35,titulo,AGOSTINI,A599,Prezeau,2003,,,,Neutrinoless double beta decay and effective field theory,"Prezeau, G, M. Ramsey-Musolf, and P. Vogel (2003), “Neutrinoless double beta decay and effective field theory,” Phys. Rev. D 68, 034016."
U0685,B35,titulo,AGOSTINI,A621,Rodin,2003,,,,On the uncertainty in the 0 nu beta beta decay nuclear matrix elements,"Rodin, V A, A. Faessler, F. Šimkovic, and P. Vogel (2003), “On the uncertainty in the 0 nu beta beta decay nuclear matrix elements,” Phys. Rev. C 68, 044302."
U0686,B35,titulo,AGOSTINI,A120,Bahcall,2004,,,,,"Bahcall, J, H. Murayama, and C. Peña-Garay (2004), Phys. Rev. D 70, 033012."
U0687,B35,titulo,AGOSTINI,A712,Warburton,2004,,,,Ultra-low background alpha particle counter using pulse shape analysis,"Warburton, W K, B. Dwyer-McNally, M. Momayezi, and J. E. Wahl (2004), “Ultra-low background alpha particle counter using pulse shape analysis,” in IEEE Symposium Conference Record Nuclear Science 2004., Vol. 1, pp. 577- 581 Vol. 1."
U0688,B35,titulo,AGOSTINI,A002,Aalseth,2005,,,,"[aip topical workshop on low radioactivity techniques: Lrt 2004 - sudbury, ontario (canada) (12- 14 december 2004)] aip conference proceedings - ultra-lowbackground copper production and clean fabrication","Aalseth, C E (2005), “[aip topical workshop on low radioactivity techniques: Lrt 2004 - sudbury, ontario (canada) (12- 14 december 2004)] aip conference proceedings - ultra-lowbackground copper production and clean fabrication,”."
U0689,B35,titulo,AGOSTINI,A208,Caurier,2005,,,,The Shell model as unified view of nuclear structure,"Caurier, E, G. Martinez-Pinedo, F. Nowacki, A. Poves, and A. P. Zuker (2005), “The Shell model as unified view of nuclear structure,” Rev. Mod. Phys. 77, 427-488."
U0690,B35,titulo,AGOSTINI,A331,Fleischmann,2005,,,,Metallic magnetic calorimeters,"Fleischmann, A, C. Enss, and G.M. Seidel (2005), “Metallic magnetic calorimeters,” in Cryogenic Particle Detection, edited by C. Enss (Springer Berlin Heidelberg, Berlin, Heidelberg) pp. 151-216."
U0691,B35,titulo,AGOSTINI,A442,Irwin,2005,,,,Transition-edge sensors,"Irwin, KD, and G.C. Hilton (2005), “Transition-edge sensors,” in Cryogenic Particle Detection, edited by C. Enss (Springer Berlin Heidelberg, Berlin, Heidelberg) pp. 63- 150."
U0692,B35,titulo,AGOSTINI,A438,Ichimura,2006,,,,"Spin-isospin responses via (p,n) and (n,p) reactions","Ichimura, M, H. Sakai, and T. Wakasa (2006), “Spin-isospin responses via (p,n) and (n,p) reactions,” Prog. Part. Nucl. Phys. 56, 446-531."
U0693,B35,titulo,AGOSTINI,A466,Klapdor-Kleingrothaus,2006,,,,The evidence for the observation of 0nu beta beta decay: The identification of 0nu beta beta events from the full spectra,"Klapdor-Kleingrothaus, H V, and I. V. Krivosheina (2006), “The evidence for the observation of 0nu beta beta decay: The identification of 0nu beta beta events from the full spectra,” Mod. Phys. Lett. A 21, 1547-1566."
U0694,B35,titulo,AGOSTINI,A587,Piquemal,2006,,,,The SuperNEMO project,"Piquemal, F (NEMO) (2006), “The SuperNEMO project,” Phys. Atom. Nucl. 69, 2096-2100."
U0695,B35,titulo,AGOSTINI,A622,Rodin,2006,,,,Assessment of uncertainties in QRPA 0νββ-decay nuclear matrix elements,"Rodin, V A, A. Faessler, F. Šimkovic, and P. Vogel (2006), “Assessment of uncertainties in QRPA 0νββ-decay nuclear matrix elements,” Nucl. Phys. A 766, 107-131."
U0696,B35,titulo,AGOSTINI,A664,Suzuki,2006,,,,Neutrino nucleus reactions based on new shell model Hamiltonians,"Suzuki, T, Satoshi Chiba, T. Yoshida, Toshitaka Kajino, and T. Otsuka (2006), “Neutrino nucleus reactions based on new shell model Hamiltonians,” Phys. Rev. C 74, 034307."
U0697,B35,titulo,AGOSTINI,A742,Zinner,2006,,,,Muon capture on nuclei: Random phase approximation evaluation versus data for 6 ≤ Z ≤ 94 nuclei,"Zinner, N T, K. Langanke, and P. Vogel (2006), “Muon capture on nuclei: Random phase approximation evaluation versus data for 6 ≤ Z ≤ 94 nuclei,” Phys. Rev. C 74, 024326."
U0698,B35,titulo,AGOSTINI,A065,Ali,2007,,,,Probing new physics in the neutrinoless double beta decay using electron angular correlation,"Ali, A, A. V. Borisov, and D. V. Zhuridov (2007), “Probing new physics in the neutrinoless double beta decay using electron angular correlation,” Phys. Rev. D 76, 093009."
U0699,B35,titulo,GONZALEZ-GARCIA,G005,C. Giunti and C. W. Kim,2007,,,,,"C. Giunti and C. W. Kim, Fundamentals of Neutrino Physics and Astrophysics (2007), ISBN 9780198508717."
U0700,B35,titulo,GONZALEZ-GARCIA,G109,D. S. Ayres et al. (NOvA) (2007).,2007,,,,,D. S. Ayres et al. (NOvA) (2007).
U0701,B36,titulo,AGOSTINI,A473,Kortelainen,2007,,,,Short-range correlations and neutrinoless double beta decay,"Kortelainen, M, O. Civitarese, J. Suhonen, and J. Toivanen (2007), “Short-range correlations and neutrinoless double beta decay,” Phys. Lett. B 647, 128-132."
U0702,B36,journal,GONZALEZ-GARCIA,G110,M. G. Catanesi et al. (HARP),2007,,,Nucl. Instrum. Meth.|A571|527,,"M. G. Catanesi et al. (HARP), Nucl. Instrum. Meth. A571, 527 (2007)."
U0703,B36,titulo,AGOSTINI,A610,Redshaw,2007,,,,Mass and double-beta-decay Q value of Xe-136,"Redshaw, M, E. Wingfield, J. McDaniel, and E. G. Myers (2007), “Mass and double-beta-decay Q value of Xe-136,” Phys. Rev. Lett. 98, 053003."
U0704,B36,titulo,AGOSTINI,A209,Caurier,2008,,,,Nuclear Structure Aspects of the Neutrinoless Double Beta Decay,"Caurier, E, F. Nowacki, and A. Poves (2008), “Nuclear Structure Aspects of the Neutrinoless Double Beta Decay,” Eur. Phys. J. A 36, 195-200."
U0705,B36,titulo,AGOSTINI,A311,Epelbaum,2008,,,,Deltaexcitations and the three-nucleon force,"Epelbaum, E, H. Krebs, and U.-G. Meissner (2008), “Deltaexcitations and the three-nucleon force,” Nucl. Phys. A806, 65-78."
U0706,B36,titulo,AGOSTINI,A661,Suhonen,2008,,,,Effects of orbital occupancies on the neutrinoless beta beta matrix element of Ge-76,"Suhonen, J, and O. Civitarese (2008), “Effects of orbital occupancies on the neutrinoless beta beta matrix element of Ge-76,” Phys. Lett. B 668, 277-281."
U0707,B36,titulo,AGOSTINI,A140,Barea,2009,,,,Neutrinoless double-beta decay in the microscopic interacting boson model,"Barea, J, and F. Iachello (2009), “Neutrinoless double-beta decay in the microscopic interacting boson model,” Phys. Rev. C 79, 044301."
U0708,B36,titulo,AGOSTINI,A356,Gazit,2009,,,,Three- Nucleon Low-Energy Constants from the Consistency of Interactions and Currents in Chiral Effective Field Theory,"Gazit, D, S. Quaglioni, and P. Navratil (2009), “Three- Nucleon Low-Energy Constants from the Consistency of Interactions and Currents in Chiral Effective Field Theory,” Phys. Rev. Lett. 103, 102502, [Erratum: Phys. Rev. Lett.122,no.2,029901(2019)]."
U0709,B36,titulo,AGOSTINI,A565,Nygren,2009,,,,High-pressure xenon gas electroluminescent TPC for 0nu beta beta-decay search,"Nygren, D (2009), “High-pressure xenon gas electroluminescent TPC for 0nu beta beta-decay search,” Nucl. Instrum. Meth. A 603, 337-348."
U0710,B36,titulo,AGOSTINI,A628,Roth,2009,,,,Importance Truncation for Large-Scale Configuration Interaction Approaches,"Roth, R (2009), “Importance Truncation for Large-Scale Configuration Interaction Approaches,” Phys. Rev. C 79, 064324."
U0711,B36,titulo,AGOSTINI,A642,Shaposhnikov,2009,,,,Baryogenesis,"Shaposhnikov, M (2009), “Baryogenesis,” J. Phys. Conf. Ser. 171, 012005."
U0712,B36,titulo,AGOSTINI,A734,Yoshida,2009,,,,Ultra-violet wavelength shift for undoped CaF 2 scintillation detector by two phase of liquid scintillator system in CANDLES,"Yoshida, S, T. Kishimoto, I. Ogawa, R. Hazama, S. Umehara, K. Matsuoka, D. Yokoyama, K. Ichihara, and Y. Tatewaki (2009), “Ultra-violet wavelength shift for undoped CaF 2 scintillation detector by two phase of liquid scintillator system in CANDLES,” Nucl. Instrum. Meth. A 601, 282-293."
U0713,B36,titulo,AGOSTINI,A073,Anderson,2010,,,,Operator Evolution via the Similarity Renormalization Group I: The Deuteron,"Anderson, E R, S. K. Bogner, R. J. Furnstahl, and R. J. Perry (2010), “Operator Evolution via the Similarity Renormalization Group I: The Deuteron,” Phys. Rev. C 82, 054001."
U0714,B36,titulo,AGOSTINI,A095,Arnold,2010,,,,Probing New Physics Models of Neutrinoless Double Beta Decay with SuperNEMO,"Arnold, R, et al. (SuperNEMO) (2010), “Probing New Physics Models of Neutrinoless Double Beta Decay with SuperNEMO,” Eur. Phys. J. C 70, 927."
U0715,B36,titulo,AGOSTINI,A169,Blennow,2010,,,,Neutrinoless double beta decay in seesaw models,"Blennow, M, E. Fernandez-Martinez, J. Lopez-Pavon, and J. Menéndez (2010), “Neutrinoless double beta decay in seesaw models,” JHEP 07, 096."
U0716,B36,titulo,AGOSTINI,A472,Kolhinen,2010,,,,Double-beta decay Q value of Nd-150,"Kolhinen, VS, et al. (2010), “Double-beta decay Q value of Nd-150,” Phys. Rev. C 82, 022501."
U0717,B36,titulo,AGOSTINI,A549,Mount,2010,,,,Doublebeta-decay Q values of Se-74 and Ge-76,"Mount, B J, M. Redshaw, and E. G. Myers (2010), “Doublebeta-decay Q values of Se-74 and Ge-76,” Phys. Rev. C81, 032501."
U0718,B36,titulo,AGOSTINI,A623,Rodriguez,2010,,,,Energy density functional study of nuclear matrix elements for neutrinoless ββ decay,"Rodriguez, T R, and G. Martinez-Pinedo (2010), “Energy density functional study of nuclear matrix elements for neutrinoless ββ decay,” Phys. Rev. Lett. 105, 252503."
U0719,B36,titulo,AGOSTINI,A662,Suhonen,2010,,,,Effects of orbital occupancies and spin-orbit partners on 0 nu beta beta-decay rates,"Suhonen, J, and O. Civitarese (2010), “Effects of orbital occupancies and spin-orbit partners on 0 nu beta beta-decay rates,” Nucl. Phys. A 847, 207-232."
U0720,B36,titulo,AGOSTINI,A321,Fernandes,2011,,,,Neutron activation analysis: A primary method of measurement,"Fernandes, R R Greenberg; P Bode; Elisabete A De Nadai (2011), “Neutron activation analysis: A primary method of measurement,” Spectrochimica Acta Part B: Atomic Spectroscopy 66, 193-241."
U0721,B37,titulo,AGOSTINI,A344,Fujita,2011,,,,"Spin-isospin excitations probed by strong, weak and electro-magnetic interactions","Fujita, Y, B. Rubio, and W. Gelletly (2011), “Spin-isospin excitations probed by strong, weak and electro-magnetic interactions,” Prog. Part. Nucl. Phys. 66, 549-606."
U0722,B37,titulo,AGOSTINI,A606,Rahaman,2011,,,,Doublebeta decay Q values of 116 Cd and 130 Te,"Rahaman, S. and Elomaa, V. V. and Eronen, T. and Hakala, J. and Jokinen, A. and Kankainen, A. and Rissanen, J. and Suhonen, J. and Weber, C. and Äystö, J., (2011), “Doublebeta decay Q values of 116 Cd and 130 Te,” Phys. Lett. B703, 412-416."
U0723,B37,titulo,AGOSTINI,A648,Simkovic,2011,,,,Relation between the 0νββ and 2νββ nuclear matrix elements revisited,"Simkovic, Fedor, Rastislav Hodak, Amand Faessler, and Petr Vogel (2011), “Relation between the 0νββ and 2νββ nuclear matrix elements revisited,” Phys. Rev. C 83, 015502."
U0724,B37,doi,AGOSTINI,A005,Abe,2012,,10.1016/j.nima.2011.09.051,,Radon removal from gaseous xenon with activated charcoal,"Abe, K, et al. (2012a), “Radon removal from gaseous xenon with activated charcoal,” Nuclear Instruments and Methods in Physics Research Section A: Accelerators, Spectrometers, Detectors and Associated Equipment 661, 10.1016/j.nima.2011.09.051."
U0725,B37,titulo,AGOSTINI,A008,Abe,2012,,,,"Benchmarks of the full configuration interaction, Monte Carlo shell model, and no-core full configuration methods","Abe, T, P. Maris, T. Otsuka, N. Shimizu, Y. Utsuno, and J. P. Vary (2012b), “Benchmarks of the full configuration interaction, Monte Carlo shell model, and no-core full configuration methods,” Phys. Rev. C 86, 054301."
U0726,B37,titulo,AGOSTINI,A174,Bogner,2012,,,,High-momentum tails from low-momentum effective theories,"Bogner, S K, and D. Roscher (2012), “High-momentum tails from low-momentum effective theories,” Phys. Rev. C 86, 064304."
U0727,B37,titulo,AGOSTINI,A210,Caurier,2012,,,,Shell Model description of the beta beta decay of 136Xe,"Caurier, E, F. Nowacki, and A. Poves (2012), “Shell Model description of the beta beta decay of 136Xe,” Phys. Lett. B 711, 62-64."
U0728,B37,titulo,AGOSTINI,A337,Freeman,2012,,,,Constraining the 0ν2β matrix elements by nuclear structure observables,"Freeman, S J, and J. P. Schiffer (2012), “Constraining the 0ν2β matrix elements by nuclear structure observables,” J. Phys. G 39, 124004."
U0729,B37,titulo,AGOSTINI,A362,Giuliani,2012,,,,Neutrinoless Double-Beta Decay,"Giuliani, A, and A. Poves (2012), “Neutrinoless Double-Beta Decay,” Adv. High Energy Phys. 2012, 857016."
U0730,B37,titulo,AGOSTINI,A478,Kotila,2012,,,,Phase space factors for double-β decay,"Kotila, J, and F. Iachello (2012a), “Phase space factors for double-β decay,” Phys. Rev. C 85, 034316."
U0731,B37,titulo,AGOSTINI,A676,Thies,2012,,,,"High-resolution Zr-96 (He-3, t) experiment and the matrix element for double-beta decay","Thies, J H, et al. (2012), “High-resolution Zr-96 (He-3, t) experiment and the matrix element for double-beta decay,” Phys. Rev. C 86, 054323."
U0732,B37,titulo,AGOSTINI,A697,Vogel,2012,,,,Nuclear structure and double beta decay,"Vogel, P (2012b), “Nuclear structure and double beta decay,” J. Phys. G: Nucl. Part. Phys. 39, 124002."
U0733,B37,titulo,AGOSTINI,A151,Beller,2013,,,,Constraint on 0νββ Matrix Elements from a Novel Decay Channel of the Scissors Mode: The Case of 154 Gd,"Beller, J, et al. (2013), “Constraint on 0νββ Matrix Elements from a Novel Decay Channel of the Scissors Mode: The Case of 154 Gd,” Phys. Rev. Lett. 111, 172501."
U0734,B37,titulo,AGOSTINI,A427,Holt,2013,,,,Effective double-β-decay operator for 76 Ge and 82 Se,"Holt, J D, and J. Engel (2013), “Effective double-β-decay operator for 76 Ge and 82 Se,” Phys. Rev. C 87, 064315."
U0735,B37,titulo,AGOSTINI,A430,Horoi,2013,,,,Shell-model analysis of the 136 Xe double beta decay nuclear matrix elements,"Horoi, M, and B.A. Brown (2013), “Shell-model analysis of the 136 Xe double beta decay nuclear matrix elements,” Phys. Rev. Lett. 110, 222502."
U0736,B37,titulo,AGOSTINI,A512,Maalampi,2013,,,,Neutrinoless Double β + / EC Decays,"Maalampi, J, and J. Suhonen (2013), “Neutrinoless Double β + / EC Decays,” Adv. High Energy Phys. 2013, 505874."
U0737,B37,titulo,AGOSTINI,A550,Mustonen,2013,,,,"Large-scale calculations of the double-β decay of 76 Ge,130 T e,136 Xe, and N d in the deformed self-consistent Skyrme quasiparticle random-phase approximation","Mustonen, M T, and J. Engel (2013), “Large-scale calculations of the double-β decay of 76 Ge,130 T e,136 Xe, and N d in the deformed self-consistent Skyrme quasiparticle random-phase approximation,” Phys. Rev. C 87, 064302."
U0738,B37,titulo,AGOSTINI,A616,Roberts,2013,,,,Proton pair correlations and the neutrinoless double-β decay of 76 Ge,"Roberts, A, et al. (2013), “Proton pair correlations and the neutrinoless double-β decay of 76 Ge,” Phys. Rev. C 87, 051305."
U0739,B37,titulo,AGOSTINI,A624,Rodriguez,2013,,,,Neutrinoless ββ decay nuclear matrix elements in an isotopic chain,"Rodriguez, T R, and G. Martinez-Pinedo (2013), “Neutrinoless ββ decay nuclear matrix elements in an isotopic chain,” Phys. Lett. B 719, 174-178."
U0740,B37,titulo,AGOSTINI,A639,Sen’kov,2013,,,,Neutrinoless double-β decay of 48 Ca in the shell model: Closure versus nonclosure approximation,"Sen’kov, R A, and M. Horoi (2013), “Neutrinoless double-β decay of 48 Ca in the shell model: Closure versus nonclosure approximation,” Phys. Rev. C 88, 064312."
U0741,B38,titulo,AGOSTINI,A659,Suhonen,2013,,,,Double beta decays of 124 Xe investigated in the QRPA framework,"Suhonen, J (2013), “Double beta decays of 124 Xe investigated in the QRPA framework,” J. Phys. G 40, 075102."
U0742,B38,titulo,AGOSTINI,A677,Toh,2013,,,,Evidence for rigid triaxial deformation at low energy in 76 Ge,"Toh, Y, et al. (2013), “Evidence for rigid triaxial deformation at low energy in 76 Ge,” Phys. Rev. C 87, 041304."
U0743,B38,titulo,AGOSTINI,A741,Zhi,2013,,,,Shell-model half-lives including first-forbidden contributions for rprocess waiting-point nuclei,"Zhi, Q, E. Caurier, J. J. Cuenca-Garcia, K. Langanke, G. Martinez-Pinedo, and K. Sieja (2013), “Shell-model half-lives including first-forbidden contributions for rprocess waiting-point nuclei,” Phys. Rev. C 87, 025803."
U0744,B38,titulo,AGOSTINI,A125,Bally,2014,,,,Beyond Mean-Field Calculations for Odd-Mass Nuclei,"Bally, B, B. Avez, M. Bender, and P. H. Heenen (2014), “Beyond Mean-Field Calculations for Odd-Mass Nuclei,” Phys. Rev. Lett. 113, 162501."
U0745,B38,titulo,AGOSTINI,A173,Bogner,2014,,,,Nonperturbative shell-model interactions from the in-medium similarity renormalization group,"Bogner, S K, H. Hergert, J. D. Holt, A. Schwenk, S. Binder, A. Calci, J. Langhammer, and R. Roth (2014), “Nonperturbative shell-model interactions from the in-medium similarity renormalization group,” Phys. Rev. Lett. 113, 142501."
U0746,B38,titulo,AGOSTINI,A190,Brown,2014,,,,Nuclear Structure Aspects of Neutrinoless Double-β Decay,"Brown, B A, M. Horoi, and R. A. Sen’kov (2014), “Nuclear Structure Aspects of Neutrinoless Double-β Decay,” Phys. Rev. Lett. 113, 262501."
U0747,B38,titulo,AGOSTINI,A307,Engel,2014,,,,Chiral Two- Body Currents and Neutrinoless Double-Beta Decay in the QRPA,"Engel, J, F. Šimkovic, and P. Vogel (2014), “Chiral Two- Body Currents and Neutrinoless Double-Beta Decay in the QRPA,” Phys. Rev. C 89, 064308."
U0748,B38,titulo,AGOSTINI,A314,Faessler,2014,,,,Arbitrary mass Majorana neutrinos in neutrinoless double beta decay,"Faessler, A, M. González, S. Kovalenko, and F. Šimkovic (2014), “Arbitrary mass Majorana neutrinos in neutrinoless double beta decay,” Phys. Rev. D 90 (9), 096010."
U0749,B38,titulo,AGOSTINI,A399,Hagen,2014,,,,Coupled-cluster computations of atomic nuclei,"Hagen, G, T. Papenbrock, M. Hjorth-Jensen, and D. J. Dean (2014), “Coupled-cluster computations of atomic nuclei,” Rept. Prog. Phys. 77, 096302."
U0750,B38,titulo,AGOSTINI,A421,Hinohara,2014,,,,Proton-Neutron Pairing Amplitude as a Generator Coordinate for Double-Beta Decay,"Hinohara, N, and J. Engel (2014), “Proton-Neutron Pairing Amplitude as a Generator Coordinate for Double-Beta Decay,” Phys. Rev. C 90, 031301."
U0751,B38,titulo,AGOSTINI,A429,Hoppe,2014,,,,Reduction of radioactive backgrounds in electroformed copper for ultra-sensitive radiation detectors,"Hoppe, E W, C. E. Aalseth, O. T. Farmer, T. W. Hossbach, M. Liezers, H. S. Miley, N. R. Overman, and J. H. Reeves (2014), “Reduction of radioactive backgrounds in electroformed copper for ultra-sensitive radiation detectors,” Nucl. Instrum. Meth. A 764, 116-121."
U0752,B38,titulo,AGOSTINI,A445,Jansen,2014,,,,Ab-initio coupled-cluster effective interactions for the shell model: Application to neutron-rich oxygen and carbon isotopes,"Jansen, G R, J. Engel, G. Hagen, P. Navrátil, and A. Signoracci (2014), “Ab-initio coupled-cluster effective interactions for the shell model: Application to neutron-rich oxygen and carbon isotopes,” Phys. Rev. Lett. 113, 142502."
U0753,B38,titulo,AGOSTINI,A614,Ritz,2014,,,,Building for Discovery: Strategic Plan for U.S. Particle Physics in the Global Context,"Ritz, S, et al. (HEPAP Subcommittee) (2014), “Building for Discovery: Strategic Plan for U.S. Particle Physics in the Global Context,” ."
U0754,B38,titulo,AGOSTINI,A641,Sen’kov,2014,,,,Neutrinoless double-β decay of 82 Se in the shell model: beyond closure approximation,"Sen’kov, R A, M. Horoi, and B. A. Brown (2014), “Neutrinoless double-β decay of 82 Se in the shell model: beyond closure approximation,” Phys. Rev. C 89, 054304."
U0755,B38,titulo,AGOSTINI,A652,Song,2014,,,,Relativistic description of nuclear matrix elements in neutrinoless double-β decay,"Song, L S, J. M. Yao, P. Ring, and J. Meng (2014), “Relativistic description of nuclear matrix elements in neutrinoless double-β decay,” Phys. Rev. C 90 (5), 054309."
U0756,B38,titulo,AGOSTINI,A077,Aprahamian,2015,,,,Reaching for the horizon: The 2015 long range plan for nuclear science,"Aprahamian, Ani, et al. (2015), “Reaching for the horizon: The 2015 long range plan for nuclear science,” ."
U0757,B38,titulo,AGOSTINI,A141,Barea,2015,,,,0νββ and 2νββ nuclear matrix elements in the interacting boson model with isospin restoration,"Barea, J, J. Kotila, and F. Iachello (2015a), “0νββ and 2νββ nuclear matrix elements in the interacting boson model with isospin restoration,” Phys. Rev. C 91, 034304."
U0758,B38,titulo,AGOSTINI,A142,Barea,2015,,,,Limits on sterile neutrino contributions to neutrinoless double beta decay,"Barea, J, J. Kotila, and F. Iachello (2015b), “Limits on sterile neutrino contributions to neutrinoless double beta decay,” Phys. Rev. D 92, 093001."
U0759,B38,titulo,AGOSTINI,A206,Carlson,2015,,,,Quantum monte carlo methods for nuclear physics,"Carlson, J, S. Gandolfi, F. Pederiva, S. C. Pieper, R. Schiavilla, K. E. Schmidt, and R. B. Wiringa (2015), “Quantum monte carlo methods for nuclear physics,” Rev. Mod. Phys. 87, 1067-1118."
U0760,B38,titulo,AGOSTINI,A275,Dikmen,2015,,,,Ab initio effective interactions for sd-shell valence nucleons,"Dikmen, E, A. F. Lisetski, B. R. Barrett, P. Maris, A. M. Shirokov, and J. P. Vary (2015), “Ab initio effective interactions for sd-shell valence nucleons,” Phys. Rev. C 91 (6), 064301."
U0761,B39,titulo,AGOSTINI,A324,Finch,2015,,,,,"Finch, S W (2015), Double-Beta Decay of 96 Zr and Double- Electron Capture of 156 Dy to Excited Final States, Ph.D. thesis (Duke University)."
U0762,B39,titulo,AGOSTINI,A411,Hebeler,2015,,,,Nuclear forces and their impact on neutron-rich nuclei and neutron-rich matter,"Hebeler, K, J. D. Holt, J. Menendez, and A. Schwenk (2015), “Nuclear forces and their impact on neutron-rich nuclei and neutron-rich matter,” Ann. Rev. Nucl. Part. Sci. 65, 457- 484."
U0763,B39,titulo,AGOSTINI,A435,Hyvarinen,2015,,,,Nuclear matrix elements for 0νββ decays with light or heavy Majorananeutrino exchange,"Hyvarinen, J, and J. Suhonen (2015), “Nuclear matrix elements for 0νββ decays with light or heavy Majorananeutrino exchange,” Phys. Rev. C 91, 024613. IAEA, (2015), The Fukushima Daiichi Accident, Non-serial Publications (INTERNATIONAL ATOMIC ENERGY AGENCY, Vienna)."
U0764,B39,titulo,AGOSTINI,A416,IAEA,2015,,,,,"IAEA, (2015), The Fukushima Daiichi Accident, Non-serial Publications (INTERNATIONAL ATOMIC ENERGY AGENCY, Vienna)."
U0765,B39,titulo,AGOSTINI,A444,Iwata,2015,,,,Ingredients of nuclear matrix element for two-neutrino double-beta decay of 48Ca,"Iwata, Y, N. Shimizu, Y. Utsuno, M. Honma, T. Abe, and T. Otsuka (2015), “Ingredients of nuclear matrix element for two-neutrino double-beta decay of 48Ca,” JPS Conf. Proc. 6, 030057, 1409.4003."
U0766,B39,titulo,AGOSTINI,A463,Kishimoto,2015,,,,Calcium isotope enrichment by means of multichannel counter-current electrophoresis for the study of particle and nuclear physics,"Kishimoto, T, K. Matsuoka, T. Fukumoto, and S. Umehara (2015), “Calcium isotope enrichment by means of multichannel counter-current electrophoresis for the study of particle and nuclear physics,” PTEP 2015 (3), 033D03."
U0767,B39,titulo,AGOSTINI,A486,LaFerriere,2015,,,,A novel assay method for the trace determination of Th and U in copper and lead using inductively coupled plasma mass spectrometry,"LaFerriere, B D, T. C. Maiti, I. J. Arnquist, and E. W. Hoppe (2015), “A novel assay method for the trace determination of Th and U in copper and lead using inductively coupled plasma mass spectrometry,” Nucl. Instrum. Meth. A 775, 93-98."
U0768,B39,titulo,AGOSTINI,A554,Neacsu,2015,,,,Shell model studies of the T e neutrinoless double-beta decay,"Neacsu, A, and M. Horoi (2015), “Shell model studies of the T e neutrinoless double-beta decay,” Phys. Rev. C 91, 024309."
U0769,B39,titulo,AGOSTINI,A588,Pirinen,2015,,,,Systematic approach to β and 2νββ decays of mass A =100-136 nuclei,"Pirinen, P, and J. Suhonen (2015), “Systematic approach to β and 2νββ decays of mass A =100-136 nuclei,” Phys. Rev. C 91, 054309."
U0770,B39,titulo,AGOSTINI,A654,Stefanik,2015,,,,Reexamining the light neutrino exchange mechanism of the 0νββ decay with left- and right-handed leptonic and hadronic currents,"Stefanik, D, R. Dvornicky, F. Šimkovic, and P. Vogel (2015), “Reexamining the light neutrino exchange mechanism of the 0νββ decay with left- and right-handed leptonic and hadronic currents,” Phys. Rev. C 92, 055502."
U0771,B39,titulo,AGOSTINI,A668,Takaki,2015,,,,"Heavy-Ion Double-Charge Exchange Study via a 12C(18O,18Ne)12Be Reaction","Takaki, M, et al. (2015), “Heavy-Ion Double-Charge Exchange Study via a 12C(18O,18Ne)12Be Reaction,” Proceedings, 2nd Conference on Advances in Radioactive Isotope Science (ARIS2014): Tokyo, Japan, June 1-6, 2014, JPS Conf. Proc. 6, 020038."
U0772,B39,titulo,AGOSTINI,A672,Terasaki,2015,,,,Many-body correlations of quasiparticle random-phase approximation in nuclear matrix elements of neutrinoless double-β decay,"Terasaki, J (2015), “Many-body correlations of quasiparticle random-phase approximation in nuclear matrix elements of neutrinoless double-β decay,” Phys. Rev. C 91, 034318."
U0773,B39,titulo,AGOSTINI,A685,Uesaka,2015,,,,,"Uesaka, T, et al. (2015), RIKEN RIBF NP-PAC , NP1512- RIBF141."
U0774,B39,titulo,AGOSTINI,A690,Vietze,2015,,,,Nuclear structure aspects of spinindependent WIMP scattering off xenon,"Vietze, L, P. Klos, J. Menéndez, W. C. Haxton, and A. Schwenk (2015), “Nuclear structure aspects of spinindependent WIMP scattering off xenon,” Phys. Rev. 91, 043520."
U0775,B39,titulo,AGOSTINI,A706,Walz,2015,,,,Observation of the competitive double-gamma nuclear decay,"Walz, C, et al. (2015), “Observation of the competitive double-gamma nuclear decay,” Nature 526, 406."
U0776,B39,titulo,AGOSTINI,A733,Yao,2015,,,,Systematic study of nuclear matrix elements in neutrinoless double-β decay with a beyond-mean-field covariant density functional theory,"Yao, J M, L. S. Song, K. Hagino, P. Ring, and J. Meng (2015), “Systematic study of nuclear matrix elements in neutrinoless double-β decay with a beyond-mean-field covariant density functional theory,” Phys. Rev. C 91, 024316."
U0777,B39,titulo,AGOSTINI,A053;A054,Alanssari,2016,,,,"Single and Double Beta-Decay Q Values among the Triplet Zr96 , Nb96 , and Mo96","Alanssari, M, et al. (2016a), “Single and Double Beta-Decay Q Values among the Triplet Zr96 , Nb96 , and Mo96,” Phys. Rev. Lett. 116 (7), 072501."
U0778,B39,titulo,AGOSTINI,A143,Baroni,2016,,,,Nuclear Axial Currents in Chiral Effective Field Theory,"Baroni, A, L. Girlanda, S. Pastore, R. Schiavilla, and M. Viviani (2016), “Nuclear Axial Currents in Chiral Effective Field Theory,” Phys. Rev. C 93 (1), 015501, [Erratum: Phys. Rev.C95,no.5,059901(2017)]."
U0779,B39,titulo,AGOSTINI,A291,Egido,2016,,,,State-of-the-art of beyond mean field theories with nuclear density functionals,"Egido, J L (2016), “State-of-the-art of beyond mean field theories with nuclear density functionals,” Phys. Scripta 91, 073003."
U0780,B39,titulo,AGOSTINI,A310,Entwisle,2016,,,,Change of nuclear configurations in the neutrinoless double-beta decay of 130Te 130Xe and 136Xe 136Ba,"Entwisle, J P, et al. (2016), “Change of nuclear configurations in the neutrinoless double-beta decay of 130Te 130Xe and 136Xe 136Ba,” Phys. Rev. C 93, 064312."
U0781,B40,titulo,AGOSTINI,A345,Fukuda,2016,,,,ZICOS - New project for neutrinoless double beta decay experiment using zirconium complex in liquid scintillator,"Fukuda, Y (2016), “ZICOS - New project for neutrinoless double beta decay experiment using zirconium complex in liquid scintillator,” J. Phys. Conf. Ser. 718 (6), 062019."
U0782,B40,titulo,AGOSTINI,A396,Haaranen,2016,,,,Forbidden nonunique β decays and effective values of weak coupling constants,"Haaranen, M, P. C. Srivastava, and J. Suhonen (2016), “Forbidden nonunique β decays and effective values of weak coupling constants,” Phys. Rev. C 93, 034308."
U0783,B40,titulo,AGOSTINI,A397,Hagen,2016,,,,Structure of 78 Ni from first principles computations,"Hagen, G, G. R. Jansen, and T. Papenbrock (2016), “Structure of 78 Ni from first principles computations,” Phys. Rev. Lett. 117, 172501."
U0784,B40,titulo,AGOSTINI,A431,Horoi,2016,,,,Analysis of mechanisms that could contribute to neutrinoless double-beta decay,"Horoi, M, and A. Neacsu (2016a), “Analysis of mechanisms that could contribute to neutrinoless double-beta decay,” Phys. Rev. D 93, 113014."
U0785,B40,titulo,AGOSTINI,A432,Horoi,2016,,,,Shell model predictions for 124 Sn double-β decay,"Horoi, M, and A. Neacsu (2016b), “Shell model predictions for 124 Sn double-β decay,” Phys. Rev. C 93, 024308."
U0786,B40,titulo,AGOSTINI,A443,Iwata,2016,,,,Large-scale shell-model analysis of the neutrinoless ββ decay of 48 Ca,"Iwata, Y, N. Shimizu, T. Otsuka, Y. Utsuno, J. Menéndez, M. Honma, and T. Abe (2016), “Large-scale shell-model analysis of the neutrinoless ββ decay of 48 Ca,” Phys. Rev. Lett. 116 (11), 112502."
U0787,B40,titulo,AGOSTINI,A457,Kajita,2016,,,,Nobel Lecture: Discovery of atmospheric neutrino oscillations,"Kajita, Takaaki (2016), “Nobel Lecture: Discovery of atmospheric neutrino oscillations,” Rev. Mod. Phys. 88 (3), 030501."
U0788,B40,titulo,AGOSTINI,A477,Kotila,2016,,,,Occupation probabilities of single particle levels using the microscopic interacting boson model: Application to some nuclei of interest in neutrinoless double-β decay,"Kotila, J, and J. Barea (2016), “Occupation probabilities of single particle levels using the microscopic interacting boson model: Application to some nuclei of interest in neutrinoless double-β decay,” Phys. Rev. C 94, 034320."
U0789,B40,titulo,AGOSTINI,A527,McDonald,2016,,,,Nobel Lecture: The Sudbury Neutrino Observatory: Observation of flavor change for solar neutrinos,"McDonald, Arthur B (2016), “Nobel Lecture: The Sudbury Neutrino Observatory: Observation of flavor change for solar neutrinos,” Rev. Mod. Phys. 88 (3), 030502."
U0790,B40,titulo,AGOSTINI,A530,Meija,2016,,,,Isotopic compositions of the elements 2013 (iupac technical report),"Meija, Juris, Tyler B. Coplen, Michael Berglund, Willi A. Brand, Paul De Bièvre, Manfred Gröning, Norman E. Holden, Johanna Irrgeher, Robert D. Loss, Thomas Walczyk, and Thomas Prohaska (2016), “Isotopic compositions of the elements 2013 (iupac technical report),” Pure and Applied Chemistry 88 (3), 293-306."
U0791,B40,titulo,AGOSTINI,A572,Otsuka,2016,,,,The role of shell evolution in shape coexistence,"Otsuka, T, and Y. Tsunoda (2016), “The role of shell evolution in shape coexistence,” J. Phys. G 43, 024009."
U0792,B40,titulo,AGOSTINI,A631,Sagawa,2016,,,,Sum rule study for Double Gamow-Teller states,"Sagawa, H, and T. Uesaka (2016), “Sum rule study for Double Gamow-Teller states,” Phys. Rev. C 94, 064325."
U0793,B40,titulo,AGOSTINI,A640,Sen’kov,2016,,,,Shell-model calculation of neutrinoless double-β decay of 76 Ge,"Sen’kov, R A, and M. Horoi (2016), “Shell-model calculation of neutrinoless double-β decay of 76 Ge,” Phys. Rev. C 93 (4), 044334."
U0794,B40,titulo,AGOSTINI,A666,Szwec,2016,,,,Rearrangement of valence neutrons in the neutrinoless double-β decay of 136 Xe,"Szwec, S V, et al. (2016), “Rearrangement of valence neutrons in the neutrinoless double-β decay of 136 Xe,” Phys. Rev. C 94, 054314."
U0795,B40,titulo,AGOSTINI,A043,Ahmed,2017,,,,Interference between light and heavy neutrinos for 0νββ decay in the left-right symmetric model,"Ahmed, F, A. Neacsu, and M. Horoi (2017), “Interference between light and heavy neutrinos for 0νββ decay in the left-right symmetric model,” Phys. Lett. B 769, 299-304."
U0796,B40,titulo,AGOSTINI,A128,Bandac,2017,,,,Ultra-low background and environmental measurements at Laboratorio Subterráneo de Canfranc (LSC),"Bandac, I, S. Borjabad, A. Ianni, R. Nuñez Lagos, C. Pérez, S. Rodrı́guez, and J. A. Villar (2017), “Ultra-low background and environmental measurements at Laboratorio Subterráneo de Canfranc (LSC),” Appl. Radiat. Isot. 126, 127-129."
U0797,B40,titulo,AGOSTINI,A201,Calvez,2017,,,,,"Calvez, S (2017), Development of reconstruction tools and sensitivity of the SuperNEMO demonstrator, Ph.D. thesis (Université Paris Saclay)."
U0798,B40,titulo,AGOSTINI,A224,Cirigliano,2017,,,,Neutrinoless double beta decay in chiral effective field theory: lepton number violation at dimension seven,"Cirigliano, V, W. Dekens, J. de Vries, M. L. Graesser, and E. Mereghetti (2017), “Neutrinoless double beta decay in chiral effective field theory: lepton number violation at dimension seven,” JHEP 12, 082."
U0799,B40,titulo,AGOSTINI,A306,Engel,2017,,,,Status and future of nuclear matrix elements for neutrinoless double-beta decay: a review,"Engel, J, and J. Menéndez (2017), “Status and future of nuclear matrix elements for neutrinoless double-beta decay: a review,” Rep. Prog. Phys. 80, 046301."
U0800,B40,titulo,AGOSTINI,A338,Freeman,2017,,,,Experimental study of the rearrangements of valence protons and neutrons amongst single-particle orbits during double-β decay in 100Mo,"Freeman, S J, et al. (2017), “Experimental study of the rearrangements of valence protons and neutrons amongst single-particle orbits during double-β decay in 100Mo,” Phys. Rev. C 96, 054325."
U0801,B41,titulo,AGOSTINI,A381,Graesser,2017,,,,An electroweak basis for neutrinoless double β decay,"Graesser, M L (2017), “An electroweak basis for neutrinoless double β decay,” JHEP 08, 099."
U0802,B41,titulo,AGOSTINI,A395,Haaranen,2017,,,,Spectrumshape method and the next-to-leading-order terms of the β-decay shape factor,"Haaranen, M, J. Kotila, and J. Suhonen (2017), “Spectrumshape method and the next-to-leading-order terms of the β-decay shape factor,” Phys. Rev. C 95, 024327."
U0803,B41,titulo,AGOSTINI,A447,Jiao,2017,,,,Neutrinoless double-beta decay matrix elements in large shell-model spaces with the generator-coordinate method,"Jiao, C F, J. Engel, and J. D. Holt (2017), “Neutrinoless double-beta decay matrix elements in large shell-model spaces with the generator-coordinate method,” Phys. Rev. C 96, 054310."
U0804,B41,titulo,AGOSTINI,A471,van Kolck,1994,,,,Few nucleon forces from chiral Lagrangians,"van Kolck, U (1994), “Few nucleon forces from chiral Lagrangians,” Phys. Rev. C 49, 2932-2941."
U0805,B41,titulo,AGOSTINI,A474,Kostensalo,2017,,,,Electron spectra in forbidden β decays and the quenching of the weak axial-vector coupling constant gA,"Kostensalo, J, M. Haaranen, and J. Suhonen (2017), “Electron spectra in forbidden β decays and the quenching of the weak axial-vector coupling constant gA,” Phys. Rev. C 95, 044313."
U0806,B41,titulo,AGOSTINI,A475,Kostensalo,2017,,,,gA -driven shapes of electron spectra of forbidden β decays in the nuclear shell model,"Kostensalo, J, and J. Suhonen (2017), “gA -driven shapes of electron spectra of forbidden β decays in the nuclear shell model,” Phys. Rev. C 96, 024317."
U0807,B41,titulo,AGOSTINI,A481,Krebs,2017,,,,Nuclear axial current operators to fourth order in chiral effective field theory,"Krebs, H, E. Epelbaum, and U. G. Meißner (2017), “Nuclear axial current operators to fourth order in chiral effective field theory,” Annals Phys. 378, 317-395."
U0808,B41,titulo,AGOSTINI,A490,Laubenstein,2017,,,,Screening of materials with high purity germanium detectors at the laboratori nazionali del gran sasso,"Laubenstein, M (2017), “Screening of materials with high purity germanium detectors at the laboratori nazionali del gran sasso,” International Journal of Modern Physics A 32, 1743002."
U0809,B41,titulo,AGOSTINI,A561,Nisi,2017,,,,ICP- MS measurement of natural radioactivity at LNGS,"Nisi, S, L. Copia, I. Dafinei, and M. L. Di Vacri (2017), “ICP- MS measurement of natural radioactivity at LNGS,” Int. J. Mod. Phys. A 32 (30), 1743003."
U0810,B41,titulo,AGOSTINI,A596,Poves,2017,,,,Shell model spectroscopy far from stability,"Poves, A (2017), “Shell model spectroscopy far from stability,” J. Phys. G 44, 084002."
U0811,B41,titulo,AGOSTINI,A598,Povinec,2017,,,,Background constrains of the SuperNEMO experiment for neutrinoless double beta-decay searches,"Povinec, P P (SuperNEMO) (2017), “Background constrains of the SuperNEMO experiment for neutrinoless double beta-decay searches,” Nucl. Instrum. Meth. A 845, 398- 403."
U0812,B41,titulo,AGOSTINI,A644,Shimizu,2017,,,,Monte Carlo shell model studies with massively parallel supercomputers,"Shimizu, N, T. Abe, M. Honma, T. Otsuka, T. Togashi, Y. Tsunoda, Y. Utsuno, and T. Yoshida (2017), “Monte Carlo shell model studies with massively parallel supercomputers,” Phys. Scripta 92, 063001."
U0813,B41,titulo,AGOSTINI,A647,Shirai,2017,,,,Results and future plans for the KamLAND-Zen experiment,"Shirai, J (KamLAND-Zen) (2017), “Results and future plans for the KamLAND-Zen experiment,” J. Phys. Conf. Ser. 888 (1), 012031."
U0814,B41,titulo,AGOSTINI,A653,Song,2017,,,,Nuclear matrix element of neutrinoless double-β decay: Relativity and short-range correlations,"Song, L S, J. M. Yao, P. Ring, and J. Meng (2017), “Nuclear matrix element of neutrinoless double-β decay: Relativity and short-range correlations,” Phys. Rev. C 95, 024305."
U0815,B41,titulo,AGOSTINI,A657,Stroberg,2017,,,,A nucleus-dependent valence-space approach to nuclear structure,"Stroberg, S R, A. Calci, H. Hergert, J. D. Holt, S. K. Bogner, R. Roth, and A. Schwenk (2017), “A nucleus-dependent valence-space approach to nuclear structure,” Phys. Rev. Lett. 118, 032502."
U0816,B41,titulo,AGOSTINI,A663,Suhonen,2017,,,,Value of the Axial-Vector Coupling Strength in β and ββ Decays: A Review,"Suhonen, J T (2017), “Value of the Axial-Vector Coupling Strength in β and ββ Decays: A Review,” Front.in Phys. 5, 55."
U0817,B41,titulo,AGOSTINI,A723,Wojcik,2017,,,,Review of highsensitivity Radon studies,"Wojcik, M, G. Zuzel, and H. Simgen (2017), “Review of highsensitivity Radon studies,” Int. J. Mod. Phys. A 32 (30), 1743004."
U0818,B41,titulo,AGOSTINI,A034,Agostini,2018,,,,Comprehensive measurement of pp-chain solar neutrinos,"Agostini, M, et al. (BOREXINO) (2018a), “Comprehensive measurement of pp-chain solar neutrinos,” Nature 562 (7728), 505-510."
U0819,B41,titulo,AGOSTINI,A106,Auerbach,2018,,,,Nuclear structure studies of double-charge-exchange Gamow-Teller strength,"Auerbach, N, and Bui Minh Loc (2018), “Nuclear structure studies of double-charge-exchange Gamow-Teller strength,” Phys. Rev. C 98, 064301."
U0820,B41,titulo,AGOSTINI,A203,Cappuzzello,2018,,,,The NUMEN project: NUclear Matrix Elements for Neutrinoless double beta decay,"Cappuzzello, F, et al. (2018), “The NUMEN project: NUclear Matrix Elements for Neutrinoless double beta decay,” Eur. Phys. J. A 54, 72."
U0821,B42,titulo,AGOSTINI,A222,Cirigliano,2018,,,,New Leading Contribution to Neutrinoless Double-β Decay,"Cirigliano, V, W. Dekens, J. De Vries, M. L. Graesser, E. Mereghetti, Saori Pastore, and Ubirajara Van Kolck (2018a), “New Leading Contribution to Neutrinoless Double-β Decay,” Phys. Rev. Lett. 120, 202001."
U0822,B42,titulo,AGOSTINI,A223,Cirigliano,2018,,,,Neutrinoless double-β decay in effective field theory: The light-Majorana neutrino-exchange mechanism,"Cirigliano, V, W. Dekens, E. Mereghetti, and A. Walker-Loud (2018b), “Neutrinoless double-β decay in effective field theory: The light-Majorana neutrino-exchange mechanism,” Phys. Rev. C 97, 065501."
U0823,B42,titulo,AGOSTINI,A225,Cirigliano,2018,,,,A neutrinoless double beta decay master formula from effective field theory,"Cirigliano, V, W. Dekens, J. de Vries, M. L. Graesser, and E. Mereghetti (2018c), “A neutrinoless double beta decay master formula from effective field theory,” JHEP 12, 097."
U0824,B42,doi,AGOSTINI,A229,Clemenza,2018,,10.1007/s10967-,,Low background neutron activation: a high sensitivity technique for long-lived radionuclides determination in rare events physics experiments,"Clemenza, M (2018), “Low background neutron activation: a high sensitivity technique for long-lived radionuclides determination in rare events physics experiments,” Journal of Radioanalytical and Nuclear Chemistry 10.1007/s10967- 018-6333-z."
U0825,B42,titulo,AGOSTINI,A244,Cruz-Torres,2018,,,,Short range correlations and the isospin dependence of nuclear correlation functions,"Cruz-Torres, R, A. Schmidt, G. A. Miller, L. B. Weinstein, N. Barnea, R. Weiss, E. Piasetzky, and O. Hen (2018), “Short range correlations and the isospin dependence of nuclear correlation functions,” Phys. Lett. B 785, 304-308."
U0826,B42,titulo,AGOSTINI,A263,Dell’Oro,2018,,,,Search for creation of electrons in lab,"Dell’Oro, S, S. Marcocci, and F. Vissani (2018a), “Search for creation of electrons in lab,” in Search for creation of electrons in lab, Vol. 1056, p. 012059."
U0827,B42,titulo,AGOSTINI,A267,Deppisch,2018,,,,Neutrinoless Double Beta Decay and the Baryon Asymmetry of the Universe,"Deppisch, F F, L. Graf, J. Harz, and W.-C. Huang (2018), “Neutrinoless Double Beta Decay and the Baryon Asymmetry of the Universe,” Phys. Rev. D 98, 055029."
U0828,B42,titulo,AGOSTINI,A316,Fang,2018,,,,"0νββ-decay nuclear matrix element for light and heavy neutrino mass mechanisms from deformed quasiparticle random-phase approximation calculations for 76 Ge, 82 Se, 130 Te, 136 Xe , and Nd with isospin restoration","Fang, D-L, A. Faessler, and F. Šimkovic (2018), “0νββ-decay nuclear matrix element for light and heavy neutrino mass mechanisms from deformed quasiparticle random-phase approximation calculations for 76 Ge, 82 Se, 130 Te, 136 Xe , and Nd with isospin restoration,” Phys. Rev. C 97, 045503."
U0829,B42,titulo,AGOSTINI,A339,Freer,2018,,,,Microscopic Clustering in Light Nuclei,"Freer, M, H. Horiuchi, Y. Kanada-En’yo, D. Lee, and U.-G. Meißner (2018), “Microscopic Clustering in Light Nuclei,” Rev. Mod. Phys. 90, 035004."
U0830,B42,titulo,AGOSTINI,A340,Frekers,2018,,,,Charge-exchange reactions and the quest for resolution,"Frekers, D, and M. Alanssari (2018), “Charge-exchange reactions and the quest for resolution,” Eur. Phys. J. A 54, 177."
U0831,B42,titulo,AGOSTINI,A372,Gonokami,2018,,,,Statement from the president of the university of tokyo concerning the start of hyperkamiokande,"Gonokami, M (2018), “Statement from the president of the university of tokyo concerning the start of hyperkamiokande,” https://www.hyperk.org/?p=365, accessed 2021 December."
U0832,B42,titulo,AGOSTINI,A433,Horoi,2018,,,,Shell model study of using an effective field theory for disentangling several contributions to neutrinoless double-β decay,"Horoi, M, and A. Neacsu (2018), “Shell model study of using an effective field theory for disentangling several contributions to neutrinoless double-β decay,” Phys. Rev. C 98, 035502."
U0833,B42,titulo,AGOSTINI,A448,Jiao,2018,,,,"Neutrinoless double-β decay of 124Sn, 130Te, and 136Xe in the Hamiltonian-based generator-coordinate method","Jiao, C F, M. Horoi, and A. Neacsu (2018), “Neutrinoless double-β decay of 124Sn, 130Te, and 136Xe in the Hamiltonian-based generator-coordinate method,” Phys. Rev. C 98, 064324."
U0834,B42,titulo,AGOSTINI,A462,Kishimoto,2018,,,,CANDLES for the study of 48 Ca double beta decay and its future prospect,"Kishimoto, T (CANDLES) (2018), “CANDLES for the study of 48 Ca double beta decay and its future prospect,” DBD18 workshop, Waikoloa HI, US."
U0835,B42,titulo,AGOSTINI,A510,Lonardoni,2018,,,,Properties of nuclei up to A = 16 using local chiral interactions,"Lonardoni, D, J. Carlson, S. Gandolfi, J. E. Lynn, K. E. Schmidt, A. Schwenk, and X. Wang (2018), “Properties of nuclei up to A = 16 using local chiral interactions,” Phys. Rev. Lett. 120, 122502."
U0836,B42,titulo,GONZALEZ-GARCIA,G067,M. Agostini et al. (BOREXINO),2018,,,,,"M. Agostini et al. (BOREXINO), Nature 562, 7728, 505 (2018)."
U0837,B42,titulo,AGOSTINI,A547,Morris,2018,,,,Structure of the lightest tin isotopes,"Morris, T D, J. Simonis, S. R. Stroberg, C. Stumpf, G. Hagen, J. D. Holt, G. R. Jansen, T. Papenbrock, R. Roth, and A. Schwenk (2018), “Structure of the lightest tin isotopes,” Phys. Rev. Lett. 120, 152503."
U0838,B42,titulo,AGOSTINI,A580,Pastore,2018,,,,Quantum Monte Carlo calculations of weak transitions in A = 6-10 nuclei,"Pastore, S, A. Baroni, J. Carlson, S. Gandolfi, S. C. Pieper, R. Schiavilla, and R. B. Wiringa (2018a), “Quantum Monte Carlo calculations of weak transitions in A = 6-10 nuclei,” Phys. Rev. C 97 (2), 022501."
U0839,B42,titulo,AGOSTINI,A581,Pastore,2018,,,,Neutrinoless double-β decay matrix elements in light nuclei,"Pastore, S, J. Carlson, V. Cirigliano, W. Dekens, E. Mereghetti, and R. B. Wiringa (2018b), “Neutrinoless double-β decay matrix elements in light nuclei,” Phys. Rev. C 97, 014606."
U0840,B42,titulo,AGOSTINI,A634,Santopinto,2018,,,,Heavy-ion double-charge-exchange and its relation to neutrinoless double-β decay,"Santopinto, E, H. Garcı́a-Tecocoatzi, R. I. Magaña Vsevolodovna, and J. Ferretti (2018), “Heavy-ion double-charge-exchange and its relation to neutrinoless double-β decay,” Phys. Rev. C 98, 061601."
U0841,B43,titulo,AGOSTINI,A645,Shimizu,2018,,,,Double Gamow-Teller Transitions and its Relation to Neutrinoless ββ Decay,"Shimizu, N, J. Menéndez, and Kentaro Yako (2018), “Double Gamow-Teller Transitions and its Relation to Neutrinoless ββ Decay,” Phys. Rev. Lett. 120, 142502."
U0842,B43,titulo,AGOSTINI,A708,Wang,2018,,,,Quenching of nuclear matrix elements for 0νββ decay by chiral two-body currents,"Wang, L-J, J. Engel, and J. M. Yao (2018), “Quenching of nuclear matrix elements for 0νββ decay by chiral two-body currents,” Phys. Rev. C 98 (3), 031301."
U0843,B43,titulo,AGOSTINI,A730,Yao,2018,,,,Generator-coordinate reference states for spectra and 0νββ decay in the in-medium similarity renormalization group,"Yao, J M, J. Engel, L. J. Wang, C. F. Jiao, and H. Hergert (2018), “Generator-coordinate reference states for spectra and 0νββ decay in the in-medium similarity renormalization group,” Phys. Rev. C 98, 054311."
U0844,B43,titulo,AGOSTINI,A735,Yoshida,2018,,,,Uncertainty quantification in the nuclear shell model,"Yoshida, S, N. Shimizu, T. Togashi, and T. Otsuka (2018a), “Uncertainty quantification in the nuclear shell model,” Phys. Rev. C 98, 061301."
U0845,B43,titulo,AGOSTINI,A736,Yoshida,2018,,,,Systematic shell-model study of β-decay properties and Gamow-Teller strength distributions in A∼40 neutron-rich nuclei,"Yoshida, S, Y. Utsuno, N. Shimizu, and T. Otsuka (2018b), “Systematic shell-model study of β-decay properties and Gamow-Teller strength distributions in A∼40 neutron-rich nuclei,” Phys. Rev. C 97, 054321."
U0846,B43,titulo,AGOSTINI,A737,Yoshinaga,2018,,,,Structure of nuclei with masses 76 and 82 and nuclear matrix elements of neutrinoless double beta decay,"Yoshinaga, N, K. Yanase, K. Higashiyama, E. Teruya, and D. Taguchi (2018), “Structure of nuclei with masses 76 and 82 and nuclear matrix elements of neutrinoless double beta decay,” Prog. Theor. Exp. Phys. 2018, 023D02."
U0847,B43,titulo,AGOSTINI,A079,Aprile,2019,,,,Observation of two-neutrino double electron capture in 124 Xe with XENON1T,"Aprile, E, et al. (XENON) (2019), “Observation of two-neutrino double electron capture in 124 Xe with XENON1T,” Nature 568, 532-535."
U0848,B43,titulo,AGOSTINI,A099,Arnold,2019,,,,Detailed studies of Mo two-neutrino double beta decay in NEMO-3,"Arnold, R, et al. (NEMO-3) (2019), “Detailed studies of Mo two-neutrino double beta decay in NEMO-3,” Eur. Phys. J. C 79, 440."
U0849,B43,titulo,AGOSTINI,A114,Ayangeakaa,2019,,,,Evidence for Rigid Triaxial Deformation in 76 Ge from a Model-Independent Analysis,"Ayangeakaa, A D, et al. (2019), “Evidence for Rigid Triaxial Deformation in 76 Ge from a Model-Independent Analysis,” Phys. Rev. Lett. 123, 102501, 1909.03270."
U0850,B43,titulo,AGOSTINI,A188,Brofferio,2019,,,,Neutrinoless Double Beta Decay Experiments With TeO2 Low-Temperature Detectors,"Brofferio, Chiara, Oliviero Cremonesi, and Stefano Dell’Oro (2019), “Neutrinoless Double Beta Decay Experiments With TeO2 Low-Temperature Detectors,” Front. in Phys. 7, 86."
U0851,B43,titulo,AGOSTINI,A221,Cirigliano,2019,,,,A renormalized approach to neutrinoless double-beta decay,"Cirigliano, V, W. Dekens, J. De Vries, M. L. Graesser, E. Mereghetti, S. Pastore, M. Piarulli, U. Van Kolck, and R. B. Wiringa (2019), “A renormalized approach to neutrinoless double-beta decay,” Phys. Rev. C 100, 055504."
U0852,B43,titulo,AGOSTINI,A235,Coraggio,2019,,,,Renormalization of the Gamow- Teller operator within the realistic shell model,"Coraggio, L, L. De Angelis, T. Fukui, A. Gargano, N. Itaco, and F. Nowacki (2019), “Renormalization of the Gamow- Teller operator within the realistic shell model,” Phys. Rev. C 100, 014316."
U0853,B43,titulo,AGOSTINI,A295,Ejiri,2019,,,,"Neutrino-nuclear responses for astro-neutrinos, single beta decays and double beta decays","Ejiri, H, J. Suhonen, and K. Zuber (2019), “Neutrino-nuclear responses for astro-neutrinos, single beta decays and double beta decays,” Phys. Rept. 797, 1-102."
U0854,B43,titulo,AGOSTINI,A354,Gando,2019,,,,Precision measurement of the 136 Xe two-neutrino ββ spectrum in KamLAND-Zen and its impact on the quenching of nuclear matrix elements,"Gando, A, et al. (KamLAND-Zen) (2019), “Precision measurement of the 136 Xe two-neutrino ββ spectrum in KamLAND-Zen and its impact on the quenching of nuclear matrix elements,” Phys. Rev. Lett. 122, 192501."
U0855,B43,titulo,AGOSTINI,A393,Gysbers,2019,,,,Discrepancy between experimental and theoretical β-decay rates resolved from first principles,"Gysbers, P, et al. (2019), “Discrepancy between experimental and theoretical β-decay rates resolved from first principles,” Nature Phys. 15, 428-431."
U0856,B43,titulo,AGOSTINI,A416,Henderson,2019,,,,Triaxiality in selenium-76,"Henderson, J, et al. (2019), “Triaxiality in selenium-76,” Phys. Rev. C 99, 054313."
U0857,B43,titulo,AGOSTINI,A425,Hoferichter,2019,,,,Nuclear structure factors for general spinindependent WIMP-nucleus scattering,"Hoferichter, M, Philipp Klos, J. Menéndez, and A. Schwenk (2019), “Nuclear structure factors for general spinindependent WIMP-nucleus scattering,” Phys. Rev. D 99, 055031."
U0858,B43,titulo,AGOSTINI,A437,Ichikawa,2019,,,,Interplay between nuclear shell evolution and shape deformation revealed by the magnetic moment of 75 Cu,"Ichikawa, Y, et al. (2019), “Interplay between nuclear shell evolution and shape deformation revealed by the magnetic moment of 75 Cu,” Nature Phys. 15, 321-325."
U0859,B43,titulo,AGOSTINI,A446,Jiao,2019,,,,"The marriage of rotational and vibrational modes in generator-coordinate-type calculations, with application to neutrinoless double-beta decay","Jiao, C, and C. W. Johnson (2019), “The marriage of rotational and vibrational modes in generator-coordinate-type calculations, with application to neutrinoless double-beta decay,” Phys. Rev. C 100, 031303."
U0860,B43,titulo,AGOSTINI,A451,Jokiniemi,2019,,,,Muon-capture strength functions in intermediate nuclei of 0νββ decays,"Jokiniemi, L, and J. Suhonen (2019), “Muon-capture strength functions in intermediate nuclei of 0νββ decays,” Phys. Rev. C 100, 014619."
U0861,B44,titulo,AGOSTINI,A452,Jokiniemi,2019,,,,Pinning down the strength function for ordinary muon capture on 100 Mo,"Jokiniemi, L, J. Suhonen, H. Ejiri, and I. H. Hashim (2019), “Pinning down the strength function for ordinary muon capture on 100 Mo,” Phys. Lett. B 794, 143-147."
U0862,B44,titulo,AGOSTINI,A498,Lenske,2019,,,,Heavy ion charge exchange reactions as probes for nuclear β-decay,"Lenske, H, F. Cappuzzello, M. Cavallaro, and M. Colonna (2019), “Heavy ion charge exchange reactions as probes for nuclear β-decay,” Prog. Part. Nucl. Phys. 109, 103716."
U0863,B44,titulo,AGOSTINI,A556,Neufcourt,2019,,,,Neutron drip line in the Ca region from Bayesian model averaging,"Neufcourt, L, Y. Cao, W. Nazarewicz, E. Olsen, and F. Viens (2019), “Neutron drip line in the Ca region from Bayesian model averaging,” Phys. Rev. Lett. 122, 062502."
U0864,B44,titulo,AGOSTINI,A617,Robledo,2019,,,,Mean field and beyond description of nuclear structure with the Gogny force: A review,"Robledo, L M, T. R. Rodrı́guez, and R. R. Rodrı́guez- Guzmán (2019), “Mean field and beyond description of nuclear structure with the Gogny force: A review,” J. Phys. G 46, 013001."
U0865,B44,titulo,AGOSTINI,A643,Sharp,2019,,,,Pairing properties of the double-β emitter 116 Cd,"Sharp, D K, S. J. Freeman, B. D. Cropper, P. J. Davies, T. Faestermann, T. M. Hatfield, R. Hertenberger, S. J. F. Hughes, P. T. Macgregor, and H. F Wirth (2019), “Pairing properties of the double-β emitter 116 Cd,” Phys. Rev. C 100, 024329, 1910.12093."
U0866,B44,titulo,AGOSTINI,A656,Stroberg,2019,,,,Non-Empirical Interactions for the Nuclear Shell Model: An Update,"Stroberg, S R, S. K. Bogner, H. Hergert, and J. D. Holt (2019), “Non-Empirical Interactions for the Nuclear Shell Model: An Update,” Ann. Rev. Nucl. Part. Sci. 69, 307- 362."
U0867,B44,titulo,AGOSTINI,A670,Taniuchi,2019,,,,78Ni revealed as a doubly magic stronghold against nuclear deformation,"Taniuchi, R, et al. (2019), “78Ni revealed as a doubly magic stronghold against nuclear deformation,” Nature 568, 53."
U0868,B44,titulo,AGOSTINI,A674,Terasaki,2019,,10.1016/j.apradiso.2004.03.039,,Effective axial-vector current coupling and isoscalar pairing interaction for quasiparticle random-phase approximation approach to double- β and β decays,"Terasaki, J, and Y. Iwata (2019), “Effective axial-vector current coupling and isoscalar pairing interaction for quasiparticle random-phase approximation approach to double- β and β decays,” Phys. Rev. C 100, 034325."
U0869,B44,titulo,AGOSTINI,A710,Wang,2019,,,,Comparison between Variational Monte Carlo and Shell Model Calculations of Neutrinoless Double Beta Decay Matrix Elements in Light Nuclei,"Wang, X B, A. C. Hayes, J. Carlson, G. X. Dong, E. Mereghetti, S. Pastore, and R. B. Wiringa (2019), “Comparison between Variational Monte Carlo and Shell Model Calculations of Neutrinoless Double Beta Decay Matrix Elements in Light Nuclei,” Phys. Lett. B 798, 134974."
U0870,B44,titulo,AGOSTINI,A042,Ahmed,2020,,,,Interference Effects for 0νββ Decay in the Left-Right Symmetric Model,"Ahmed, F, and M. Horoi (2020), “Interference Effects for 0νββ Decay in the Left-Right Symmetric Model,” Phys. Rev. C 101, 035504."
U0871,B44,titulo,AGOSTINI,A130,Barabash,2020,,,,Precise Half-Life Values for Two- Neutrino Double-β Decay: 2020 Review,"Barabash, A (2020), “Precise Half-Life Values for Two- Neutrino Double-β Decay: 2020 Review,” Universe 6, 159, 2009.14451."
U0872,B44,titulo,AGOSTINI,A153,Belli,2020,,,,Double Beta Decay to Excited States of Daughter Nuclei,"Belli, P, R. Bernabei, F. Cappella, V. Caracciolo, R. Cerulli, A. Incicchitti, and V. Merlo (2020), “Double Beta Decay to Excited States of Daughter Nuclei,” Universe 6 (12), 239."
U0873,B44,titulo,AGOSTINI,A171,Bodenstein-Dresler,2020,,,,Quenching of gA deduced from the β-spectrum shape of 113 Cd measured with the COBRA experiment,"Bodenstein-Dresler, L, et al. (COBRA) (2020), “Quenching of gA deduced from the β-spectrum shape of 113 Cd measured with the COBRA experiment,” Phys. Lett. B 800, 135092."
U0874,B44,titulo,AGOSTINI,A236,Coraggio,2020,,,,The calculation of the neutrinoless double-beta decay matrix element within the realistic shell model,"Coraggio, L, A. Gargano, N. Itaco, R. Mancino, and F. Nowacki (2020), “The calculation of the neutrinoless double-beta decay matrix element within the realistic shell model,” Phys. Rev. C 101, 044315, 2001.00890."
U0875,B44,titulo,AGOSTINI,A259,Dekens,2020,,,,Sterile neutrinos and neutrinoless double beta decay in effective field theory,"Dekens, Wouter, Jordy de Vries, Kaori Fuyuto, Emanuele Mereghetti, and Guanghui Zhou (2020), “Sterile neutrinos and neutrinoless double beta decay in effective field theory,” JHEP 06, 097."
U0876,B44,titulo,AGOSTINI,A346,Fukuda,2020,,,,ZICOS - Neutrinoless Double Beta Decay experiment using Zr-96 with an organic liquid scintillator -,"Fukuda, Y, S. Moriyama, K. Hiraide, I. Ogawa, T. Gunji, R. Hayami, S. Tsukadaw, and S. Kurosawa (2020), “ZICOS - Neutrinoless Double Beta Decay experiment using Zr-96 with an organic liquid scintillator -,” J. Phys. Conf. Ser. 1468 (1), 012139."
U0877,B44,titulo,AGOSTINI,A355,Gando,2020,,,,First results of KamLAND-Zen 800,"Gando, Y (KamLAND-Zen) (2020), “First results of KamLAND-Zen 800,” J. Phys. Conf. Ser. 1468 (1), 012142."
U0878,B44,titulo,AGOSTINI,A387,Grant,2020,,,,Results from kamland-zen and sno+,"Grant, C (2020), “Results from kamland-zen and sno+,” ."
U0879,B44,titulo,AGOSTINI,A420,Higashiyama,2020,,,,,"Higashiyama, K, K. Yanase, N. Yoshinaga, A. Umeya, and E. Uehara, A. Teruya (2020), J. Phys G."
U0880,B44,titulo,AGOSTINI,A426,Hoferichter,2020,,,,Coherent elastic neutrino-nucleus scattering: EFT analysis and nuclear responses,"Hoferichter, M, J. Menéndez, and A. Schwenk (2020), “Coherent elastic neutrino-nucleus scattering: EFT analysis and nuclear responses,” Phys. Rev. D 102, 074018, 2007.08529."
U0881,B45,titulo,AGOSTINI,A436,Ianni,2020,,,,Considerations on Underground Laboratories,"Ianni, Aldo (2020), “Considerations on Underground Laboratories,” J. Phys. Conf. Ser. 1342 (1), 012003."
U0882,B45,titulo,AGOSTINI,A476,Kostensalo,2020,,,,Consistent large-scale shell-model analysis of the two-neutrino ββ and single β branchings in 48 Ca and 96 Zr,"Kostensalo, J, and J. Suhonen (2020), “Consistent large-scale shell-model analysis of the two-neutrino ββ and single β branchings in 48 Ca and 96 Zr,” Phys. Lett. B 802, 135192."
U0883,B45,titulo,AGOSTINI,A482,Kumar,2020,,,,Second-forbidden nonunique β− decays of Na24 and Cl36 assessed by the nuclear shell model,"Kumar, A, P. C. Srivastava, J. Kostensalo, and J. Suhonen (2020), “Second-forbidden nonunique β− decays of Na24 and Cl36 assessed by the nuclear shell model,” Phys. Rev. C 101, 064304, 2007.08122."
U0884,B45,titulo,AGOSTINI,A548,Morrison,2020,,,,Quadrupole deformation of 130 Xe measured in a Coulomb-excitation experiment,"Morrison, L, et al. (2020), “Quadrupole deformation of 130 Xe measured in a Coulomb-excitation experiment,” Phys. Rev. C 102, 054304."
U0885,B45,titulo,AGOSTINI,A573,Otsuka,2020,,,,Evolution of shell structure in exotic nuclei,"Otsuka, Takaharu, Alexandra Gade, Olivier Sorlin, Toshio Suzuki, and Yutaka Utsuno (2020), “Evolution of shell structure in exotic nuclei,” Rev. Mod. Phys. 92, 015002."
U0886,B45,titulo,AGOSTINI,A589,Pisanti,2020,,,,Improved nuclear reaction network for a reliable estimate of primordial Deuterium yield,"Pisanti, O (2020), “Improved nuclear reaction network for a reliable estimate of primordial Deuterium yield,” J. Phys. Conf. Ser. 1468 (1), 012010."
U0887,B45,titulo,AGOSTINI,A615,Rivilla,2020,,,,Fluorescent bicolour sensor for lowbackground neutrinoless double β decay experiments,"Rivilla, I, et al. (2020), “Fluorescent bicolour sensor for lowbackground neutrinoless double β decay experiments,” Nature 583 (7814), 48-54."
U0888,B45,titulo,AGOSTINI,A635,Sarkar,2020,,,,Nuclear matrix elements for λ mechanism of 0νββ of 48 Ca in nuclear shellmodel: Closure versus nonclosure approach,"Sarkar, S, Y. Iwata, and P. K. Raina (2020), “Nuclear matrix elements for λ mechanism of 0νββ of 48 Ca in nuclear shellmodel: Closure versus nonclosure approach,” Phys. Rev. C 102, 034317, 2003.04002."
U0889,B45,titulo,AGOSTINI,A744,Zyla,2020,,,,Review of Particle Physics,"Zyla, P A, et al. (Particle Data Group) (2020), “Review of Particle Physics,” PTEP 2020 (8), 083C01, and 2021 update."
U0890,B45,titulo,AGOSTINI,A085,Arling,2021,,,,Commissioning of the COBRA extended demonstrator at the LNGS,"Arling, J H, et al. (2021), “Commissioning of the COBRA extended demonstrator at the LNGS,” Nucl. Instrum. Meth. A 1010, 165524."
U0891,B45,titulo,AGOSTINI,A146,Basak,2021,,,,Shape coexistence scenario in Sm150 from a γ-γ fast-timing measurement,"Basak, S, S. S. Alam, D. Kumar, A. Saha, and T. Bhattacharjee (2021), “Shape coexistence scenario in Sm150 from a γ-γ fast-timing measurement,” Phys. Rev. C 104, 024320."
U0892,B45,titulo,AGOSTINI,A226,Cirigliano,2021,,,,Determining the leading-order contact term in neutrinoless double β decay,"Cirigliano, V, W. Dekens, J. de Vries, M. Hoferichter, and E. Mereghetti (2021a), “Determining the leading-order contact term in neutrinoless double β decay,” JHEP 05, 289, 2102.03371."
U0893,B45,titulo,AGOSTINI,A227,Cirigliano,2021,,,,Toward Complete Leading-Order Predictions for Neutrinoless Double β Decay,"Cirigliano, V, W. Dekens, J. de Vries, M. Hoferichter, and E. Mereghetti (2021b), “Toward Complete Leading-Order Predictions for Neutrinoless Double β Decay,” Phys. Rev. Lett. 126, 172002, 2012.11602."
U0894,B45,titulo,AGOSTINI,A245,Cruz-Torres,2021,,,,Many-body factorization and position-momentum equivalence of nuclear short-range correlations,"Cruz-Torres, R, et al. (2021), “Many-body factorization and position-momentum equivalence of nuclear short-range correlations,” Nature Phys. 17, 306-310."
U0895,B45,titulo,AGOSTINI,A252,Davoudi,2021,,,,Path from Lattice QCD to the Short-Distance Contribution to 0νββ Decay with a Light Majorana Neutrino,"Davoudi, Z, and S. V. Kadam (2021), “Path from Lattice QCD to the Short-Distance Contribution to 0νββ Decay with a Light Majorana Neutrino,” Phys. Rev. Lett. 126, 152003, 2012.02083."
U0896,B45,titulo,AGOSTINI,A299,ENSDF,2021,,,,,"ENSDF, (2021), http://www.nndc.bnl.gov/ensdf."
U0897,B45,titulo,AGOSTINI,A450,Jokiniemi,2021,,,,Impact of the leading-order short-range nuclear matrix element on the neutrinoless double-beta decay of heavy nuclei,"Jokiniemi, L, P. Soriano, and J. Menéndez (2021b), “Impact of the leading-order short-range nuclear matrix element on the neutrinoless double-beta decay of heavy nuclei,” 2107.13354."
U0898,B45,titulo,AGOSTINI,A469,Kleemann,2021,,,,Majorana parameters of the interacting boson model of nuclear structure and their implication for 0νββ decay,"Kleemann, J, et al. (2021), “Majorana parameters of the interacting boson model of nuclear structure and their implication for 0νββ decay,” Phys. Rev. C 104 (6), L061302."
U0899,B45,titulo,AGOSTINI,A483,Kumar,2021,,,,"Secondforbidden nonunique β − decays of 59,60 Fe:possible candidates for gA sensitive electron spectral-shape measurements","Kumar, A, P. C. Srivastava, and J. Suhonen (2021), “Secondforbidden nonunique β − decays of 59,60 Fe:possible candidates for gA sensitive electron spectral-shape measurements,” Eur. Phys. J. A 57, 225, 2101.03046."
U0900,B45,titulo,AGOSTINI,A503,Li,2021,,,,Left-Right Symmetry and Leading Contributions to Neutrinoless Double Beta Decay,"Li, Gang, Michael Ramsey-Musolf, and Juan Carlos Vasquez (2021b), “Left-Right Symmetry and Leading Contributions to Neutrinoless Double Beta Decay,” Phys. Rev. Lett. 126, 151801."
U0901,B46,titulo,AGOSTINI,A563,Nones,2021,,,,Bingo,"Nones, C (2021), “Bingo,” Presentation at TAUP 2021."
U0902,B46,titulo,AGOSTINI,A608,Rebeiro,2021,,,,"Spectroscopy of states in 136 Ba using the 138 Ba(p, t) reaction","Rebeiro, B M, et al. (2021), “Spectroscopy of states in 136 Ba using the 138 Ba(p, t) reaction,” Phys. Rev. C 104, 034309."
U0903,B46,titulo,AGOSTINI,A613,Richardson,2021,,,,Large-Nc analysis of two-nucleon neutrinoless double-β decay and chargeindependence-breaking contact terms,"Richardson, Thomas R, Matthias R. Schindler, Saori Pastore, and Roxanne P. Springer (2021), “Large-Nc analysis of two-nucleon neutrinoless double-β decay and chargeindependence-breaking contact terms,” Phys. Rev. C 103, 055501."
U0904,B46,titulo,AGOSTINI,A646,Shimizu,2021,,,,Variational approach with the superposition of the symmetry-restored quasiparticle vacua for nuclear shell-model calculations,"Shimizu, N, Y. Tsunoda, Y. Utsuno, and T. Otsuka (2021), “Variational approach with the superposition of the symmetry-restored quasiparticle vacua for nuclear shell-model calculations,” Phys. Rev. C 103, 014312, 2011.03157."
U0905,B46,titulo,AGOSTINI,A716,Welliver,2021,,,,,"Welliver, B (2021), Talk at APS-DNP 2021 Conference."
U0906,B46,titulo,AGOSTINI,A681,XUNDL,2021,,,,,"XUNDL, (2021), http://www.nndc.bnl.gov/ensdf/ensdf/ xundl.jsp."
U0907,B46,titulo,AGOSTINI,A729,Yao,2021,,,,Abinitio benchmarks of neutrinoless double-β decay in light nuclei with a chiral Hamiltonian,"Yao, J M, A. Belley, R. Wirth, T. Miyagi, C. G. Payne, S. R. Stroberg, H. Hergert, and J. D. Holt (2021), “Abinitio benchmarks of neutrinoless double-β decay in light nuclei with a chiral Hamiltonian,” Phys. Rev. C 103, 014315, 2010.08609."
U0908,B46,titulo,AGOSTINI,A738,Yue,2021,,,,Cdex-300ν: neutrinoless double beta decay experiment based on 76 ge,"Yue, Qian (2021), “Cdex-300ν: neutrinoless double beta decay experiment based on 76 ge,” TAUP."
U0909,B46,titulo,AGOSTINI,A004,Aaltonen,2022,,,,High-precision measurement of the W boson mass with the CDF II detector,"Aaltonen, T, et al. (CDF) (2022), “High-precision measurement of the W boson mass with the CDF II detector,” Science 376 (6589), 170-176."
U0910,B46,titulo,AGOSTINI,A183,Bossio,2022,,,,A review of exotic physics searches with double-beta decay,"Bossio, E, and M. Agostini (2022), “A review of exotic physics searches with double-beta decay,” To appear in September 2022."
U0911,B46,titulo,AGOSTINI,A237,Coraggio,2022,,,,Shell-model calculation of Mo double-β decay,"Coraggio, L, N. Itaco, G. De Gregorio, A. Gargano, R. Mancino, and F. Nowacki (2022), “Shell-model calculation of Mo double-β decay,” Phys. Rev. C 105, 034312."
U0912,B46,titulo,AGOSTINI,A254,Davoudi,2022,,,,Extraction of low-energy constants of single- and double-β decays from lattice QCD: A sensitivity analysis,"Davoudi, Zohreh, and Saurabh V. Kadam (2022), “Extraction of low-energy constants of single- and double-β decays from lattice QCD: A sensitivity analysis,” Phys. Rev. D 105, 094502."
U0913,B46,titulo,AGOSTINI,A419,Hicks,2022,,,,Nuclear structure of Te130 from inelastic neutron scattering and shell model analysis,"Hicks, S F, et al. (2022), “Nuclear structure of Te130 from inelastic neutron scattering and shell model analysis,” Phys. Rev. C 105, 024329."
U0914,B46,titulo,AGOSTINI,A422,Hinohara,2022,,,,Global calculation of two-neutrino double-β decay within the finite amplitude method in nuclear density functional theory,"Hinohara, Nobuo, and Jonathan Engel (2022), “Global calculation of two-neutrino double-β decay within the finite amplitude method in nuclear density functional theory,” Phys. Rev. C 105, 044314."
U0915,B46,titulo,AGOSTINI,A559,Ney,2022,,,,Two-body weak currents in heavy nuclei,"Ney, E M, J. Engel, and N. Schunck (2022), “Two-body weak currents in heavy nuclei,” Phys. Rev. C 105, 034349."
U0916,B46,titulo,AGOSTINI,A562,Nomura,2022,,,,Two-neutrino double-β decay in the mapped interacting boson model,"Nomura, Kosuke (2022), “Two-neutrino double-β decay in the mapped interacting boson model,” Phys. Rev. C 105, 044301."
U0917,B46,titulo,AGOSTINI,A732,Yao,2022,,,,Beyondmean-field approaches for nuclear neutrinoless double beta decay in the standard mechanism,"Yao, J M, J. Meng, Y. F. Niu, and P. Ring (2022b), “Beyondmean-field approaches for nuclear neutrinoless double beta decay in the standard mechanism,” Prog. Part. Nucl. Phys. 126, 103965."
U0918,B46,titulo,GONZALEZ-GARCIA,G197,Atmospheric neutrino oscillation analysis with neutron taggi,2024,,,,,"Atmospheric neutrino oscillation analysis with neutron tagging and an expanded fiducial volume in Super-Kamiokande I-V (2024), ZENODO."
U0919,B46,titulo,GONZALEZ-GARCIA,G198,Data release for neutrino oscillation parameters using convo,2024,,,,,"Data release for neutrino oscillation parameters using convolutional neural networks with 9.3 years of data in IceCube DeepCore (2024), ."
U0920,B46,titulo,GONZALEZ-GARCIA,G201,J. Wolcott (NOvA) FERMILAB-SLIDES-24-0130-PPD (2024).,2024,,,,,J. Wolcott (NOvA) FERMILAB-SLIDES-24-0130-PPD (2024).
U0921,B47,titulo,GONZALEZ-GARCIA,G195,M. Tortola,2024,,,,,"M. Tortola, Neutrinos global fit (2024), Talk at XV Latin American Symposium on High Energy Physics, URL https://indico.nucleares.unam.mx/event/2125/contribution/40."
U0922,B47,titulo,GONZALEZ-GARCIA,G158,S. Jeon et al. (RENO),2025,,,,,"S. Jeon et al. (RENO), Phys. Rev. D 111, 11, 112006 (2025)."
U0923,B48,titulo,AGOSTINI,A522,der Mateosian,1966,,,,Limits for lepton-conserving and lepton-nonconserving double beta decay in Ca-48,"der Mateosian, E, and M. Goldhaber (1966), “Limits for lepton-conserving and lepton-nonconserving double beta decay in Ca-48,” Phys. Rev. 146, 810-815."
U0924,B48,arxiv,AGOSTINI,A520,Martı́nez-Pinedo,1996,nucl-th/9603039,,,Effective gA in the pf shell,"Martı́nez-Pinedo, G, A. Poves, E. Caurier, and A. P. Zuker (1996), “Effective gA in the pf shell,” Phys. Rev. C 53, R2602, arXiv:nucl-th/9603039 [nucl-th]."
U0925,B48,arxiv,AGOSTINI,A257,De Silva,1997,nucl-ex/9706005,,,Double beta decays of Mo-100 and Nd-150,"De Silva, A S, M. K. Moe, M. A. Nelson, and M. A. Vient (1997), “Double beta decays of Mo-100 and Nd-150,” Phys. Rev. C 56, 2451-2467, arXiv:nucl-ex/9706005."
U0926,B48,titulo,AGOSTINI,A558,von Neumann-Cosel,1998,,,,Magnetic dipole response in nuclei at the N =28 shell closure: a new look,"von Neumann-Cosel, P, A. Poves, J. Retamosa, and A. Richter (1998), “Magnetic dipole response in nuclei at the N =28 shell closure: a new look,” Phys. Lett. B 443, 1-6."
U0927,B48,titulo,AGOSTINI,A701,Šimkovic,2001,,,,The Single state dominance hypothesis and the two neutrino double beta decay of Mo-100,"Šimkovic, F, P. Domin, and S. V. Semenov (2001), “The Single state dominance hypothesis and the two neutrino double beta decay of Mo-100,” J. Phys. G 27, 2233-2240."
U0928,B48,doi,AGOSTINI,A675,Theodórsson,2004,,10.1016/j.apradiso.2004.03.039,,Underground measurements of radioactivity,"Theodórsson, M Laubenstein; M Hult; J Gasparro; D Arnold; S Neumaier; G Heusser; M Köhler; P Povinec; J-L Reyss; M Schwaiger; P (2004), “Underground measurements of radioactivity,” Applied Radiation and Isotopes 61, 10.1016/j.apradiso.2004.03.039."
U0929,B48,arxiv,AGOSTINI,A376,de Gouvea,2005,hep-ph/0501039,,,See-saw energy scale and the LSND anomaly,"de Gouvea, Andre (2005), “See-saw energy scale and the LSND anomaly,” Phys. Rev. D 72, 033005, arXiv:hep-ph/0501039."
U0930,B48,arxiv,AGOSTINI,A377,de Gouvea,2007,0706.1732,,,"GeV seesaw, accidentally small neutrino masses, and Higgs decays to neutrinos","de Gouvea, Andre (2007), “GeV seesaw, accidentally small neutrino masses, and Higgs decays to neutrinos,” arXiv:0706.1732 [hep-ph]."
U0931,B48,arxiv,AGOSTINI,A111,Avignone,2008,0708.1033,,,"Double Beta Decay, Majorana Neutrinos, and Neutrino Mass","Avignone, III, F T, S. R. Elliott, and J. Engel (2008), “Double Beta Decay, Majorana Neutrinos, and Neutrino Mass,” Rev. Mod. Phys. 80, 481-516, arXiv:0708.1033 [nucl-ex]."
U0932,B48,arxiv,AGOSTINI,A375,de Gouvea,2008,0708.1344,,,A survey of lepton number violation via effective operators,"de Gouvea, A, and J. Jenkins (2008), “A survey of lepton number violation via effective operators,” Phys.Rev.D 77, 013008, arXiv:0708.1344 [hep-ph]."
U0933,B48,titulo,AGOSTINI,A535,Menéndez,2009,,,,Deformation and the nuclear matrix elements of the neutrinoless ββ decay,"Menéndez, J, A. Poves, E. Caurier, and F. Nowacki (2009a), “Deformation and the nuclear matrix elements of the neutrinoless ββ decay,” Proceedings, International School of Physics ”Enrico Fermi”, 170th Course, ”Measurements of Neutrino Mass”: Varenna, Italy, June 17-27, 2008, Proc. Int. Sch. Phys. Fermi 170, 163-174."
U0934,B48,titulo,AGOSTINI,A536,Menéndez,2009,,,,Disassembling the Nuclear Matrix Elements of the Neutrinoless beta beta Decay,"Menéndez, J, A. Poves, E. Caurier, and F. Nowacki (2009b), “Disassembling the Nuclear Matrix Elements of the Neutrinoless beta beta Decay,” Nucl. Phys. A818, 139-151."
U0935,B48,titulo,AGOSTINI,A537,Menéndez,2009,,,,"Occupancies of individual orbits, and the nuclear matrix element of the 76 Ge neutrinoless ββ decay","Menéndez, J, A. Poves, E. Caurier, and F. Nowacki (2009), “Occupancies of individual orbits, and the nuclear matrix element of the 76 Ge neutrinoless ββ decay,” Phys. Rev. C 80, 048501."
U0936,B48,titulo,AGOSTINI,A703,Šimkovic,2009,,,,The 0νββ-decay nuclear matrix elements with self-consistent short-range correlations,"Šimkovic, F, A. Faessler, H. Muther, V. Rodin, and M. Stauf (2009), “The 0νββ-decay nuclear matrix elements with self-consistent short-range correlations,” Phys. Rev. C 79, 055501."
U0937,B48,titulo,AGOSTINI,A533,Menéndez,2011,,,,Chiral twobody currents in nuclei: Gamow-teller transitions and neutrinoless double-beta decay,"Menéndez, J, D. Gazit, and A. Schwenk (2011), “Chiral twobody currents in nuclei: Gamow-teller transitions and neutrinoless double-beta decay,” Phys. Rev. Lett. 107, 062501."
U0938,B48,titulo,AGOSTINI,A538,Menéndez,2011,,,,Novel Nuclear Structure Aspects of the 0νββ - Decay,"Menéndez, J, A. Poves, E. Caurier, and F. Nowacki (2011), “Novel Nuclear Structure Aspects of the 0νββ - Decay,” New quests in nuclear structure. Proceedings, 10th International Spring Seminar on Nuclear Physics, Vietri sul Mare, Italy, May 21-25, 2010, J. Phys. Conf. Ser. 267, 012058."
U0939,B48,arxiv,AGOSTINI,A145,de Barros,2011,1103.5757,,,Solar neutrino-electron scattering as background limitation for double beta decay,"de Barros, N F, and K. Zuber (2011), “Solar neutrino-electron scattering as background limitation for double beta decay,” J. Phys. G 38, 105201, arXiv:1103.5757 [hep-ph]."
U0940,B48,titulo,AGOSTINI,A370,Gómez-Cadenas,2012,,,,The search for neutrinoless double beta decay,"Gómez-Cadenas, J J, J. Martı́n-Albo, M. Mezzetto, F. Monrabal, and M. Sorel (2012), “The search for neutrinoless double beta decay,” Riv. Nuovo Cim. 35, 29-98."
U0941,B48,arxiv,AGOSTINI,A165,Bhupal Dev,2013,1305.0056,,,Constraining Neutrino Mass from Neutrinoless Double Beta Decay,"Bhupal Dev, P S, Srubabati Goswami, Manimala Mitra, and Werner Rodejohann (2013), “Constraining Neutrino Mass from Neutrinoless Double Beta Decay,” Phys. Rev. D 88, 091301, arXiv:1305.0056 [hep-ph]."
U0942,B48,titulo,AGOSTINI,A511,López Vaquero,2013,,,,Shape and pairing fluctuations effects on neutrinoless double beta decay nuclear matrix elements,"López Vaquero, N, T. R. Rodrı́guez, and J. L. Egido (2013), “Shape and pairing fluctuations effects on neutrinoless double beta decay nuclear matrix elements,” Phys. Rev. Lett. 111, 142501."
U0943,B49,titulo,AGOSTINI,A704,Šimkovic,2013,,,,"0νββ and 2νββ nuclear matrix elements, quasiparticle random-phase approximation, and isospin symmetry restoration","Šimkovic, F, V. Rodin, A. Faessler, and P. Vogel (2013), “0νββ and 2νββ nuclear matrix elements, quasiparticle random-phase approximation, and isospin symmetry restoration,” Phys. Rev. C 87, 045501."
U0944,B49,arxiv,AGOSTINI,A379,de Gouvea,2013,1303.4097,,,"Lepton Flavor and Number Conservation, and Physics Beyond the Standard Model","de Gouvea, Andre, and Petr Vogel (2013), “Lepton Flavor and Number Conservation, and Physics Beyond the Standard Model,” Prog. Part. Nucl. Phys. 71, 75-92, arXiv:1303.4097 [hep-ph]."
U0945,B49,titulo,AGOSTINI,A298,Ekström,2014,,,,Effects of three-nucleon forces and two-body currents on Gamow- Teller strengths,"Ekström, A, G. R. Jansen, K. A. Wendt, G. Hagen, T. Papenbrock, S. Bacca, B. Carlsson, and D. Gazit (2014), “Effects of three-nucleon forces and two-body currents on Gamow- Teller strengths,” Phys. Rev. Lett. 113 (26), 262504."
U0946,B49,titulo,AGOSTINI,A539,Menéndez,2014,,,,Correlations and neutrinoless ββ decay nuclear matrix elements of pf -shell nuclei,"Menéndez, J, T. R. Rodrı́guez, G. Martı́nez-Pinedo, and A. Poves (2014), “Correlations and neutrinoless ββ decay nuclear matrix elements of pf -shell nuclei,” Phys. Rev. C 90, 024311."
U0947,B49,arxiv,AGOSTINI,A579,Päs,2015,1507.00170,,,Neutrinoless Double Beta Decay,"Päs, H, and W. Rodejohann (2015), “Neutrinoless Double Beta Decay,” New J. Phys. 17 (11), 115010, arXiv:1507.00170 [hep-ph]."
U0948,B49,arxiv,AGOSTINI,A418,Hernández,2016,1606.06719,,,Testable Baryogenesis in Seesaw Models,"Hernández, P, M. Kekic, J. López-Pavón, J. Racker, and J. Salvado (2016), “Testable Baryogenesis in Seesaw Models,” JHEP 08, 157, arXiv:1606.06719 [hep-ph]."
U0949,B49,arxiv,AGOSTINI,A519,Martı́n-Albo,2016,1511.09246,,,Sensitivity of NEXT- 100 to Neutrinoless Double Beta Decay,"Martı́n-Albo, J, et al. (NEXT) (2016), “Sensitivity of NEXT- 100 to Neutrinoless Double Beta Decay,” JHEP 05, 159, arXiv:1511.09246 [physics.ins-det]."
U0950,B49,titulo,AGOSTINI,A534,Menéndez,2016,,,,Testing the importance of collective correlations in neutrinoless ββ decay,"Menéndez, J, N. Hinohara, J. Engel, G. Martı́nez-Pinedo, and T. R. Rodréguez (2016), “Testing the importance of collective correlations in neutrinoless ββ decay,” Phys. Rev. C 93, 014305."
U0951,B49,titulo,AGOSTINI,A553,Navrátil,2016,,,,Unified ab initio approaches to nuclear structure and reactions,"Navrátil, P, S. Quaglioni, G. Hupin, C. Romero-Redondo, and A. Calci (2016), “Unified ab initio approaches to nuclear structure and reactions,” Phys. Scripta 91, 053002."
U0952,B49,titulo,AGOSTINI,A470,Klein,2017,,,,,"Klein, J (2017), personal communication."
U0953,B49,titulo,AGOSTINI,A687,Van Isacker,2017,,,,Neutronproton pairing and double-β decay in the interacting boson model,"Van Isacker, P, J. Engel, and K. Nomura (2017), “Neutronproton pairing and double-β decay in the interacting boson model,” Phys. Rev. C 96, 064305."
U0954,B49,arxiv,AGOSTINI,A051,Al Kharusi,2018,1805.11142,,,nEXO Pre-Conceptual Design Report,"Al Kharusi, S, et al. (nEXO) (2018), “nEXO Pre-Conceptual Design Report,” arXiv:1805.11142 [physics.ins-det]."
U0955,B49,titulo,AGOSTINI,A232,Coello Pérez,2018,,,,Gamow-Teller and double-β decays of heavy nuclei within an effective theory,"Coello Pérez, E A, J. Menéndez, and A. Schwenk (2018), “Gamow-Teller and double-β decays of heavy nuclei within an effective theory,” Phys. Rev. C 98, 045501."
U0956,B49,titulo,AGOSTINI,A256,De Bianchi,2018,,,,Rethinking antiparticles. Hermann Weyl’s contribution to neutrino physics,"De Bianchi, S (2018), “Rethinking antiparticles. Hermann Weyl’s contribution to neutrino physics,” Stud. Hist. Phil. Sci. B 61, 68-79."
U0957,B49,titulo,AGOSTINI,A532,Menéndez,2018,,,,Neutrinoless ββ decay mediated by the exchange of light and heavy neutrinos: The role of nuclear structure correlations,"Menéndez, J (2018), “Neutrinoless ββ decay mediated by the exchange of light and heavy neutrinos: The role of nuclear structure correlations,” J. Phys. G 45, 014003."
U0958,B49,titulo,AGOSTINI,A702,Šimkovic,2018,,,,Improved description of the 2νββ -decay and a possibility to determine the effective axial-vector coupling constant,"Šimkovic, F, R. Dvornický, Dušaň Stefánik, and A. Faessler (2018a), “Improved description of the 2νββ -decay and a possibility to determine the effective axial-vector coupling constant,” Phys. Rev. C 97, 034315."
U0959,B49,titulo,AGOSTINI,A705,Šimkovic,2018,,,,"0νββ nuclear matrix elements, neutrino potentials and SU(4) symmetry","Šimkovic, F, A. Smetana, and P. Vogel (2018b), “0νββ nuclear matrix elements, neutrino potentials and SU(4) symmetry,” Phys. Rev. C 98, 064325."
U0960,B49,titulo,AGOSTINI,A233,Coello Pérez,2019,,,,Two-neutrino double electron capture on 124 Xe based on an effective theory and the nuclear shell model,"Coello Pérez, E A, J. Menéndez, and A. Schwenk (2019), “Two-neutrino double electron capture on 124 Xe based on an effective theory and the nuclear shell model,” Phys. Lett. B 797, 134885."
U0961,B49,arxiv,AGOSTINI,A380,de Graaff,2019,1709.10378,,,Probing the missing baryons with the Sunyaev- Zel’dovich effect from filaments,"de Graaff, A, Y.-C. Cai, C. Heymans, and J. A. Peacock (2019), “Probing the missing baryons with the Sunyaev- Zel’dovich effect from filaments,” Astron. Astrophys. 624, A48, arXiv:1709.10378 [astro-ph.CO]."
U0962,B49,titulo,AGOSTINI,A052,Al Kharusi,2020,,,,Measurement of the Spectral Shape of the β-Decay of 137 Xe to the Ground State of 137 Cs in EXO-200 and Comparison with Theory,"Al Kharusi, S, et al. (EXO-200) (2020), “Measurement of the Spectral Shape of the β-Decay of 137 Xe to the Ground State of 137 Cs in EXO-200 and Comparison with Theory,” Phys. Rev. Lett. 124, 232502, 2002.00108."
U0963,B50,arxiv,AGOSTINI,A650,Simón,2020,2102.11931,,,Boosting background suppression in the NEXT experiment through Richardson- Lucy deconvolution,"Simón, A, et al. (NEXT) (2020), “Boosting background suppression in the NEXT experiment through Richardson- Lucy deconvolution,” JHEP 21, 146, arXiv:2102.11931 [physics.ins-det]."
U0964,B50,titulo,AGOSTINI,A651,Söderström,2020,,,,Electromagnetic character of the competitive γγ/γ-decay from 137m Ba,"Söderström, P A, et al. (2020), “Electromagnetic character of the competitive γγ/γ-decay from 137m Ba,” Nature Commun. 11, 3242, 2001.00554."
U0965,B50,arxiv,AGOSTINI,A274,Di Valentino,2021,2106.15267,,,Most constraining cosmological neutrino mass bounds,"Di Valentino, E, S. Gariazzo, and O. Mena (2021), “Most constraining cosmological neutrino mass bounds,” Phys. Rev. D 104 (8), 083504, arXiv:2106.15267 [astro-ph.CO]."
U0966,B50,titulo,AGOSTINI,A568,Nzobadila Ondze,2021,,,,"Investigation of paircorrelated 0+ states in 134 Ba via the 136 Ba(p, t) reaction","Nzobadila Ondze, J C, et al. (2021), “Investigation of paircorrelated 0+ states in 134 Ba via the 136 Ba(p, t) reaction,” Phys. Rev. C 103, 034329."
U0967,B50,arxiv,AGOSTINI,A384,Gráf,2022,2204.10845,,,Unraveling the 0νββ decay mechanisms,"Gráf, Lukáš, Manfred Lindner, and Oliver Scholer (2022), “Unraveling the 0νββ decay mechanisms,” Phys. Rev. D 106 (3), 035022, arXiv:2204.10845 [hep-ph]."
U0968,B50,titulo,AGOSTINI,A378,de Gouvea,2022,,,,Model dependence in neutrinoless double-beta decay probes,"de Gouvea, Andre (2022), “Model dependence in neutrinoless double-beta decay probes,” Seattle Snowmass Summer Meeting."
U0969,B51,titulo,AGOSTINI,A603,Puppi,1948,,,,On Mesons in Cosmic Radiation. (In Italian),"Puppi, G (1948), “On Mesons in Cosmic Radiation. (In Italian),” Meeting of the Italian School of Physics and Weak Interactions Bologna, Italy, April 26-28, 1984, Nuovo Cim. 5, 587-588, [,590(1948)]."
U0970,B51,titulo,AGOSTINI,A428,’t Hooft,1976,,,,Symmetry breaking through bell-jackiw anomalies,"’t Hooft, G (1976), “Symmetry breaking through bell-jackiw anomalies,” Phys.Rev.Lett. 37, 8-11."
