uid,bloco,fontes,citado_por_ambas,ref_ids,status,duplicata_de,inspire_id,autor_ref,primeiro_autor,n_autores,ano_ref,ano_inspire,data_inspire,arxiv,doi,journal,titulo,citacoes,citacoes_sem_auto,idade_anos,citacoes_por_ano,tipo_doc,raw
U0493,B25,AGOSTINI,NAO,A602,NAO_ENCONTRADO,,,Prout,W. Prout,1,1816,,,,,"Annals of Philosophy 7, 111-113 (1816)",Correction of a mistake in the essay on the relation between the specific gravities of bodies in their gaseous state and the weights of their atoms,,,210,,article,"Prout, W (1816), “Correction of a mistake in the essay on the relation between the specific gravities of bodies in their gaseous state and the weights of their atoms,” Annals of philosophy 7 (1816), 111-113."
U0460,B23,AGOSTINI,NAO,A176,OK,,1237807,Bohr,N. Bohr,1,1913,1913,1913-04,,,"Phil. Mag. Ser. 6, 26, 1-24",On the Constitution of Atoms and Molecules,228,228,113,2.02,article,"Bohr, N (1913), “On the Constitution of Atoms and Molecules,” Phil. Mag. Ser. 6 26, 1-24."
U0461,B24,AGOSTINI,NAO,A403;A404,NAO_ENCONTRADO,,,Harkins,Harkins,2,1915,,,,,"J. Am. Chem. Soc. 37, 1383-1396 (1915)",The structure of complex atoms. the hydrogen-helium system. [second paper on atomic structure.],,,111,,article,"Harkins, W D, and E. D. Wilson (1915a), “The structure of complex atoms. the hydrogen-helium system. [second paper on atomic structure.],” Journal of the American Chemical Society 37, 1383-1396."
U0462,B24,AGOSTINI,NAO,A629,NAO_ENCONTRADO,,,Rutherford,Rutherford,1,1920,,,,,"Proc. Roy. Soc. Lond. A 97, 374-400 (1920) [Bakerian Lecture]",Bakerian lecture. nuclear constitution of atoms,,,106,,article,"Rutherford, E (1920a), “Bakerian lecture. nuclear constitution of atoms,” Proceedings Mathematical Physical and Engineering Sciences 97, 374-400."
U0463,B24,AGOSTINI,NAO,A630,NAO_ENCONTRADO,,,Rutherford,Rutherford,1,1920,,,,,"Nature 105, 500-501 (1920)",Nuclear constitution of atoms.,,,106,,article,"Rutherford, E (1920b), “Nuclear constitution of atoms.” Nature 105, 500-501."
U0464,B24,AGOSTINI,NAO,A305,OK,,1812248,Ellis,Ellis,2,1927,1927,1927-12,,,"Proc. Roy. Soc. Lond. A 117 (776), 109-123",The average energy of disintegration of radium E,164,164,99,1.66,article,"Ellis, C D, and W. A Wooster (1927), “The average energy of disintegration of radium E,” Proc. Roy. Soc. Lond. A 117 (776), 109-123."
U0465,B24,AGOSTINI,NAO,A276,OK,,3518,Dirac,Dirac,1,1928,1928,1928-01,,,"Proc. Roy. Soc. Lond. A 117, 610-624",The quantum theory of the electron,1783,1783,98,18.19,article,"Dirac, P A M (1928), “The quantum theory of the electron,” Proceedings of the Royal Society of London Series A Containing Papers of a Mathematical and Physical Character (1905-1934) 117, 610-624."
U0466,B24,AGOSTINI,NAO,A531,NAO_ENCONTRADO,,,Meitner,Meitner,2,1930,,,,,"Z. Phys. 60, 143-155 (1930)",Über eine absolute bestimmung der energie der primären β-strahlen von radium e,,,96,,article,"Meitner, L, and W. Orthmann (1930), “Über eine absolute bestimmung der energie der primären β-strahlen von radium e,” Zeitschrift für Physik A Hadrons and Nuclei 60, 143-155."
U0467,B24,AGOSTINI,NAO,A584,OK,,45177,Pauli,Pauli,1,1930,1930,1930-12-04,,,"carta a L. Meitner; publicada em Phys. Today 31N9, 27 (1978)",Dear radioactive ladies and gentlemen,625,625,96,6.51,article,"Pauli, W (1930), “Dear radioactive ladies and gentlemen,” published in Phys. Today 31N9, 27 (1978), letter to L. Meitner."
U0468,B24,GONZALEZ-GARCIA,NAO,G031,OK,,2118,C. Zener,Zener,1,1932,1932,1932-07,,,"Proc. Roy. Soc. Lond. A137, 696",Nonadiabatic crossing of energy levels,888,888,94,9.45,article,"C. Zener, Proc. Roy. Soc. Lond. A137, 696 (1932)."
U0469,B24,AGOSTINI,NAO,A212,OK,,28174,Chadwick,Chadwick,1,1932,1932,1932-02,,,"Nature 129, 312",Possible Existence of a Neutron,782,782,94,8.32,article,"Chadwick, J (1932), “Possible Existence of a Neutron,” Nature 129, 312."
U0470,B24,GONZALEZ-GARCIA,NAO,G033,NAO_ENCONTRADO,,,E. C. G. Stueckelberg,Stueckelberg,1,1932,,,,,"Helv. Phys. Acta 5, 369 (1932)",,,,94,,article,"E. C. G. Stueckelberg, Helv. Phys. Acta 5, 369 (1932)."
U0471,B24,GONZALEZ-GARCIA,NAO,G032,OK,,44871,E. Majorana,Majorana,1,1932,1932,1932,,,"Nuovo Cim. 9, 43",Oriented atoms in a variable magnetic field,586,586,94,6.23,article,"E. Majorana, Nuovo Cim. 9, 43 (1932)."
U0472,B24,AGOSTINI,NAO,A412,OK,,44519,Heisenberg,Heisenberg,1,1932,1932,1932,,,"Z. Phys. 77, 1-11",On the structure of atomic nuclei,502,501,94,5.34,article,"Heisenberg, W (1932a), “Über den bau der atomkerne. i,” Zeitschrift für Physik A Hadrons and Nuclei 77, 1-11."
U0473,B24,AGOSTINI,NAO,A413,NAO_ENCONTRADO,,,Heisenberg,Heisenberg,1,1932,,,,,"Z. Phys. 78, 156-164 (1932) [parte II da serie]",Über den bau der atomkerne. ii,,,94,,article,"Heisenberg, W (1932b), “Über den bau der atomkerne. ii,” Zeitschrift für Physik A Hadrons and Nuclei 78, 156-164."
U0474,B24,GONZALEZ-GARCIA,NAO,G030,OK,,2609860,L. Landau,Landau,1,1932,1932,1932,,,"Phys. Z. Sowjetunion 2, 46",A theory of energy transfer. 2.,721,721,94,7.67,article,"L. Landau, Phys. Z. Sov. 2, 46 (1932)."
U0475,B24,AGOSTINI,NAO,A213,NAO_ENCONTRADO,,,Chadwick,Chadwick,1,1933,,,,,"Proc. Roy. Soc. Lond. A 142, 1-25 (1933) [Bakerian Lecture]",Bakerian lecture. the neutron,,,93,,article,"Chadwick, J (1933), “Bakerian lecture. the neutron,” Proceedings Mathematical Physical and Engineering Sciences 142, 1-25."
U0476,B24,AGOSTINI,NAO,A414,NAO_ENCONTRADO,,,Heisenberg,Heisenberg,1,1933,,,,,"Z. Phys. 80, 587-596 (1933) [parte III da serie]",Über den bau der atomkerne. iii,,,93,,article,"Heisenberg, W (1933), “Über den bau der atomkerne. iii,” Zeitschrift für Physik A Hadrons and Nuclei 80, 587-596."
U0477,B24,AGOSTINI,NAO,A514,NAO_ENCONTRADO,,,Majorana,Majorana,1,1933,,,,,"Z. Phys. 82, 137-145 (1933)",Über die kerntheorie,,,93,,article,"Majorana, E (1933), “Über die kerntheorie,” Zeitschrift für Physik A Hadrons and Nuclei 82, 137-145."
U0478,B24,AGOSTINI,NAO,A320,OK,,3203,Fermi,Fermi,1,1934,1934,1934-03,,,"Z. Phys. 88, 161-177",An attempt of a theory of beta radiation. 1.,1906,1906,92,20.72,article,"Fermi, E (1934), “Versuch einer theorie der β-strahlen. i,” Zeitschrift für Physik A Hadrons and Nuclei 88, 161-177."
U0479,B24,AGOSTINI,NAO,A717,NAO_ENCONTRADO,,,Wick,Wick,1,1934,,,,,"Rendiconti dell'Accademia dei Lincei 19, 69-72 (1934)",Sugli elementi radioattivi di F. Joliot e I. Curie,,,92,,article,"Wick, G C (1934), “Sugli elementi radioattivi di F. Joliot e I. Curie,” Rendiconti dell’Accademia dei Lincei 19, 69-72."
U0480,B24,AGOSTINI,NAO,A364;A365,OK,,42668,Goeppert-Mayer,Goeppert-Mayer,1,1935,1935,1935,,,"Phys. Rev. 48, 512-516",Double beta-disintegration,532,532,91,5.85,article,"Goeppert-Mayer, M (1935a), “Double beta-disintegration,” Phys. Rev. 48, 512-516."
U0481,B25,AGOSTINI,NAO,A497,NAO_ENCONTRADO,,,Leipunski,Leipunski,2,1936,,,,,"Math. Proc. Cambridge Phil. Soc. 32, 301 (1936)",Determination of the energy distribution of recoil atoms during β decay and the existence of the neutrino,,,90,,article,"Leipunski, A I; Rutherford, Lord (1936), “Determination of the energy distribution of recoil atoms during β decay and the existence of the neutrino,” Mathematical Proceedings of the Cambridge Philosophical Society 32, 301."
U0482,B25,AGOSTINI,NAO,A515,OK,,8251,Majorana,Majorana,1,1937,1937,1937-04,,,"Nuovo Cim. 14, 171-184",Teoria simmetrica dell'elettrone e del positrone,1720,1720,89,19.33,article,"Majorana, E (1937), “Teoria simmetrica dell’elettrone e del positrone,” Nuovo Cim. 14, 171-184."
U0483,B25,AGOSTINI,NAO,A604,OK,,42669,Racah,Racah,1,1937,1937,1937,,,"Nuovo Cim. 14, 322-328",On the symmetry of particle and antiparticle,305,305,89,3.43,article,"Racah, G (1937), “On the symmetry of particle and antiparticle,” Nuovo Cim. 14, 322-328."
U0484,B25,AGOSTINI,NAO,A241,NAO_ENCONTRADO,,,Crane,Crane,2,1938,,,,,"Phys. Rev. 53, 789-794 (1938)",New experimental evidence for the existence of a neutrino,,,88,,article,"Crane, H R, and J. Halpern (1938), “New experimental evidence for the existence of a neutrino,” Phys. Rev. 53, 789- 794."
U0485,B25,AGOSTINI,NAO,A348,OK,,47485,Furry,Furry,1,1938,1938,1938-07-01,,,"Phys. Rev. 54, 56-67",Note on the Theory of the Neutral Particle,35,34,88,0.4,article,"Furry, W H (1938), “Note on the Theory of the Neutral Particle,” Phys. Rev. 54, 56-67."
U0486,B25,AGOSTINI,NAO,A242,NAO_ENCONTRADO,,,Crane,Crane,2,1939,,,,,"Phys. Rev. 56, 232-237 (1939)",Further experiments on the recoil of the nucleus in beta-decay,,,87,,article,"Crane, H R, and J. Halpern (1939), “Further experiments on the recoil of the nucleus in beta-decay,” Phys. Rev. 56, 232-237."
U0487,B25,AGOSTINI,NAO,A349,OK,,42670,Furry,Furry,1,1939,1939,1939,,,"Phys. Rev. 56, 1184-1193",On transition probabilities in double beta-disintegration,811,811,87,9.32,article,"Furry, W H (1939), “On transition probabilities in double beta-disintegration,” Phys. Rev. 56, 1184-1193."
U0488,B25,AGOSTINI,NAO,A066,NAO_ENCONTRADO,,,Allen,Allen,1,1942,,,,,"Phys. Rev. 61, 692-697 (1942)",Experimental evidence for the existence of a neutrino,,,84,,article,"Allen, J S (1942), “Experimental evidence for the existence of a neutrino,” Phys. Rev. 61, 692-697."
U0489,B25,AGOSTINI,NAO,A707,OK,,1861475,Wang,Wang,1,1942,1942,1942-01-01,,,"Phys. Rev. 61, 97",A Suggestion on the Detection of the Neutrino,44,44,84,0.52,article,"Wang, K C (1942), “A suggestion on the detection of the neutrino,” Phys. Rev. 61, 97-97."
U0490,B25,AGOSTINI,NAO,A317,OK,,47804,Fano,Fano,1,1947,1947,1947-07-01,,,"Phys. Rev. 72, 26-29",Ionization Yield of Radiations. 2. The Fluctuations of the Number of Ions,325,325,79,4.11,article,"Fano, U (1947), “Ionization Yield of Radiations. 2. The Fluctuations of the Number of Ions,” Phys. Rev. 72, 26-29."
U0491,B25,AGOSTINI,NAO,A591,OK,,41407,Pontecorvo,Pontecorvo,1,1947,1947,1947,,,"Phys. Rev. 72, 246",Nuclear capture of mesons and the meson decay,101,96,79,1.28,article,"Pontecorvo, B (1947), “Nuclear capture of mesons and the meson decay,” Phys. Rev. 72, 246."
U0492,B25,AGOSTINI,NAO,A328;A407;A408;A600;A678,NAO_ENCONTRADO,,,Fireman,Fireman,1,1948,,,,,"Phys. Rev. 74, 1238 (1948)",Double Beta Decay,,,78,,article,"Fireman, E L (1948), “Double Beta Decay,” Phys. Rev. 74, 1238."
U0494,B25,AGOSTINI,NAO,A679,NAO_ENCONTRADO,,,Touschek,Touschek,1,1948,,,,,"Z. Phys. 125, 108-132 (1948)",Zur theorie des doppelten β-zerfalls,,,78,,article,"Touschek, B (1948), “Zur theorie des doppelten β-zerfalls,” Zeitschrift für Physik A Hadrons and Nuclei 125, 108-132."
U0969,B51,AGOSTINI,NAO,A603,OK,,25381,Puppi,"Puppi, G",1,1948,1948,1948,,,"Nuovo Cim. 5, 587-588",On Mesons in Cosmic Radiation. (In Italian),66,66,78,0.85,conference paper,"Puppi, G (1948), “On Mesons in Cosmic Radiation. (In Italian),” Meeting of the Italian School of Physics and Weak Interactions Bologna, Italy, April 26-28, 1984, Nuovo Cim. 5, 587-588, [,590(1948)]."
U0495,B25,AGOSTINI,NAO,A329,OK,,42671,Fireman,Fireman,1,1949,1949,1949,,,"Phys. Rev. 75, 323-324",A measurement of the half-life of double beta-decay from (50)Sn-124,46,45,77,0.6,article,"Fireman, E L (1949), “A measurement of the half-life of double beta-decay from (50)Sn-124,” Phys. Rev. 75, 323-324."
U0496,B25,AGOSTINI,NAO,A366,OK,,44721,Goeppert-Mayer,Goeppert-Mayer,1,1949,1949,1949-06,,,"Phys. Rev. 75, 1969-1970",On closed shells in nuclei. 2,794,793,77,10.31,article,"Goeppert-Mayer, M (1949), “On closed shells in nuclei. 2,” Phys. Rev. 75, 1969-1970."
U0497,B25,AGOSTINI,NAO,A402,OK,,1405635,Hanna,Hanna,2,1949,1949,1949-03,,,"Phys. Rev. 75, 983-984",The beta Spectrum of H3,58,55,77,0.75,article,"Hanna, G C, and B. Pontecorvo (1949), “The β Spectrum of H3 ,” Phys. Rev. 75, 983-984."
U0498,B25,AGOSTINI,NAO,A406,OK,,1591665,Haxel,Haxel,3,1949,1949,1949-06-01,,,"Phys. Rev. 75 (11), 1766","On the ""Magic Numbers"" in Nuclear Structure",495,495,77,6.43,article,"Haxel, O, J. H. D. Jensen, and H. E. Suess (1949), “On the ”Magic Numbers” in Nuclear Structure,” Phys. Rev. 75 (11), 1766-1766."
U0499,B25,AGOSTINI,NAO,A439,OK,,42673,Inghram,Inghram,2,1949,1949,1949,,,"Phys. Rev. 76, 1265-1266",On the double beta-process,49,49,77,0.64,article,"Inghram, M G, and J. H. Reynolds (1949), “On the double beta-process,” Phys. Rev. 76, 1265-1266."
U0500,B25,AGOSTINI,NAO,A655,OK,,8804,Steinberger,Steinberger,1,1949,1949,1949,,,"Phys.Rev. 76, 1180-1186",On the Use of subtraction fields and the lifetimes of some types of meson decay,339,335,77,4.4,article,"Steinberger, J (1949), “On the use of subtraction fields and the lifetimes of some types of meson decay,” Phys.Rev. 76, 1180-1186."
U0501,B26,AGOSTINI,NAO,A718,OK,,216309,Wigner,Wigner,1,1949,1949,1949,,,"Proc.Am.Phil.Soc. 93 (1949) No.7, 521-526",Invariance in physical theory,2,2,77,0.03,article,"Wigner, E P (1949), “Invariance in physical theory,” Proceedings of the American Philosophical Society 93 (7), 521-526."
U0502,B26,AGOSTINI,NAO,A440,OK,,42674,Inghram,Inghram,2,1950,1950,1950,,,"Phys.Rev. 78, 822",Double beta-decay of Te-130,153,153,76,2.01,article,"Inghram, M G, and J. H. Reynolds (1950), “Double betadecay of Te-130,” Phys. Rev. 78, 822-823."
U0503,B26,AGOSTINI,NAO,A501,OK,,42675,Levine,Levine,3,1950,1950,1950,,,"Phys.Rev. 77, 296",Half-life of double beta-decay,15,15,76,0.2,article,"Levine, C A, A. Ghiorso, and G. T. Seaborg (1950), “Half-life of double beta-decay,” Phys. Rev. 77, 296."
U0504,B26,AGOSTINI,NAO,A491,NAO_ENCONTRADO,,,Lawson,Lawson,1,1951,,,,,"Phys.Rev. 81, 299 (bruto)",A lower limit on the half-life of Sn-124,,,75,,article,"Lawson, J S (1951), “A lower limit on the half-life of Sn-124,” Phys. Rev. 81, 299."
U0505,B26,AGOSTINI,NAO,A250,NAO_ENCONTRADO,,,Davis,Davis,1,1952,,,,,"Phys.Rev. 86, 976-985 (bruto)",Nuclear recoil following neutrino emission from beryllium 7,,,74,,article,"Davis, R (1952), “Nuclear recoil following neutrino emission from beryllium 7,” Phys. Rev. 86, 976-985."
U0506,B26,AGOSTINI,NAO,A330,OK,,42672,Fireman,Fireman,2,1952,1952,1952,,,"Phys.Rev. 86, 451",A re-investigation of the double beta-decay from Sn-124,22,22,74,0.3,article,"Fireman, E L, and D. Schwarzer (1952), “A re-investigation of the double beta-decay from Sn-124,” Phys. Rev. 86, 451- 453."
U0507,B26,AGOSTINI,NAO,A341,NAO_ENCONTRADO,,,Fremlin,Fremlin,2,1952,,,,,"Proc.Phys.Soc.A 65, 911-915 (bruto)",An experimental investigation of the stability of nuclei against double betadisintegration,,,74,,article,"Fremlin, J H, and M C Walters (1952), “An experimental investigation of the stability of nuclei against double betadisintegration,” Proceedings of the Physical Society. Section A 65 (11), 911-915."
U0508,B26,AGOSTINI,NAO,A458,OK,,47330,Kalkstein,Kalkstein,2,1952,1952,1952-01-15,,,"Phys.Rev. 85, 368",An Investigation of the Double Beta-Decay of Sn-12450,17,17,74,0.23,article,"Kalkstein, M I, and W. F. Libby (1952), “An Investigation of the Double Beta-Decay of Sn-12450,” Phys. Rev. 85, 368-369."
U0509,B26,AGOSTINI,NAO,A585,NAO_ENCONTRADO,,,Pearce,Pearce,2,1952,,,,,"Phys.Rev. 86, 1049-1050 (bruto)",Double beta-decay of sn124 ,,,74,,article,"Pearce, R M, and E. K. Darby (1952), “Double beta-decay of sn124 ,” Phys. Rev. 86, 1049-1050."
U0510,B26,AGOSTINI,NAO,A175,NAO_ENCONTRADO,,,Bohr,Bohr,2,1953,,,,,"Kong.Dan.Vid.Selsk.Mat.Fys.Medd. 27, 16 (bruto)",,,,73,,article,"Bohr, A, and B. R. Mottelson (1953), K. Dan. Vidensk. Selsk. Mat. Fys. Medd 27, 16."
U0511,B26,AGOSTINI,NAO,A521,NAO_ENCONTRADO,,,Marx,Marx,1,1953,,,,,"Acta Phys.Acad.Sci.Hung. 3, 55-58 (bruto)",Die wechselwirkung der elementar-teilchen und die erhaltungssätze,,,73,,article,"Marx, G (1953), “Die wechselwirkung der elementar-teilchen und die erhaltungssätze,” Acta Physica Academiae Scientiarum Hungaricae 3, 55-58."
U0512,B26,AGOSTINI,NAO,A524,NAO_ENCONTRADO,,,McCarthy,McCarthy,1,1953,,,,,"Phys.Rev. 90, 853-857 (bruto)",Search for double beta-decay in sn124 and zr96 ,,,73,,article,"McCarthy, J A (1953), “Search for double beta-decay in sn124 and zr96 ,” Phys. Rev. 90, 853-857."
U0513,B26,AGOSTINI,NAO,A611,OK,,40475,Reines,Reines,2,1953,1953,1953-11,,,"Phys.Rev. 92, 830",Detection of the free neutrino,724,715,73,9.92,article,"Reines, F, and C. L. Cowan (1953), “Detection of the free neutrino,” Phys. Rev. 92, 830-831."
U0514,B26,AGOSTINI,NAO,A251,OK,,44638,Davis,Davis,1,1955,1955,1955-02,,,"Phys.Rev. 97, 766","Attempt to detect the antineutrinos from a nuclear reactor by the Cl37(anti-nu,e-) A37 reaction",241,234,71,3.39,article,"Davis, Jr, R (1955), “Attempt to detect the antineutrinos from a nuclear reactor by the Cl37(anti-nu,e-) A37 reaction,” Phys. Rev. 97, 766-769."
U0515,B26,AGOSTINI,NAO,A358,OK,,845,Gell-Mann,Gell-Mann,2,1955,1955,1955,,,"Phys.Rev. 97, 1387",Behavior of neutral particles under charge conjugation,636,632,71,8.96,article,"Gell-Mann, M, and A. Pais (1955), “Behavior of neutral particles under charge conjugation,” Phys. Rev. 97, 1387- 1389."
U0516,B26,AGOSTINI,NAO,A525,NAO_ENCONTRADO,,,McCarthy,McCarthy,1,1955,,,,,"Phys.Rev. 97, 1234-1236 (bruto)",Search for double beta decay in ca48 ,,,71,,article,"McCarthy, J A (1955), “Search for double beta decay in ca48 ,” Phys. Rev. 97, 1234-1236."
U0517,B26,AGOSTINI,NAO,A239,OK,,39882,Cowan,Cowan,5,1956,1956,1956-07,,,"Science 124, 103",Detection of the free neutrino: A Confirmation,1734,1725,70,24.77,article,"Cowan, C L, F. Reines, F. B. Harrison, H. W. Kruse, and A. D. McGuire (1956), “Detection of the free neutrino: A Confirmation,” Science 124, 103-104."
U0518,B26,AGOSTINI,NAO,A493,OK,,21787,Lee,Lee,2,1956,1956,1956-10,,,"Phys.Rev. 104, 254",Question of Parity Conservation in Weak Interactions,2658,2647,70,37.97,article,"Lee, T D, and C.-N. Yang (1956), “Question of Parity Conservation in Weak Interactions,” Phys. Rev. 104, 254-258."
U0519,B26,AGOSTINI,NAO,A207,OK,,45908,Case,Case,1,1957,1957,1957-07-01,,,"Phys.Rev. 107, 307",Reformulation of the Majorana Theory of the Neutrino,186,186,69,2.7,article,"Case, K M (1957), “Reformulation of the Majorana Theory of the Neutrino,” Phys. Rev. 107, 307-316."
U0520,B26,AGOSTINI,NAO,A488,OK,,29177,Landau,Landau,1,1957,1957,1957-01-01,,,"Nucl.Phys. 3, 127",On the conservation laws for weak interactions,74,74,69,1.07,article,"Landau, L D (1957), “On the conservation laws for weak interactions,” Nucl. Phys. 3, 127-131."
U0521,B27,AGOSTINI,NAO,A494,OK,,21790,Lee,Lee,2,1957,1957,1957,,,"Phys. Rev. 105, 1671",Parity Nonconservation and a Two Component Theory of the Neutrino,492,485,69,7.13,article,"Lee, T D, and C. N. Yang (1957), “Parity nonconservation and a two-component theory of the neutrino,” Physical Review (Series I) 105, 1671-1675."
U0522,B27,AGOSTINI,NAO,A592,OK,,42736,Pontecorvo,Pontecorvo,1,1957,1957,1957-10,,,"Zh. Eksp. Teor. Fiz. 34, 247",Inverse Beta Processes and Nonconservation of Lepton Charge,2150,2145,69,31.16,article,"Pontecorvo, B (1957a), “Inverse beta processes and nonconservation of lepton charge,” Zh. Eksp. Teor. Fiz. 34, 247."
U0523,B27,AGOSTINI,NAO,A593,OK,,2884,Pontecorvo,Pontecorvo,1,1957,1957,1957,,,"Sov. Phys. JETP 6, 429",Mesonium and antimesonium,2723,2715,69,39.46,article,"Pontecorvo, B (1957b), “Mesonium and anti-mesonium,” Sov. Phys. JETP 6, 429, [Zh. Eksp. Teor. Fiz.33,549(1957)]."
U0524,B27,AGOSTINI,NAO,A633,OK,,40224,Salam,Salam,1,1957,1957,1957-01,,,"Nuovo Cim. 5, 299",On parity conservation and neutrino mass,322,321,69,4.67,article,"Salam, A (1957), “On parity conservation and neutrino mass,” Nuovo Cim. 5, 299-301."
U0525,B27,AGOSTINI,NAO,A680,NAO_ENCONTRADO,,,Touschek,Touschek,2,1957,1957,,,,"Nuovo Cim. Series 10, 5, 1693",On the equivalence theorem for the massless neutrino,,,69,,article,"Touschek, L A Radicati; B (1957), “On the equivalence theorem for the massless neutrino,” Il Nuovo Cimento Series 10 5, 1693-1699."
U0526,B27,AGOSTINI,NAO,A724,OK,,28182,Wu,Wu,5,1957,1957,1957-02-15,,,"Phys. Rev. 105, 1413",Experimental Test of Parity Conservation in beta Decay,3328,3320,69,48.23,article,"Wu, C S, E. Ambler, R. W. Hayward, D. D. Hoppes, and R. P. Hudson (1957), “Experimental Test of Parity Conservation in β Decay,” Phys. Rev. 105, 1413-1414."
U0527,B27,AGOSTINI,NAO,A323,OK,,1115221,Feynman,Feynman,2,1958,1958,1958,,,"Phys. Rev. 109, 193",Theory of Fermi interaction,2053,2043,68,30.19,article,"Feynman, R P, and M. Gell-Mann (1958), “Theory of Fermi interaction,” Phys. Rev. 109, 193-198."
U0528,B27,AGOSTINI,NAO,A367,OK,,28185,Goldhaber,Goldhaber,3,1958,1958,1958,,,"Phys. Rev. 109, 1015",Helicity of Neutrinos,999,996,68,14.69,article,"Goldhaber, M, L. Grodzins, and A. W. Sunyar (1958), “Helicity of Neutrinos,” Phys. Rev. 109, 1015-1017."
U0529,B27,AGOSTINI,NAO,A658,OK,,9165,Sudarshan,Sudarshan,2,1958,1958,1958-01,,,"Phys. Rev. 109, 1860",Chirality invariance and the universal Fermi interaction,773,758,68,11.37,article,"Sudarshan, E C G, and R. e. Marshak (1958), “Chirality invariance and the universal Fermi interaction,” Phys. Rev. 109, 1860-1860."
U0530,B27,AGOSTINI,NAO,A318;A319,NAO_ENCONTRADO,,,Feinberg,Feinberg,2,1959,1959,,,,"Proc. Nat. Acad. Sci. 45, 1301",Microscopic tests of symmetry principles,,,67,,article,"Feinberg, G, and M. Goldhaber (1959a), “Microscopic tests of symmetry principles,” Proceedings of the National Academy of Sciences 45, 1301-1312."
U0531,B27,AGOSTINI,NAO,A388,NAO_ENCONTRADO,,,Greuling,Greuling,2,1960,1960,,,,"Annals Phys. 11, 510",Lepton conservation and double beta-decay,,,66,,article,"Greuling, E, and R. C. Whitten (1960), “Lepton conservation and double beta-decay,” Annals of Physics 11, 510-533."
U0532,B27,GONZALEZ-GARCIA,NAO,G104,OK,,44042,S. van der Meer (1961),van der Meer,1,1961,1961,1961-02-27,,,CERN-61-07,A Directive Device for Charged Particles and Its use in an Enhanced Neutrino Beam,86,85,65,1.32,report,"S. van der Meer (1961), CERN-61-07."
U0533,B27,AGOSTINI,NAO,A336,NAO_ENCONTRADO,,,Freck,Freck,2,1962,1962,,,,"Nature (London) 193, 669",Gamma-Ray Spectrum obtained with a Lithium-drifted p-i-n Junction in Germanium,,,64,,article,"Freck, D V, and J. Wakefield (1962), “Gamma-Ray Spectrum obtained with a Lithium-drifted p-i-n Junction in Germanium,” Nature (London) 193 (4816), 669."
U0534,B27,AGOSTINI,NAO,A460,OK,,3543,Katayama,Katayama,4,1962,1962,1962,,,"Prog. Theor. Phys. 28, 675",Possible unified models of elementary particles with two neutrinos,184,181,64,2.88,article,"Katayama, Y, K. Matumoto, S. Tanaka, and E. Yamada (1962), “Possible unified models of elementary particles with two neutrinos,” Prog. Theor. Phys. 28, 675."
U0535,B27,AGOSTINI,NAO,A516,OK,,3540,Maki,Maki,3,1962,1962,1962-11,,,"Prog. Theor. Phys. 28, 870",Remarks on the unified model of elementary particles,5760,5736,64,90.0,article,"Maki, Z, M. Nakagawa, and S. Sakata (1962), “Remarks on the unified model of elementary particles,” Prog. Theor. Phys. 28, 870-880, [,34(1962)]."
U0536,B27,GONZALEZ-GARCIA,NAO,G018,OK,U0534,3543,Y. Katayama et al.,Katayama,4,1962,1962,1962,,,"Prog. Theor. Phys. 28, 675",Possible unified models of elementary particles with two neutrinos,184,181,64,2.88,article,"Y. Katayama et al., Prog. Theor. Phys. 28, 675 (1962)."
U0537,B27,GONZALEZ-GARCIA,NAO,G017,OK,U0535,3540,Z. Maki,Maki,3,1962,1962,1962-11,,,"Prog. Theor. Phys. 28, 870",Remarks on the unified model of elementary particles,5760,5736,64,90.0,article,"Z. Maki, M. Nakagawa and S. Sakata, Prog. Theor. Phys. 28, 870 (1962)."
U0538,B27,AGOSTINI,NAO,A196,OK,,4510,Cabibbo,Cabibbo,1,1963,1963,1963-06,,,"Phys. Rev. Lett. 10, 531",Unitary Symmetry and Leptonic Decays,8352,8337,63,132.57,article,"Cabibbo, N (1963), “Unitary Symmetry and Leptonic Decays,” Meeting of the Italian School of Physics and Weak Interactions Bologna, Italy, April 26-28, 1984, Phys. Rev. Lett. 10, 531-533, [,648(1963)]."
U0539,B27,AGOSTINI,NAO,A218,NAO_ENCONTRADO,,,Chikovani,Chikovani,3,1963,1963,,,,"Phys. Lett. 6, 254",A track spark chamber,,,63,,article,"Chikovani, GE, V.A. Mikhailov, and V.N. Roinishvili (1963), “A track spark chamber,” Physics Letters 6 (3), 254-255."
U0540,B27,GONZALEZ-GARCIA,NAO,G020,OK,U0538,4510,N. Cabibbo,Cabibbo,1,1963,1963,1963-06,,,"Phys. Rev. Lett. 10, 531",Unitary Symmetry and Leptonic Decays,8352,8337,63,132.57,article,"N. Cabibbo, Phys. Rev. Lett. 10, 531 (1963)."
U0541,B28,AGOSTINI,NAO,A278,OK,,1377064,Dolgoshein,Dolgoshein,3,1964,1964,1964,,,"Nucl.Instr.Meth. 29, 270",The Streamer Chamber,4,4,62,0.06,article,"Dolgoshein, BA, B.U. Rodionov, and B.I. Luchkov (1964), “Streamer chamber,” Nuclear Instruments and Methods 29 (2), 270-276."
U0542,B28,GONZALEZ-GARCIA,NAO,G078,OK,,1319436,C. V. Achar et al.,"Achar, C.V.",,1965,1965,1965-08,,,"Phys.Lett. 18, 196",Detection of muons produced by cosmic ray neutrinos deep underground,221,216,61,3.62,article,"C. V. Achar et al., Phys. Lett. 18, 196 (1965)."
U0543,B28,GONZALEZ-GARCIA,NAO,G079,OK,,48847,F. Reines et al.,"Reines, F.",,1965,1965,1965-08,,,"Phys.Rev.Lett. 15, 429",Evidence for high-energy cosmic ray neutrino interactions,219,214,61,3.59,article,"F. Reines et al., Phys. Rev. Lett. 15, 429 (1965)."
U0923,B48,AGOSTINI,NAO,A522,OK,,50176,der Mateosian,"der Mateosian, E",2,1966,1966,1966,,,"Phys. Rev. 146, 810-815",Limits for lepton-conserving and lepton-nonconserving double beta decay in Ca-48,69,69,60,1.15,article,"der Mateosian, E, and M. Goldhaber (1966), “Limits for lepton-conserving and lepton-nonconserving double beta decay in Ca-48,” Phys. Rev. 146, 810-815."
U0544,B28,GONZALEZ-GARCIA,NAO,G019,OK,,51319,B. Pontecorvo,"Pontecorvo, B.",1,1967,1967,1967,,,"Zh.Eksp.Teor.Fiz. 53, 1717",Neutrino Experiments and the Problem of Conservation of Leptonic Charge,2876,2863,59,48.75,article,"B. Pontecorvo, Zh. Eksp. Teor. Fiz. 53, 1717 (1967)."
U0545,B28,AGOSTINI,NAO,A138,OK,,1432322,Bardin,"Bardin, R.K.",4,1967,1967,1967,,,"Phys.Lett.B 26, 112",Double beta decay in $^{48}$Ca and the conservation of leptons,41,38,59,0.69,article,"Bardin, R K, P. J. Gollon, J. D. Ullman, and C. S. Wu (1967), “Double beta decay in 48 Ca and the conservation of leptons,” Phys. Lett. B 26, 112-116."
U0546,B28,AGOSTINI,NAO,A326,OK,,51346,Fiorini,"Fiorini, E.",5,1967,1967,1967,,,"Phys.Lett. 25B, 602",A Search for Lepton Nonconservation in Double Beta Decay With a Germanium Detector,108,95,59,1.83,article,"Fiorini, E, A. Pullia, G. Bertolini, F. Cappellani, and G. Restelli (1967), “A Search for Lepton Nonconservation in Double Beta Decay With a Germanium Detector,” Meeting of the Italian School of Physics and Weak Interactions Bologna, Italy, April 26-28, 1984, Phys. Lett. 25B, 602- 603, [,662(1967)]."
U0547,B28,AGOSTINI,NAO,A594,OK,U0544,51319,Pontecorvo,"Pontecorvo, B.",1,1967,1967,1967,,,"Zh.Eksp.Teor.Fiz. 53, 1717",Neutrino Experiments and the Problem of Conservation of Leptonic Charge,2876,2863,59,48.75,article,"Pontecorvo, B (1967), “Neutrino Experiments and the Problem of Conservation of Leptonic Charge,” Zh. Eksp. Teor. Fiz. 53, 1717-1725."
U0548,B28,AGOSTINI,NAO,A632,OK,,51345,Sakharov,"Sakharov, A.D.",1,1967,1967,1967,,,"Pisma Zh.Eksp.Teor.Fiz. 5, 32","Violation of CP Invariance, C asymmetry, and baryon asymmetry of the universe",5876,5872,59,99.59,article,"Sakharov, A D (1967), “Violation of CP Invariance, C asymmetry, and baryon asymmetry of the universe,” Pisma Zh. Eksp. Teor. Fiz. 5, 32-35."
U0549,B28,AGOSTINI,NAO,A595,OK,,53178,Pontecorvo,"Pontecorvo, B.",1,1968,1968,1968,,,"Phys.Lett.B 26, 630",Superweak interactions and double beta decay,144,142,58,2.48,article,"Pontecorvo, B (1968), “Superweak interactions and double beta decay,” Physics Letters B 26, 630-632."
U0550,B28,GONZALEZ-GARCIA,NAO,G044,OK,,53047,R. Davis,"Davis, R. Jr.",3,1968,1968,1968-05,,,"Phys.Rev.Lett. 20, 1205",Search for neutrinos from the sun,2223,2193,58,38.33,article,"R. Davis, Jr., D. S. Harmer and K. C. Hoffman, Phys. Rev. Lett. 20, 1205 (1968)."
U0551,B28,AGOSTINI,NAO,A022,OK,,55000,Adler,"Adler, S.L.",1,1969,1969,1969,,,"Phys.Rev. 177, 2426",Axial vector vertex in spinor electrodynamics,5183,5170,57,90.93,article,"Adler, S L (1969), “Axial vector vertex in spinor electrodynamics,” Phys.Rev. 177, 2426-2438."
U0552,B28,AGOSTINI,NAO,A137,OK,,54930,Bardeen,"Bardeen, W.A.",1,1969,1969,1969,,,"Phys.Rev. 184, 1848",Anomalous Ward identities in spinor field theories,1325,1315,57,23.25,article,"Bardeen, W A (1969), “Anomalous ward identities in spinor field theories,” Phys.Rev. 184, 1848-1857."
U0553,B28,AGOSTINI,NAO,A389,OK,,53150,Gribov,"Gribov, V.N.",2,1969,1969,1968-12,,,"Phys.Lett.B 28, 493",Neutrino astronomy and lepton charge,1365,1354,57,23.95,article,"Gribov, VN, and B. Pontecorvo (1969), “Neutrino astronomy and lepton charge,” Phys.Lett.B 28, 493."
U0554,B28,AGOSTINI,NAO,A601,OK,,62272,Primakoff,"Primakoff, H.",2,1969,1969,1969,,,"Phys.Rev. 184, 1925",Nuclear double-beta decay and a new limit on lepton nonconservation,151,137,57,2.65,article,"Primakoff, H, and S. P. Rosen (1969), “Nuclear double-beta decay and a new limit on lepton nonconservation,” Phys. Rev. 184, 1925-1933."
U0555,B28,GONZALEZ-GARCIA,NAO,G024,OK,U0553,53150,V. N. Gribov and B. Pontecorvo,"Gribov, V.N.",2,1969,1969,1968-12,,,"Phys.Lett. 28B, 493",Neutrino astronomy and lepton charge,1365,1354,57,23.95,article,"V. N. Gribov and B. Pontecorvo, Phys. Lett. 28B, 493 (1969)."
U0556,B28,AGOSTINI,NAO,A119,NAO_ENCONTRADO,,,Baertsch,"Baertsch, R.D.",2,1970,,,,,"IEEE Trans.Nucl.Sci. 17, 235",Gamma ray detectors made from high purity germanium,,,56,,article,"Baertsch, R D, and R. N. Hall (1970), “Gamma ray detectors made from high purity germanium,” IEEE Transactions on Nuclear Science 17 (3), 235-240."
U0557,B28,AGOSTINI,NAO,A139,OK,,1437788,Bardin,"Bardin, R.K.",4,1970,1970,1970,,,"Nucl.Phys.A 158, 337",A search for the double beta decay of 48 Ca and lepton conservation,116,115,56,2.07,article,"Bardin, R K, P. J. Gollon, J. D. Ullman, and C. S. Wu (1970), “A search for the double beta decay of 48 Ca and lepton conservation,” Nucl. Phys. A 158, 337-363."
U0558,B28,AGOSTINI,NAO,A150,OK,,1439005,Behrens,"Behrens, H.",2,1971,1971,1971,,,"Nucl.Phys.A 162, 111",Nuclear beta decay,119,112,55,2.16,article,"Behrens, H, and W. Bühring (1971), “Nuclear beta decay,” Nucl. Phys. A162, 111-144."
U0559,B28,AGOSTINI,NAO,A327,NAO_ENCONTRADO,,,Fiorini,"Fiorini, E.",5,1973,,,,,"Nuovo Cim.A 13, 747",Neutrinoless double-beta decay of76Ge,,,53,,article,"Fiorini, E, A. Pullia, G. Bertolini, F. Cappellani, and G. Restelli (1973), “Neutrinoless double-beta decay of76Ge,” Nuovo Cimento A Serie 13 (3), 747-763."
U0560,B28,GONZALEZ-GARCIA,NAO,G021,OK,,81350,M. Kobayashi and T. Maskawa,"Kobayashi, M.",2,1973,1973,1973-02,,,"Prog.Theor.Phys. 49, 652",CP Violation in the Renormalizable Theory of Weak Interaction,12896,12882,53,243.32,article,"M. Kobayashi and T. Maskawa, Prog. Theor. Phys. 49, 652 (1973)."
U0561,B29,AGOSTINI,NAO,A360,OK,,92111,Georgi,Georgi,2,1974,1974,1974-02,,,"Phys.Rev.Lett. 32, 438",Unity of All Elementary Particle Forces,6231,6193,52,119.83,article,"Georgi, H, and S.L. Glashow (1974), “Unity of all elementary particle forces,” Phys.Rev.Lett. 32, 438-441."
U0562,B29,AGOSTINI,NAO,A566,OK,,4836,Nygren,Nygren,1,1974,1974,1974,,,"eConf C740805, 58",The Time Projection Chamber: A New 4 pi Detector for Charged Particles,89,87,52,1.71,conference paper,"Nygren, D R (1974), “The Time Projection Chamber: A New 4 pi Detector for Charged Particles,” eConf C740805, 58."
U0563,B29,AGOSTINI,NAO,A582,OK,,89207,Pati,Pati,2,1974,1974,1974-01,,,"Phys.Rev.D 10, 275",Lepton Number as the Fourth Color,6027,5895,52,115.9,article,"Pati, J C, and A. Salam (1974), “Lepton number as the fourth color,” Phys.Rev.D 10, 275-289, [Erratum: Phys.Rev.D 11, 703-703 (1975)]."
U0565,B29,AGOSTINI,NAO,A343,OK,,1774,Fritzsch,Fritzsch,2,1975,1974,1974-12,,,"Annals Phys. 93, 193",Unified Interactions of Leptons and Hadrons,2416,2375,52,46.46,article,"Fritzsch, H, and P. Minkowski (1975), “Unified interactions of leptons and hadrons,” Annals Phys. 93, 193-266."
U0564,B29,AGOSTINI,NAO,A231,OK,,107892,Cleveland,Cleveland,7,1975,1975,1975-09-22,,,"Phys. Rev. Lett. 35, 757",Lepton Conservation in the Double beta Decay of Se-82,64,64,51,1.25,article,"Cleveland, B T, W. R. Leo, C. S. Wu, L. R. Kasday, A. M. Rushton, P. J. Gollon, and J. D. Ullman (1975), “Lepton Conservation in the Double beta Decay of Se-82,” Phys. Rev. Lett. 35, 757-760."
U0566,B29,AGOSTINI,NAO,A082,OK,,117817,Arima,Arima,2,1976,1976,1976-03,,,"Annals Phys. 99, 253",Interacting boson model of collective states. 1. The Vibrational limit,965,891,50,19.3,article,"Arima, A, and F. Iachello (1976), “Interacting boson model of collective states. 1. The Vibrational limit,” Annals Phys. 99, 253-317."
U0970,B51,AGOSTINI,NAO,A428,OK,,3438,’t Hooft,"'t Hooft, G",1,1976,1976,1976-03,,,"Phys.Rev.Lett. 37, 8-11",Symmetry Breaking Through Bell-Jackiw Anomalies,4536,4523,50,90.72,article,"’t Hooft, G (1976), “Symmetry breaking through bell-jackiw anomalies,” Phys.Rev.Lett. 37, 8-11."
U0567,B29,AGOSTINI,NAO,A540,OK,,4994,Minkowski,Minkowski,1,1977,1977,1977-02-01T00:00:00+00:00,,,"Phys.Lett.B 67, 421",μ→eγ at a rate of one out of 10^9 muon decays?,5951,5941,49,121.45,article,"Minkowski, P (1977), “µ → eγ at a rate of one out of 109 muon decays?” Phys.Lett.B 67, 421-428."
U0568,B29,GONZALEZ-GARCIA,NAO,G009,OK,U0567,4994,P. Minkowski,Minkowski,1,1977,1977,1977-02-01T00:00:00+00:00,,,"Phys.Lett.B 67, 421",μ→eγ at a rate of one out of 10^9 muon decays?,5951,5941,49,121.45,article,"P. Minkowski, Phys. Lett. 67B, 421 (1977)."
U0570,B29,GONZALEZ-GARCIA,NAO,G026,OK,,122259,L. Wolfenstein,Wolfenstein,1,1978,1977,1977-11,,,"Phys. Rev. D 17, 2369",Neutrino Oscillations in Matter,6381,6366,49,130.22,article,"L. Wolfenstein, Phys. Rev. D 17, 2369 (1978)."
U0571,B29,GONZALEZ-GARCIA,NAO,G169,OK,,122764,N. Cabibbo,Cabibbo,1,1978,1977,1977-09,,,"Phys. Lett. 72B, 333",Time Reversal Violation in Neutrino Oscillation,343,341,49,7.0,article,"N. Cabibbo, Phys. Lett. 72B, 333 (1978)."
U0569,B29,AGOSTINI,NAO,A083,OK,,139188,Arima,Arima,2,1978,1978,1978-03,,,"Annals Phys. 111, 201",Interacting boson model of collective nuclear states. II. The rotational limit,790,732,48,16.46,article,"Arima, A, and F. Iachello (1978), “Interacting boson model of collective nuclear states. II. The rotational limit,” Annals Phys. 111, 201-238."
U0572,B29,AGOSTINI,NAO,A571,OK,,892534,Otsuka,Otsuka,3,1978,1978,1978-10,,,"Nucl. Phys. A 309, 1",Nuclear shell model and interacting bosons,597,510,48,12.44,article,"Otsuka, T, A. Arima, and F. Iachello (1978), “Nuclear shell model and interacting bosons,” Nucl. Phys. A 309, 1-33."
U0001,B01,AGOSTINI;GONZALEZ-GARCIA,SIM,A359;G011,OK,,9686,Gell-Mann,"Gell-Mann, M.",3,1979,1979,1979-09,1306.4669,,,Complex Spinors and Unified Theories,4406,4396,47,93.74,,"Gell-Mann, M, P. Ramond, and R. Slansky (1979), “Complex spinors and unified theories,” in Complex Spinors and Unified Theories, Vol. 790927, pp. 315-321, arXiv:1306.4669 [hep-th]."
U0002,B01,GONZALEZ-GARCIA,NAO,G010,DUVIDOSO,,140422,P. Ramond,"Gell-Mann, M.",3,1979,1979,1979-02,hep-ph/9809459,,,The Family Group in Grand Unified Theories,406,386,47,8.64,,"P. Ramond, in “International Symposium on Fundamentals of Quantum Theory and Quantum Field Theory,” (1979), [hep-ph/9809459]."
U0573,B29,GONZALEZ-GARCIA,NAO,G012,OK,,143150,T. Yanagida,Yanagida,1,1979,1979,1979-02,,,"Conf. Proc. C 7902131, 95",Horizontal gauge symmetry and masses of neutrinos,2623,2568,47,55.81,conference paper,"T. Yanagida, Conf. Proc. C 7902131, 95 (1979)."
U0574,B29,AGOSTINI,NAO,A713,OK,,144673,Weinberg,Weinberg,1,1979,1979,1979,,,"Phys.Rev.Lett. 43, 1566",Baryon and Lepton Nonconserving Processes,2869,2860,47,61.04,article,"Weinberg, S (1979), “Baryon and lepton nonconserving processes,” Phys.Rev.Lett. 43, 1566-1570."
U0575,B29,AGOSTINI,NAO,A719,OK,,8309,Wilczek,Wilczek,2,1979,1979,1979-09,,,"Phys.Rev.Lett. 43, 1571",Operator Analysis of Nucleon Decay,694,679,47,14.77,article,"Wilczek, F, and A. Zee (1979), “Operator analysis of nucleon decay,” Phys.Rev.Lett. 43, 1571-1573."
U0576,B29,AGOSTINI,NAO,A727,OK,U0573,143150,Yanagida,Yanagida,1,1979,1979,1979-02,,,"Conf. Proc. C 7902131, 95 (Vol. 7902131, pp. 95-99)",Horizontal gauge symmetry and masses of neutrinos,2623,2568,47,55.81,conference paper,"Yanagida, Y (1979), “Horizontal gauge symmetry and masses of neutrinos,” in Horizontal gauge symmetry and masses of neutrinos, Vol. 7902131, pp. 95-99."
U0578,B29,GONZALEZ-GARCIA,NAO,G014,OK,,141750,J. Schechter and J. W. F. Valle,Schechter,2,1980,1979,1979-07,,,"Phys. Rev. D21, 309",Comment on the Lepton Mixing Matrix,109,45,47,2.32,article,"J. Schechter and J. W. F. Valle, Phys. Rev. D21, 309 (1980)."
U0580,B29,AGOSTINI,NAO,A544,OK,,143802,Mohapatra,Mohapatra,2,1980,1979,1979-11,,,"Phys.Rev.Lett. 44, 912",Neutrino Mass and Spontaneous Parity Nonconservation,7464,7079,47,158.81,article,"Mohapatra, R N, and G. Senjanovic (1980), “Neutrino mass and spontaneous parity nonconservation,” Phys.Rev.Lett. 44, 912."
U0583,B30,GONZALEZ-GARCIA,NAO,G013,OK,U0580,143802,R. N. Mohapatra and G. Senjanovic,"Mohapatra, R.N.",2,1980,1979,1979-11,,,"Phys. Rev. Lett. 44, 912",Neutrino Mass and Spontaneous Parity Nonconservation,7464,7079,47,158.81,article,"R. N. Mohapatra and G. Senjanovic, Phys. Rev. Lett. 44, 912 (1980)."
U0577,B29,AGOSTINI,NAO,A167,OK,,154335,Bilenky,Bilenky,3,1980,1980,1980-05,,,"Phys.Lett.B 94, 495",On Oscillations of Neutrinos with Dirac and Majorana Masses,759,596,46,16.5,article,"Bilenky, S M, J. Hosek, and S.T. Petcov (1980), “On oscillations of neutrinos with dirac and majorana masses,” Phys.Lett.B 94, 495-498."
U0579,B29,GONZALEZ-GARCIA,NAO,G015,OK,,153987,J. Schechter and J. W. F. Valle,Schechter,2,1980,1980,1980-06,,,"Phys. Rev. D22, 2227",Neutrino Masses in SU(2) x U(1) Theories,4227,3890,46,91.89,article,"J. Schechter and J. W. F. Valle, Phys. Rev. D22, 2227 (1980)."
U0581,B30,AGOSTINI,NAO,A557,OK,,2948557,Neuhauser,Neuhauser,4,1980,1980,1980-09-01,,,"Phys. Rev. A 22, 1137",Localized visible Ba+ mono-ion oscillator,103,98,46,2.24,article,"Neuhauser, W, M. Hohenstatt, P. E. Toschek, and H. Dehmelt (1980), “Localized visible Ba+ mono-ion oscillator,” Phys. Rev. A 22 (3), 1137-1140."
U0582,B30,GONZALEZ-GARCIA,NAO,G233,OK,,9256,R. E. Shrock,"Shrock, R.E.",1,1980,1980,1980-04,,,"Phys. Lett. 96B, 159","New Tests For, and Bounds On, Neutrino Masses and Lepton Mixing",416,381,46,9.04,article,"R. E. Shrock, Phys. Lett. 96B, 159 (1980)."
U0584,B30,GONZALEZ-GARCIA,NAO,G170,OK,U0577,154335,S. M. Bilenky,"Bilenky, S.M.",3,1980,1980,1980-05,,,"Phys. Lett. 94B, 495",On Oscillations of Neutrinos with Dirac and Majorana Masses,759,596,46,16.5,article,"S. M. Bilenky, J. Hosek and S. T. Petcov, Phys. Lett. 94B, 495 (1980)."
U0585,B30,GONZALEZ-GARCIA,NAO,G171,OK,,155743,V. D. Barger,"Barger, V.D.",3,1980,1980,1980-11,,,"Phys. Rev. Lett. 45, 2084",CP Nonconservation in Three-Neutrino Oscillations,203,179,46,4.41,article,"V. D. Barger, K. Whisnant and R. J. N. Phillips, Phys. Rev. Lett. 45, 2084 (1980)."
U0586,B30,AGOSTINI,NAO,A714,OK,,153177,Weinberg,"Weinberg, S.",1,1980,1980,1980-04-01,,,"Phys. Rev. D 22, 1694",Varieties of Baryon and Lepton Nonconservation,432,432,46,9.39,article,"Weinberg, S (1980), “Varieties of baryon and lepton nonconservation,” Phys.Rev.D 22, 1694."
U0588,B30,GONZALEZ-GARCIA,NAO,G138,OK,,158476,P. Vogel et al.,Vogel,et al. (N/D),1981,1980,1980-12,,,"Phys. Rev. C24, 1543",Reactor Anti-neutrino Spectra and Their Application to Anti-neutrino Induced Reactions. 2.,319,299,46,6.93,article,"P. Vogel et al., Phys. Rev. C24, 1543 (1981)."
U0587,B30,GONZALEZ-GARCIA,NAO,G016,OK,,164961,J. Schechter and J. W. F. Valle,"Schechter, J.",2,1981,1981,1981-04,,,"Phys. Rev. D24, 1883",Majorana Neutrinos and Magnetic Fields,433,330,45,9.62,article,"J. Schechter and J. W. F. Valle, Phys. Rev. D24, 1883 (1981), [Erratum: Phys. Rev.D25,283(1982)]."
U0592,B30,GONZALEZ-GARCIA,NAO,G039,OK,,169784,J. N. Bahcall et al.,Bahcall,et al. (N/D),1982,1981,1981-11,,,"Rev. Mod. Phys. 54, 767",Standard Solar Models and the Uncertainties in Predicted Capture Rates of Solar Neutrinos,473,452,45,10.51,article,"J. N. Bahcall et al., Rev. Mod. Phys. 54, 767 (1982)."
U0593,B30,GONZALEZ-GARCIA,NAO,G236,OK,,171180,J. Schechter and J. W. F. Valle,"Schechter, J.",2,1982,1981,1981-12,,,"Phys. Rev. D 25, 2951",Neutrinoless Double beta Decay in SU(2) x U(1) Theories,1248,1141,45,27.73,article,"J. Schechter and J. W. F. Valle, Phys. Rev. D 25, 2951 (1982)."
U0594,B30,AGOSTINI,NAO,A636,OK,U0593,171180,Schechter,"Schechter, J.",2,1982,1981,1981-12,,,"Phys. Rev. D 25, 2951",Neutrinoless Double beta Decay in SU(2) x U(1) Theories,1248,1141,45,27.73,article,"Schechter, J, and J.W.F. Valle (1982), “Neutrinoless double beta decay in su(2) x u(1) theories,” Phys.Rev.D 25, 2951."
U0589,B30,GONZALEZ-GARCIA,NAO,G230,OK,,179302,A. De Rujula and M. Lusignoli,"De Rujula, A.",2,1982,1982,1982-08,,,"Phys. Lett. 118B, 429",Calorimetric Measurements of $^{163}$Ho Decay as Tools to Determine the Electron Neutrino Mass,127,106,44,2.89,article,"A. De Rujula and M. Lusignoli, Phys. Lett. 118B, 429 (1982)."
U0590,B30,AGOSTINI,NAO,A162,OK,,188333,Bertsch,"Bertsch, G.F.",2,1982,1982,1982-09,,,"Phys. Rev. C 26, 1323",Gamow-Teller strength at high excitations,247,242,44,5.61,article,"Bertsch, G F, and I. Hamamoto (1982), “Gamow-Teller strength at high excitations,” Phys. Rev. C 26, 1323-1326."
U0591,B30,GONZALEZ-GARCIA,NAO,G135,OK,,184486,F. Von Feilitzsch,"von Feilitzsch, F.",3,1982,1982,1982,,,"Phys. Lett. 118B, 162",Experimental Beta Spectra from Pu-239 and U-235 Thermal Neutron Fission Products and Their Correlated Anti-neutrinos Spectra,336,322,44,7.64,article,"F. Von Feilitzsch, A. A. Hahn and K. Schreckenbach, Phys. Lett. 118B, 162 (1982)."
U0595,B30,AGOSTINI,NAO,A574,NAO_ENCONTRADO,,,Palaio,Palaio,4,1983,,,,,"Int. J. Infrared Milli. Waves 4 (6), 933-943 (1983)",Neutron-transmutation-doped germanium bolometers,,,43,,article,"Palaio, N P, M. Rodder, E. E. Haller, and E. Kreysa (1983), “Neutron-transmutation-doped germanium bolometers,” Int. J. Infrared Milli. Waves 4 (6), 933-943."
U0596,B30,AGOSTINI,NAO,A720,OK,,198855,Wildenthal,"Wildenthal, B.H.",3,1983,1983,1983-09,,,"Phys. Rev. C 28, 1343",Predicted features of the beta decay of neutron-rich sd-shell nuclei,154,127,43,3.58,article,"Wildenthal, B H, M. S. Curtin, and B. A. Brown (1983), “Predicted features of the beta decay of neutron-rich sdshell nuclei,” Phys. Rev. C 28, 1343-1366."
U0597,B30,AGOSTINI,NAO,A400,OK,,190286,Hall,"Hall, L.J.",2,1984,1983,1983-05,,,"Nucl. Phys. B 231, 419",Explicit R-Parity Breaking in Supersymmetric Models,1162,1145,43,27.02,article,"Hall, L J, and M. Suzuki (1984), “Explicit r-parity breaking in supersymmetric models,” Nucl.Phys.B 231, 419-444."
U0598,B30,AGOSTINI,NAO,A401,OK,,2063822,Haller,"Haller, E.E.",5,1984,1984,1984,,,"Neutron Transmutation Doping of Semiconductor Materials (Springer US, 1984), pp. 21-36",NTD Germanium: A Novel Material for Low Temperature Bolometers,22,22,42,0.52,book chapter,"Haller, E E, N. P. Palaio, M. Rodder, W. L. Hansen, and E. Kreysa (1984), “Ntd germanium: A novel material for low temperature bolometers,” in Neutron Transmutation Doping of Semiconductor Materials, edited by R. D. Larrabee (Springer US, Boston, MA) pp. 21-36."
U0604,B31,AGOSTINI,NAO,A627,OK,,15873,Ross,"Ross, G.G.",2,1985,1984,1984-11,,,"Phys. Lett. B 151, 375",Supersymmetric Models Without R-Parity,523,430,42,12.45,article,"Ross, G G, and J.W.F. Valle (1985), “Supersymmetric models without r-parity,” Phys.Lett.B 151, 375-381."
U0599,B30,GONZALEZ-GARCIA,NAO,G202,OK,,216470,C. Jarlskog,"Jarlskog, C.",1,1985,1985,1985-06,,,"Phys. Rev. Lett. 55, 1039",Commutator of the Quark Mass Matrices in the Standard Electroweak Model and a Measure of Maximal CP Violation,2328,2300,41,56.78,article,"C. Jarlskog, Phys. Rev. Lett. 55, 1039 (1985)."
U0600,B30,AGOSTINI,NAO,A277,OK,,219743,Doi,"Doi, M.",3,1985,1985,1985-08-01,,,"Prog. Theor. Phys. Suppl. 83, 1",Double beta Decay and Majorana Neutrino,922,910,41,22.49,article,"Doi, M, T. Kotani, and E. Takasugi (1985), “Double beta Decay and Majorana Neutrino,” Prog. Theor. Phys. Suppl. 83, 1."
U0601,B31,GONZALEZ-GARCIA,NAO,G057,OK,,221579,H. H. Chen,"Chen, H.H.",1,1985,1985,1985-09,,,"Phys. Rev. Lett. 55, 1534",Direct Approach to Resolve the Solar Neutrino Problem,277,267,41,6.76,article,"H. H. Chen, Phys. Rev. Lett. 55, 1534 (1985)."
U0602,B31,GONZALEZ-GARCIA,NAO,G136,OK,,221757,K. Schreckenbach et al.,"Schreckenbach, K.",,1985,1985,1985,,,"Phys. Lett. 160B, 325",Determination of the Anti-neutrino Spectrum From U-235 Thermal Neutron Fission Products up to 9.5-MeV,542,518,41,13.22,article,"K. Schreckenbach et al., Phys. Lett. 160B, 325 (1985)."
U0603,B31,AGOSTINI,NAO,A484,OK,,214544,Kuzmin,"Kuzmin, V.A.",3,1985,1985,1985-01,,,"Phys. Lett. B 155, 36",On the Anomalous Electroweak Baryon Number Nonconservation in the Early Universe,3848,3739,41,93.85,article,"Kuzmin, VA, V.A. Rubakov, and M.E. Shaposhnikov (1985), “On the Anomalous Electroweak Baryon Number Nonconservation in the Early Universe,” Phys. Lett. B 155, 36."
U0605,B31,GONZALEZ-GARCIA,NAO,G038,OK,,228623,S. P. Mikheyev and A. Y. Smirnov,"Mikheyev, S.P.",2,1985,1985,1985,,,"Sov. J. Nucl. Phys. 42, 913",Resonance Amplification of Oscillations in Matter and Spectroscopy of Solar Neutrinos,4429,4352,41,108.02,article,"S. P. Mikheyev and A. Y. Smirnov, Sov. J. Nucl. Phys. 42, 913 (1985)."
U0606,B31,GONZALEZ-GARCIA,NAO,G027,OK,,239173,A. Halprin,"Halprin, A.",1,1986,1986,1986,,,"Phys. Rev. D 34, 3462",Neutrino Oscillations in Nonuniform Matter,55,54,40,1.38,article,"A. Halprin, Phys. Rev. D34, 3462 (1986)."
U0607,B31,AGOSTINI,NAO,A110,OK,,239031,Avignone,"Avignone, F.T.",6,1986,1986,1986,,,"Phys. Rev. C 34, 666",Search for the Double Beta Decay of 76Ge,67,57,40,1.68,article,"Avignone, F T, H. S. Miley, R. L. Brodzinski, J. C. Evans, W. K. Hensley, and J. H. Reeves (1986), “Search for the Double Beta Decay of 76 Ge,” Phys. Rev. C 34, 666-677."
U0608,B31,AGOSTINI,NAO,A347,OK,,226949,Fukugita,"Fukugita, M.",2,1986,1986,1986-01,,,"Phys. Lett. B 174, 45",Baryogenesis Without Grand Unification,4907,4730,40,122.67,article,"Fukugita, M, and T. Yanagida (1986), “Baryogenesis Without Grand Unification,” Phys. Lett. B 174, 45-47."
U0609,B31,GONZALEZ-GARCIA,NAO,G035,OK,,229055,S. J. Parke,"Parke, S.J.",1,1986,1986,1986-05,,,"Phys. Rev. Lett. 57, 1275",Nonadiabatic Level Crossing in Resonant Neutrino Oscillations,557,540,40,13.93,article,"S. J. Parke, Phys. Rev. Lett. 57, 1275 (1986)."
U0610,B31,AGOSTINI,NAO,A699,OK,,239836,Vogel,"Vogel, P.",2,1986,1986,1986,,,"Phys. Rev. Lett. 57, 3148",Suppression of the Two Neutrino Double beta Decay by Nuclear Structure Effects,412,395,40,10.3,article,"Vogel, P, and M. R. Zirnbauer (1986), “Suppression of the Two Neutrino Double beta Decay by Nuclear Structure Effects,” Phys. Rev. Lett. 57, 3148-3151."
U0611,B31,GONZALEZ-GARCIA,NAO,G036,OK,,237291,W. C. Haxton,"Haxton, W.C.",1,1986,1986,1986,,,"Phys. Rev. Lett. 57, 1271",Adiabatic Conversion of Solar Neutrinos,284,261,40,7.1,article,"W. C. Haxton, Phys. Rev. Lett. 57, 1271 (1986)."
U0616,B31,GONZALEZ-GARCIA,NAO,G172,OK,,229054,P. Langacker et al.,"Langacker, P.",,1987,1986,1986-04,,,"Nucl. Phys. B 282, 589",Implications of the Mikheev-Smirnov-Wolfenstein (MSW) Mechanism of Amplification of Neutrino Oscillations in Matter,308,220,40,7.7,article,"P. Langacker et al., Nucl. Phys. B282, 589 (1987)."
U0612,B31,AGOSTINI,NAO,A084,OK,,263563,Arima,"Arima, A.",4,1987,1987,1987,,,"Adv. Nucl. Phys. 18, 1",Nuclear Magnetic Properties and Gamow-teller Transitions,151,131,39,3.87,article,"Arima, A, K. Shimizu, W. Bentz, and H. Hyuga (1987), “Nuclear Magnetic Properties and Gamow-teller Transitions,” Adv. Nucl. Phys. 18, 1-106."
U0613,B31,AGOSTINI,NAO,A170,OK,,245424,Bochkarev,"Bochkarev, A.I.",2,1987,1987,1987-04,,,"Mod. Phys. Lett. A 2, 417",Electroweak Production of Baryon Asymmetry and Upper Bounds on the Higgs and Top Masses,244,213,39,6.26,article,"Bochkarev, AI, and M.E. Shaposhnikov (1987), “Electroweak Production of Baryon Asymmetry and Upper Bounds on the Higgs and Top Masses,” Mod. Phys. Lett. A 2, 417."
U0614,B31,AGOSTINI,NAO,A191,OK,,1453561,Brown,"Brown, B.A.",2,1987,1987,1987,,,"Nucl. Phys. A 474, 290",Empirically optimum M1 operator for sd-shell nuclei,124,85,39,3.18,article,"Brown, B A, and B. H. Wildenthal (1987), “Empirically optimum M1 operator for sd-shell nuclei,” Nucl. Phys. A 474, 290-306."
U0615,B31,AGOSTINI,NAO,A302,OK,,254192,Elliott,"Elliott, S.R.",3,1987,1987,1987,,,"Phys. Rev. Lett. 59, 2020",Direct Evidence for Two Neutrino Double Beta Decay in 82Se,372,363,39,9.54,article,"Elliott, S R, A. A. Hahn, and M. K. Moe (1987), “Direct Evidence for Two Neutrino Double Beta Decay in 82 Se,” Phys. Rev. Lett. 59, 2020-2023."
U0617,B31,GONZALEZ-GARCIA,NAO,G037,OK,,245199,S. T. Petcov,"Petcov, S.T.",1,1987,1987,1987,,,"Phys. Lett. B 191, 299",On the Nonadiabatic Neutrino Oscillations in Matter,66,51,39,1.69,article,"S. T. Petcov, Phys. Lett. B 191, 299 (1987)."
U0619,B31,AGOSTINI,NAO,A123,OK,,250346,Bahcall,"Bahcall, J.N.",2,1988,1987,1987-09,,,"Rev. Mod. Phys. 60, 297","Solar Models, Neutrino Experiments and Helioseismology",1021,968,39,26.18,article,"Bahcall, J N, and R. K. Ulrich (1988), “Solar Models, Neutrino Experiments and Helioseismology,” Rev. Mod. Phys. 60, 297-372."
U0620,B31,AGOSTINI,NAO,A136,OK,,248280,Barbieri,"Barbieri, R.",2,1988,1987,1987-08,,,"Nucl. Phys. B 306, 63",Upper Bounds on Supersymmetric Particle Masses,1556,1527,39,39.9,article,"Barbieri, R, and G.F. Giudice (1988), “Upper Bounds on Supersymmetric Particle Masses,” Nucl. Phys. B 306, 63- 76."
U0623,B32,GONZALEZ-GARCIA,NAO,G029,OK,,250258,P. D. Mannheim,"Mannheim, P.D.",1,1988,1987,1987-09,,,"Phys. Rev. D37, 1935 (1988)",Derivation of the Formalism for Neutrino Matter Oscillations From the Neutrino Relativistic Field Equations,90,90,39,2.31,article,"P. D. Mannheim, Phys. Rev. D37, 1935 (1988)."
U0628,B32,GONZALEZ-GARCIA,NAO,G004,OK,,284802,B. Kayser,"Kayser, B.",3,1989,1987,1987-12,,,"World Sci. Lect. Notes Phys. 25, 1 (1989)",The Physics of Massive Neutrinos,45,44,39,1.15,book,"B. Kayser, F. Gibrat-Debu and F. Perrier, World Sci. Lect. Notes Phys. 25, 1 (1989)."
U0663,B34,AGOSTINI,NAO,A681,OK,,260279,Towner,"Towner, I.S.",1,1997,1987,1987-11,,,"Phys. Rept. 155, 263",Quenching of spin matrix elements in nuclei,342,323,39,8.77,article,"Towner, IS (1997), “Quenching of spin matrix elements in nuclei,” Phys. Rep. 155, 263."
U0618,B31,GONZALEZ-GARCIA,NAO,G028,OK,,260766,A. J. Baltz and J. Weneser,"Baltz, A.J.",2,1988,1988,1988-01,,,"Phys. Rev. D 37, 3364",Matter Oscillations: Neutrino Transformation in the Sun and Regeneration in the Earth,144,135,38,3.79,article,"A. J. Baltz and J. Weneser, Phys. Rev. D37, 3364 (1988)."
U0621,B32,AGOSTINI,NAO,A308,OK,,264300,Engel,"Engel, J.",3,1988,1988,1988,,,"Phys. Rev. C 37, 731-746 (1988)",Nuclear Structure Effects in Double beta Decay,332,294,38,8.74,article,"Engel, J, P. Vogel, and M. R. Zirnbauer (1988), “Nuclear Structure Effects in Double beta Decay,” Phys. Rev. C 37, 731-746."
U0622,B32,GONZALEZ-GARCIA,NAO,G080,OK,,23245,K. S. Hirata et al. (Kamiokande-II),"Hirata, K.S.",,1988,1988,1988,,,"Phys. Lett. B 205, 416 (1988)",Experimental Study of the Atmospheric Neutrino Flux,1040,942,38,27.37,article,"K. S. Hirata et al. (Kamiokande-II), Phys. Lett. B 205, 416 (1988)."
U0624,B32,AGOSTINI,NAO,A698,OK,,261276,Vogel,"Vogel, P.",3,1988,1988,1988-03,,,"Phys. Lett. B 212, 259-263 (1988)",Sum Rules for Two Particle Operators and Double Beta Decay,47,40,38,1.24,article,"Vogel, P, M. Ericson, and J. D. Vergados (1988), “Sum Rules for Two Particle Operators and Double Beta Decay,” Phys. Lett. B 212, 259-263."
U0625,B32,AGOSTINI,NAO,A711,NAO_ENCONTRADO,,,Warburton,"Warburton, E.K.",4,1988,,,,,"Ann. Phys. 187, 471 (1988)",First-forbidden beta decay near a = 40,,,38,,article,"Warburton, E K, J. A. Becker, B. A. Brown, and D. J. Millener (1988), “First-forbidden beta decay near a = 40,” Ann. Phys. 187, 471."
U0631,B32,GONZALEZ-GARCIA,NAO,G083,OK,,260484,M. Aglietta et al. (NUSEX),"Aglietta, M.",,1989,1988,1988-11,,,"Europhys. Lett. 8, 611 (1989)",Experimental study of atmospheric neutrino flux in the NUSEX experiment,492,483,38,12.95,article,"M. Aglietta et al. (NUSEX), Europhys. Lett. 8, 611 (1989)."
U0626,B32,GONZALEZ-GARCIA,NAO,G137,OK,,280774,A. A. Hahn et al.,"Hahn, A.A.",,1989,1989,1989-09-10,,,"Phys. Lett. B218, 365 (1989)",Anti-neutrino Spectra From 241Pu and 239Pu Thermal Neutron Fission Products,466,446,37,12.59,article,"A. A. Hahn et al., Phys. Lett. B218, 365 (1989)."
U0627,B32,AGOSTINI,NAO,A107,NAO_ENCONTRADO,,,Auerbach,"Auerbach, N.",3,1989,,,,,"Annals Phys. 192, 77 (1989)",,,,37,,article,"Auerbach, N, L. Zamick, and D. C. Zheng (1989), Annals Phys. 192, 77."
U0629,B32,GONZALEZ-GARCIA,NAO,G001,OK,,286838,J. N. Bahcall,"Bahcall, J.N.",1,1989,1989,1989,,,,NEUTRINO ASTROPHYSICS,136,134,37,3.68,book,"J. N. Bahcall, NEUTRINO ASTROPHYSICS (1989), ISBN 9780521379755."
U0630,B32,GONZALEZ-GARCIA,NAO,G051,OK,,277623,K. S. Hirata et al. (Kamiokande-II),"Hirata, K.S.",,1989,1989,1989-04,,,"Phys. Rev. Lett. 63, 16 (1989)",Observation of B-8 Solar Neutrinos in the Kamiokande-II Detector,755,696,37,20.41,article,"K. S. Hirata et al. (Kamiokande-II), Phys. Rev. Lett. 63, 16 (1989)."
U0632,B32,GONZALEZ-GARCIA,NAO,G034,OK,,277132,T.-K. Kuo and J. T. Pantaleone,"Kuo, T.K.",2,1989,1989,1989-03,,,"Rev. Mod. Phys. 61, 937 (1989)",Neutrino Oscillations in Matter,707,668,37,19.11,article,"T.-K. Kuo and J. T. Pantaleone, Rev. Mod. Phys. 61, 937 (1989)."
U0635,B32,AGOSTINI,NAO,A258,OK,,284411,Decamp,"Decamp, D.",,1990,1989,1989-12,,,"Phys.Lett.B 235, 399-411 (1990)",A Precise Determination of the Number of Families With Light Neutrinos and of the Z Boson Partial Widths,293,257,37,7.92,article,"Decamp, D, et al. (ALEPH) (1990), “A precise determination of the number of families with light neutrinos and of the z boson partial widths,” Phys.Lett.B 235, 399-411."
U0637,B32,AGOSTINI,NAO,A688,OK,,288822,Vasenko,"Vasenko, A.A.",10,1990,1989,1989,,,"Mod. Phys. Lett. A 5, 1299-1306 (1990)",New Results in the Itep / Yepi Double Beta Decay Experiment With Enriched Germanium Detector,111,101,37,3.0,article,"Vasenko, A A, I. V. Kirpichnikov, V. A. Kuznetsov, A. S. Starostin, A. G. Dzhanian, G. E. Markosian, V. M. Oganesian, V. S. Pogosov, A. G. Tamanian, and S. R. Shakhazizian (1990), “New Results in the Itep / Yepi Double Beta Decay Experiment With Enriched Germanium Detector,” Mod. Phys. Lett. A 5, 1299-1306."
U0633,B32,AGOSTINI,NAO,A186,OK,,312857,Brodzinski,"Brodzinski, R.L.",4,1990,1990,1990-07,,,"Nucl. Instrum. Meth. A 292, 337-342 (1990)",Further reduction of radioactive backgrounds in ultrasensitive germanium spectrometers,36,25,36,1.0,article,"Brodzinski, R L, H. S. Miley, J. H. Reeves, and F. T. Avignone (1990), “Further reduction of radioactive backgrounds in ultrasensitive germanium spectrometers,” Nucl. Instrum. Meth. A 292, 337-342."
U0634,B32,AGOSTINI,NAO,A211,OK,,305784,Caurier,"Caurier, E.",3,1990,1990,1990,,,"Phys. Lett. B 252, 13-17 (1990)",A Full 0 h-bar omega description of the 2 neutrino beta beta decay of Ca-48,127,111,36,3.53,article,"Caurier, E, A. P. Zuker, and A. Poves (1990), “A Full 0~ω description of the 2νββ decay of 48 Ca,” Phys. Lett. B 252, 13-17."
U0636,B32,AGOSTINI,NAO,A405,OK,,296759,Harvey,"Harvey, J.A.",2,1990,1990,1990-03,,,"Phys. Rev. D 42, 3344-3349 (1990)",Cosmological Baryon and Lepton Number in the Presence of Electroweak Fermion Number Violation,1066,1066,36,29.61,article,"Harvey, J A, and M. S. Turner (1990), “Cosmological baryon and lepton number in the presence of electroweak fermion number violation,” Phys. Rev. D 42, 3344-3349."
U0638,B32,GONZALEZ-GARCIA,NAO,G081,OK,,299432,D. Casper et al.,"Casper, D.",,1991,1990,1990-09,,,"Phys. Rev. Lett. 66, 2561 (1991)",Measurement of atmospheric neutrino composition with IMB-3,840,790,36,23.33,article,"D. Casper et al., Phys. Rev. Lett. 66, 2561 (1991)."
U0003,B01,GONZALEZ-GARCIA,NAO,G008,OK,,322331,A. Pilaftsis,"Pilaftsis, A.",1,1992,1991,1991-12,hep-ph/9901206,10.1007/BF01482590,"Z.Phys. C55, 275",Radiatively induced neutrino masses and large Higgs neutrino couplings in the standard model with Majorana fields,465,407,35,13.29,,"A. Pilaftsis, Z. Phys. C55, 275 (1992), [hep-ph/9901206]."
U0639,B32,AGOSTINI,NAO,A296,OK,,320078,Ejiri,"Ejiri, H.",,1991,1991,1991,,,"Phys. Lett. B 258, 17-23 (1991)",Double beta decays of Mo-100,132,99,35,3.77,article,"Ejiri, H, et al. (1991), “Double beta decays of Mo-100,” Phys. Lett. B 258, 17-23."
U0640,B32,AGOSTINI,NAO,A304,OK,,323588,Elliott,"Elliott, S.R.",4,1991,1991,1991,,,"J. Phys. G 17, S145-S153 (1991)",The Double beta decay spectrum of Mo-100 as measured with a TPC,49,44,35,1.4,article,"Elliott, S R, M. K. Moe, M. A. Nelson, and M. A. Vient (1991), “The Double beta decay spectrum of Mo-100 as measured with a TPC,” J. Phys. G 17, S145-S153."
U0641,B33,AGOSTINI,NAO,A542;A543,OK,,324833,Moe,"Moe, M.K.",1,1991,1991,1991,,,"Phys. Rev. C44, 931-934",New approach to the detection of neutrinoless double beta decay,81,81,35,2.31,article,"Moe, M K (1991a), “New approach to the detection of neutrinoless double beta decay,” Phys. Rev. C44, 931-934, [,1019(1991)]."
U0642,B33,GONZALEZ-GARCIA,NAO,G084,OK,,332360,K. S. Hirata et al. (Kamiokande-II),"Hirata, K.S. et al.",,1992,1992,1992-01,,,"Phys. Lett. B280, 146",Observation of a small atmospheric muon-neutrino / electron-neutrino ratio in Kamiokande,1196,1125,34,35.18,article,"K. S. Hirata et al. (Kamiokande-II), Phys. Lett. B280, 146 (1992)."
U0643,B33,GONZALEZ-GARCIA,NAO,G003,OK,,383968,C. W. Kim and A. Pevsner,"Kim, C.W. and Pevsner, A.",2,1993,1993,1993,,,"Contemp. Concepts Phys. 8, 1",Neutrinos in physics and astrophysics,22,22,33,0.67,book,"C. W. Kim and A. Pevsner, Contemp. Concepts Phys. 8, 1 (1993)."
U0644,B33,AGOSTINI,NAO,A220,OK,,370205,Chuo,"Chung, W.T., Wildenthal, B.H. and Brown, B.A.",3,1993,1993,1993-01,,,"Phys. Rev. C 47, 163",Gamow-Teller beta-decay rates for A <= 18 nuclei,159,138,33,4.82,article,"Chuo, W T, B. H. Wildenthal, and B. A. Brown (1993), “,” Phys. Rev. C 47, 163."
U0645,B33,AGOSTINI,NAO,A739,NAO_ENCONTRADO,,,Zeldovich,"Zeldovich, Y.B., Jackson, E. and Granik, A.",3,1993,,,,,"Selected Works of Yakov Borisovich Zeldovich, Vol. II (Princeton University Press), pp. 56-61",On the theory of elementary particles.: Conservation of the nuclear charge and a possible new type of v-particles,,,33,,book chapter,"Zeldovich, Y B, E. Jackson, and A. Granik (1993), “On the theory of elementary particles.: Conservation of the nuclear charge and a possible new type of v-particles,” in Selected Works of Yakov Borisovich Zeldovich, Volume II: Particlies, Nuclei, and the Universe (Princeton University Press) pp. 56-61."
U0004,B01,AGOSTINI,NAO,A121,OK,,371451,Bahcall,"Bahcall, J.N.",1,1994,1994,1994-01,astro-ph/9401024,10.1103/PhysRevD.49.3923,"Phys.Rev. D49, 3923",The Be-7 solar neutrino line: A Reflection of the central temperature distribution of the sun,83,75,32,2.59,,"Bahcall, J N (1994), “The Be-7 solar neutrino line: A Reflection of the central temperature distribution of the sun,” Phys. Rev. D 49, 3923-3945, arXiv:astro-ph/9401024."
U0646,B33,AGOSTINI,NAO,A551,OK,,386231,Muto,"Muto, K.",1,1994,1994,1994,,,"Nucl. Phys. A 577, 415C-420C",Neutrinoless double beta decay beyond closure approximation,10,10,32,0.31,article,"Muto, K (1994), “Neutrinoless double beta decay beyond closure approximation,” Nucl. Phys. A 577, 415C-420C."
U0647,B33,GONZALEZ-GARCIA,NAO,G085,OK,,375027,Y. Fukuda et al. (Kamiokande),"Fukuda, Y. et al.",,1994,1994,1994-06,,,"Phys. Lett. B335, 237",Atmospheric muon-neutrino / electron-neutrino ratio in the multiGeV energy range,1401,1289,32,43.78,article,"Y. Fukuda et al. (Kamiokande), Phys. Lett. B335, 237 (1994)."
U0651,B33,AGOSTINI,NAO,A238,OK,,380757,Cousins,"Cousins, R.D.",1,1995,1994,1994-09,,,"Am. J. Phys. 63, 398",Why isn't every physicist a Bayesian?,149,147,32,4.66,article,"Cousins, R D (1995), “Why isn’t every physicist a Bayesian?” Am. J. Phys. 63, 398."
U0654,B33,AGOSTINI,NAO,A249,OK,,377498,Dassie,"Dassie, D. et al.",,1995,1994,1994-06,,,"Phys. Rev. D 51, 2090-2100",Two neutrino double beta decay measurement of Mo-100,106,59,32,3.31,article,"Dassie, D, et al. (NEMO) (1995), “Two neutrino double beta decay measurement of Mo-100,” Phys. Rev. D 51, 2090- 2100."
U0804,B41,AGOSTINI,NAO,A471,OK,,383846,van Kolck,van Kolck,1,1994,1994,1994-06-01,,,"Phys. Rev. C 49, 2932-2941",Few nucleon forces from chiral Lagrangians,637,595,32,19.91,article,"van Kolck, U (1994), “Few nucleon forces from chiral Lagrangians,” Phys. Rev. C 49, 2932-2941."
U0007,B01,GONZALEZ-GARCIA,NAO,G218,OK,,394094,J. J. Gomez-Cadenas and M. C. Gonzalez-Garcia,"Gomez-Cadenas, J.J.",2,1996,1995,1995-04,hep-ph/9504246,10.1007/s002880050189,"Z.Phys. C71, 443",Future tau-neutrino oscillation experiments and present data,149,136,31,4.81,,"J. J. Gomez-Cadenas and M. C. Gonzalez-Garcia, Z. Phys. C71, 443 (1996), [hep-ph/9504246]."
U0008,B01,AGOSTINI,NAO,A456,OK,,400614,Kajantie,"Kajantie, K.",4,1996,1995,1995-10,hep-lat/9510020,10.1016/0550-3213(96)00052-1,"Nucl.Phys. B466, 189",The Electroweak phase transition: A Nonperturbative analysis,633,581,31,20.42,,"Kajantie, K, M. Laine, K. Rummukainen, and M. E. Shaposhnikov (1996), “The Electroweak phase transition: A Nonperturbative analysis,” Nucl. Phys. B 466, 189-258, arXiv:hep-lat/9510020."
U0648,B33,AGOSTINI,NAO,A072,OK,,394879,Ambrosio,"Ambrosio, M. et al.",,1995,1995,1995-02,,,"Phys. Rev. D 52, 3793-3802",Vertical muon intensity measured with MACRO at the Gran Sasso Laboratory,261,218,31,8.42,article,"Ambrosio, M, et al. (MACRO) (1995), “Vertical muon intensity measured with MACRO at the Gran Sasso Laboratory,” Phys. Rev. D 52, 3793-3802."
U0649,B33,AGOSTINI,NAO,A091,OK,,404358,Arnold,"Arnold, R. et al.",,1995,1995,1995,,,"JETP Lett. 61, 170-174",Observation of two neutrino double beta decay of Cd-116 with the tracking detector NEMO-2,18,9,31,0.58,article,"Arnold, R, et al. (NEMO) (1995), “Observation of two neutrino double beta decay of Cd-116 with the tracking detector NEMO-2,” JETP Lett. 61, 170-174."
U0650,B33,AGOSTINI,NAO,A132,OK,,399933,Barabash,"Barabash, A.S. et al.",,1995,1995,1995,,,"Phys. Lett. B 345, 408-413",Two neutrino double beta decay of Mo-100 to the first excited 0+ state in Ru-100,105,67,31,3.39,article,"Barabash, A S, et al. (1995), “Two neutrino double beta decay of Mo-100 to the first excited 0+ state in Ru-100,” Phys. Lett. B 345, 408-413."
U0652,B33,GONZALEZ-GARCIA,NAO,G107,OK,,1673806,D. Beavis et al. (E899) (1995),"Beavis, D. et al.",,1995,1995,1995-04-01,,,BNL-52459,Long Baseline Neutrino Oscillation Experiment at the AGS Approved by the HENPAC as AGS Experiment 889,47,40,31,1.52,report,"D. Beavis et al. (E899) (1995), BNL-52459."
U0653,B33,AGOSTINI,NAO,A248,OK,,400302,Danevich,"Danevich, F.A. et al.",8,1995,1995,1995,,,"Phys. Lett. B 344, 72-78",The Research of double beta decay of Cd-116 with enriched Cd-116WO-4 crystal scintillators,104,55,31,3.35,article,"Danevich, F A, A. Sh. Georgadze, V. V. Kobychev, B. N. Kropivyansky, V. N. Kuts, A. S. Nikolaiko, V. I. Tretyak, and Yu. Zdesenko (1995), “The Research of double beta decay of Cd-116 with enriched Cd-116WO-4 crystal scintillators,” Phys. Lett. B 344, 72-78."
U0655,B33,AGOSTINI,NAO,A297,OK,,404362,Ejiri,"Ejiri, H. et al.",,1995,1995,1995,,,"J. Phys. Soc. Jap. 64, 339-343",Double beta decays of Cd-116,53,34,31,1.71,article,"Ejiri, H, et al. (1995), “Double beta decays of Cd-116,” J. Phys. Soc. Jap. 64, 339-343."
U0656,B33,AGOSTINI,NAO,A441,OK,,2735458,Irwin,"Irwin, K.D.",1,1995,1995,1995-04-10,,10.1063/1.113674,Applied Physics Letters 66 (15),An application of electrothermal feedback for high resolution cryogenic particle detection,229,203,31,7.39,article,"Irwin, KD (1995), “An application of electrothermal feedback for high resolution cryogenic particle detection,” Applied Physics Letters 66 (15), 10.1063/1.113674."
U0657,B33,GONZALEZ-GARCIA,NAO,G082,OK,,378141,K. Daum et al. (Frejus),"Daum, K. et al.",,1995,1995,1994,,,"Z. Phys. C66, 417",Determination of the atmospheric neutrino spectra with the Frejus detector,427,404,31,13.77,article,"K. Daum et al. (Frejus), Z. Phys. C66, 417 (1995)."
U0658,B33,AGOSTINI,NAO,A597,OK,,406729,Poves,"Poves, A., Bahukutumbi, R.P., Langanke, K. and Vogel, P.",4,1995,1995,1995,,,"Phys. Lett. B 361, 1-4",Double beta decay of Ca-48 revisited,31,27,31,1.0,article,"Poves, A, R. P. Bahukutumbi, K. Langanke, and P. Vogel (1995), “Double beta decay of 48 Ca revisited,” Phys. Lett. B 361, 1-4."
U0005,B01,AGOSTINI,NAO,A122,OK,,418092,Bahcall,"Bahcall, J.N.",6,1996,1996,1996-01,nucl-th/9601044,10.1103/PhysRevC.54.411,"Phys.Rev. C54, 411",Standard neutrino spectrum from B-8 decay,279,230,30,9.3,,"Bahcall, J N, E. Lisi, D. E. Alburger, L. De Braeckeleer, S. J. Freedman, and J. Napolitano (1996), “Standard neutrino spectrum from B-8 decay,” Phys. Rev. C 54, 411-422, arXiv:nucl-th/9601044."
U0006,B01,AGOSTINI,NAO,A127,OK,,421580,Balysh,"Balysh, A.",10,1996,1996,1996-08,nucl-ex/9608001,10.1103/PhysRevLett.77.5186,"Phys.Rev.Lett. 77, 5186",Double beta decay of Ca-48,112,105,30,3.73,,"Balysh, A, A. S. De Silva, V. I. Lebedev, K. Lou, M. K. Moe, M. A. Nelson, A. Piepke, A. Pronsky, M. A. Vient, and P. Vogel (1996), “Double beta decay of 48 Ca,” Phys. Rev. Lett. 77, 5186-5189, arXiv:nucl-ex/9608001."
U0009,B01,AGOSTINI,NAO,A560,OK,,419885,Nilles,"Nilles, H.P.",2,1997,1996,1996-05,hep-ph/9606388,10.1016/S0550-3213(96)00511-1,"Nucl.Phys. B484, 33","Supersymmetric neutrino masses, R symmetries, and the generalized mu problem",225,217,30,7.5,,"Nilles, H-P, and N. Polonsky (1997), “Supersymmetric neutrino masses, r symmetries, and the generalized µ problem,” Nucl.Phys.B 484, 33-62, arXiv:hep-ph/9606388."
U0659,B33,AGOSTINI,NAO,A092,OK,,432186,Arnold,"Arnold, R. et al.",,1996,1996,1996,,,"Z. Phys. C 72, 239-247",Double-beta decay of Cd-116,86,38,30,2.87,article,"Arnold, R, et al. (NEMO) (1996), “Double-beta decay of Cd- 116,” Z. Phys. C 72, 239-247."
U0660,B33,GONZALEZ-GARCIA,NAO,G052,OK,,424743,Y. Fukuda et al. (Kamiokande),"Fukuda, Y. et al.",,1996,1996,1996-08,,,"Phys. Rev. Lett. 77, 1683",Solar neutrino data covering solar cycle 22,1309,1241,30,43.63,article,"Y. Fukuda et al. (Kamiokande), Phys. Rev. Lett. 77, 1683 (1996)."
U0661,B34,AGOSTINI,NAO,A160,OK,,425602,Bernard,"Bernard, V., Kaiser, N. and Meissner, U.-G.",3,1997,1996,1996-11,,,"Nucl. Phys. A 615, 483-500",Aspects of chiral pion - nucleon physics,319,216,30,10.63,article,"Bernard, V, N. Kaiser, and U.-G. Meissner (1997), “Aspects of chiral pion - nucleon physics,” Nucl. Phys. A 615, 483- 500."
U0924,B48,AGOSTINI,NAO,A520,OK,,417110,Martı́nez-Pinedo,"Martı́nez-Pinedo, G",4,1996,1996,1996-03,nucl-th/9603039,,"Phys. Rev. C 53, R2602",Effective $g_A$ in the pf shell,261,218,30,8.7,article,"Martı́nez-Pinedo, G, A. Poves, E. Caurier, and A. P. Zuker (1996), “Effective gA in the pf shell,” Phys. Rev. C 53, R2602, arXiv:nucl-th/9603039 [nucl-th]."
U0014,B01,AGOSTINI,NAO,A691,OK,,448633,Vissani,"Vissani, F.",1,1998,1997,1997-09,hep-ph/9709409,10.1103/PhysRevD.57.7027,"Phys.Rev. D57, 7027",Do experiments suggest a hierarchy problem?,253,247,29,8.72,,"Vissani, F (1998a), “Do experiments suggest a hierarchy problem?” Phys. Rev. D 57, 7027-7030, arXiv:hep-ph/9709409."
U0662,B34,AGOSTINI,NAO,A177;A178,NAO_ENCONTRADO,,,Bolotnikov,"Bolotnikov, A. and Ramsey, B.",2,1997,,,,,"Nucl. Instrum. Meth. A 396 (3), 360-370",The spectroscopic properties of high-pressure xenon,,,29,,article,"Bolotnikov, A, and B. Ramsey (1997), “The spectroscopic properties of high-pressure xenon,” Nuclear Instruments and Methods in Physics Research Section A: Accelerators, Spectrometers, Detectors and Associated Equipment 396 (3), 360-370."
U0664,B34,AGOSTINI,NAO,A093;A303,OK,,455112,Arnold,"Arnold, R. et al. (NEMO)",,1998,1997,1997-11,,,"Nucl. Phys. A 636, 209-223",Double beta decay of Se-82,87,48,29,3.0,article,"Arnold, R, et al. (NEMO) (1998), “Double beta decay of Se- 82,” Nucl. Phys. A 636, 209-223."
U0925,B48,AGOSTINI,NAO,A257,OK,,444289,De Silva,"De Silva, A S",4,1997,1997,1997-06,nucl-ex/9706005,,"Phys. Rev. C 56, 2451-2467",Double beta decays of Mo-100 and Nd-150,118,118,29,4.07,article,"De Silva, A S, M. K. Moe, M. A. Nelson, and M. A. Vient (1997), “Double beta decays of Mo-100 and Nd-150,” Phys. Rev. C 56, 2451-2467, arXiv:nucl-ex/9706005."
U0010,B01,AGOSTINI,NAO,A050,OK,,467841,Akhmedov,"Akhmedov, E.K.",3,1998,1998,1998-03,hep-ph/9803255,10.1103/PhysRevLett.81.1359,"Phys.Rev.Lett. 81, 1359",Baryogenesis via neutrino oscillations,715,705,28,25.54,,"Akhmedov, Evgeny K, V. A. Rubakov, and A. Yu. Smirnov (1998), “Baryogenesis via neutrino oscillations,” Phys. Rev. Lett. 81, 1359-1362, arXiv:hep-ph/9803255."
U0011,B01,GONZALEZ-GARCIA,NAO,G187,OK,,476727,C. Kim and U. Lee,"Kim, C.S.",2,1998,1998,1998-09,hep-ph/9809491,10.1016/S0370-2693(98)01382-3,"Phys.Lett. B444, 204",Comment on the possible electron neutrino excess in the Super-Kamiokande atmospheric neutrino experiment,25,24,28,0.89,,"C. Kim and U. Lee, Phys.Lett. B444, 204 (1998), [hep-ph/9809491]."
U0012,B01,GONZALEZ-GARCIA,NAO,G184,OK,,476573,M. Chizhov,"Chizhov, M.",3,1998,1998,1998-07,hep-ph/9810501,,,On the oscillation length resonance in the transitions of solar and atmospheric neutrinos crossing the earth core,134,104,28,4.79,,"M. Chizhov, M. Maris and S. Petcov (1998), SISSA-53-98-EP, [hep-ph/9810501]."
U0013,B01,GONZALEZ-GARCIA,NAO,G181,OK,,470272,S. Petcov,"Petcov, S.T.",1,1998,1998,1998-05,hep-ph/9805262,10.1016/S0370-2693(98)00742-4,"Phys.Lett. B434, 321",Diffractive-like (or parametric resonance-like?) enhancement of the earth (day-night) effect for solar neutrinos crossing the earth core,241,206,28,8.61,,"S. Petcov, Phys.Lett. B434, 321 (1998), [hep-ph/9805262]."
U0015,B01,AGOSTINI,NAO,A692,OK,,478230,Vissani,"Vissani, F.",1,1998,1998,1998-10,hep-ph/9810435,10.1088/1126-6708/1998/11/025,"JHEP 9811, 025","Large mixing, family structure, and dominant block in the neutrino mass matrix",101,84,28,3.61,,"Vissani, F (1998b), “Large mixing, family structure, and dominant block in the neutrino mass matrix,” JHEP 11, 025, arXiv:hep-ph/9810435."
U0016,B01,GONZALEZ-GARCIA,NAO,G053,OK,,470738,Y. Fukuda et al. (Super-Kamiokande),"Fukuda, Y.",126,1998,1998,1998-05,hep-ex/9805021,10.1103/PhysRevLett.81.1158,"Phys.Rev.Lett. 81, 1158",Measurements of the solar neutrino flux from Super-Kamiokande's first 300 days,1132,1053,28,40.43,,"Y. Fukuda et al. (Super-Kamiokande), Phys. Rev. Lett. 81, 1158 (1998), [Erratum: Phys.Rev.Lett. 81, 4279 (1998)], [hep-ex/9805021]."
U0017,B01,GONZALEZ-GARCIA,NAO,G086,OK,,472711,Y. Fukuda et al. (Super-Kamiokande),"Fukuda, Y.",121,1998,1998,1998-07,hep-ex/9807003,10.1103/PhysRevLett.81.1562,"Phys.Rev.Lett. 81, 1562",Evidence for oscillation of atmospheric neutrinos,9245,8771,28,330.18,,"Y. Fukuda et al. (Super-Kamiokande), Phys. Rev. Lett. 81, 1562 (1998), [hep-ex/9807003]."
U0018,B01,GONZALEZ-GARCIA,NAO,G183,OK,,470306,E. K. Akhmedov,"Akhmedov, E.K.",1,1999,1998,1998-05,hep-ph/9805272,10.1016/S0550-3213(98)00723-8,"Nucl.Phys. B538, 25",Parametric resonance of neutrino oscillations and passage of solar and atmospheric neutrinos through the earth,228,213,28,8.14,,"E. K. Akhmedov, Nucl.Phys. B538, 25 (1999), [hep-ph/9805272]."
U0019,B01,GONZALEZ-GARCIA,NAO,G182,OK,,474593,E. K. Akhmedov et al.,"Akhmedov, E.K.",4,1999,1998,1998-08,hep-ph/9808270,10.1016/S0550-3213(98)00825-6,"Nucl.Phys. B542, 3",Atmospheric neutrinos at Super-Kamiokande and parametric resonance in neutrino oscillations,219,178,28,7.82,,"E. K. Akhmedov et al., Nucl.Phys. B542, 3 (1999), [hep-ph/9808270]."
U0022,B02,GONZALEZ-GARCIA,NAO,G089,OK,,478786,V. D. Barger et al.,V.D. Barger,4,1999,1998,1998-10,astro-ph/9810121,10.1103/PhysRevLett.82.2640,"Phys.Rev.Lett.82,2640",Neutrino Decay as an Explanation of Atmospheric Neutrino Observations,232,217,28,8.29,article,"V. D. Barger et al., Phys. Rev. Lett. 82, 2640 (1999), [arXiv:astro-ph/9810121]."
U0665,B34,GONZALEZ-GARCIA,NAO,G045,OK,,471829,B. T. Cleveland et al.,"Cleveland, B.T. et al.",,1998,1998,1998-03,,,"Astrophys. J. 496, 505",Measurement of the solar electron neutrino flux with the Homestake chlorine detector,3143,3093,28,112.25,article,"B. T. Cleveland et al., Astrophys. J. 496, 505 (1998)."
U0666,B34,AGOSTINI,NAO,A230,OK,U0665,471829,Cleveland,"Cleveland, B.T., Daily, T., Davis, R. Jr., Distel, J.R., Lande, K., Lee, C.K., Wildenhain, P.S. and Ullman, J.",8,1998,1998,1998-03,,,"Astrophys. J. 496, 505-526",Measurement of the solar electron neutrino flux with the Homestake chlorine detector,3143,3093,28,112.25,article,"Cleveland, B T, Timothy Daily, Raymond Davis, Jr., James R. Distel, Kenneth Lande, C. K. Lee, Paul S. Wildenhain, and Jack Ullman (1998), “Measurement of the solar electron neutrino flux with the Homestake chlorine detector,” Astrophys. J. 496, 505-526."
U0667,B34,GONZALEZ-GARCIA,NAO,G002,OK,,487596,R. N. Mohapatra and P. B. Pal,"Mohapatra, R.N. and Pal, P.B.",2,1998,1998,1998,,,"World Sci. Lect. Notes Phys. 60, 1",Massive neutrinos in physics and astrophysics. Second edition,153,150,28,5.46,book,"R. N. Mohapatra and P. B. Pal, World Sci. Lect. Notes Phys. 60, 1 (1998), [World Sci. Lect. Notes Phys.72,1(2004)]."
U0668,B34,AGOSTINI,NAO,A660,OK,,475383,Suhonen,"Suhonen, J. and Civitarese, O.",2,1998,1998,1998,,,"Phys. Rept. 300, 123-214",Weak-interaction and nuclear-structure aspects of nuclear double beta decay,723,547,28,25.82,article,"Suhonen, J, and O. Civitarese (1998), Phys. Rep. 300, 124."
U0671,B34,GONZALEZ-GARCIA,NAO,G048,OK,,481586,W. Hampel et al. (GALLEX),"Hampel, W. et al. (GALLEX)",,1999,1998,1998-12,,,"Phys. Lett. B 447, 127-133",GALLEX solar neutrino observations: Results for GALLEX IV,2019,1951,28,72.11,article,"W. Hampel et al. (GALLEX), Phys. Lett. B447, 127 (1999)."
U0926,B48,AGOSTINI,NAO,A558,OK,,1461663,von Neumann-Cosel,"von Neumann-Cosel, P",4,1998,1998,1998,,,"Phys. Lett. B 443, 1-6",Magnetic dipole response in nuclei at the N =28 shell closure: a new look,66,47,28,2.36,article,"von Neumann-Cosel, P, A. Poves, J. Retamosa, and A. Richter (1998), “Magnetic dipole response in nuclei at the N =28 shell closure: a new look,” Phys. Lett. B 443, 1-6."
U0020,B01,GONZALEZ-GARCIA,NAO,G185,OK,,496990,M. Chizhov and S. Petcov,"Chizhov, M.",2,1999,1999,1999-03,hep-ph/9903399,10.1103/PhysRevLett.83.1096,"Phys.Rev.Lett. 83, 1096",New conditions for a total neutrino conversion in a medium,147,118,27,5.44,,"M. Chizhov and S. Petcov, Phys.Rev.Lett. 83, 1096 (1999), [hep-ph/9903399]."
U0021,B02,GONZALEZ-GARCIA,NAO,G188,OK,,495168,O. Peres and A. Y. Smirnov,O. Peres,2,1999,1999,1999-02,hep-ph/9902312,10.1016/S0370-2693(99)00487-6,"Phys.Lett.B456,204",Testing the solar neutrino conversion with atmospheric neutrinos,112,92,27,4.15,article,"O. Peres and A. Y. Smirnov, Phys.Lett. B456, 204 (1999), [hep-ph/9902312]."
U0023,B02,AGOSTINI,NAO,A693,OK,,502567,Vissani,F. Vissani,1,1999,1999,1999-06,hep-ph/9906525,10.1088/1126-6708/1999/06/022,"JHEP 06,022","Signal of neutrinoless double beta decay, neutrino spectrum and oscillation scenarios",196,178,27,7.26,article,"Vissani, F (1999), “Signal of neutrinoless double beta decay, neutrino spectrum and oscillation scenarios,” JHEP 06, 022, arXiv:hep-ph/9906525."
U0025,B02,AGOSTINI,NAO,A172,OK,,509079,Boger,J. Boger,199,2000,1999,1999-10,nucl-ex/9910016,10.1016/S0168-9002(99)01469-2,"Nucl.Instrum.Meth.A449,172",The Sudbury neutrino observatory,832,588,27,30.81,article,"Boger, J, et al. (SNO) (2000), “The Sudbury neutrino observatory,” Nucl. Instrum. Meth. A 449, 172-207, arXiv:nucl-ex/9910016."
U0669,B34,AGOSTINI,NAO,A094,OK,,514216,Arnold,"Arnold, R. et al. (NEMO)",,1999,1999,1999,,,"Nucl. Phys. A 658, 299-312",Double beta decay of Zr-96,92,68,27,3.41,article,"Arnold, R, et al. (1999), “Double beta decay of Zr-96,” Nucl. Phys. A 658, 299-312."
U0670,B34,AGOSTINI,NAO,A577,OK,,502825,Pas,"Pas, H., Hirsch, M., Klapdor-Kleingrothaus, H.V. and Kovalenko, S.G.",4,1999,1999,1999,,,"Phys. Lett. B 453, 194-198",Towards a superformula for neutrinoless double beta decay,141,100,27,5.22,article,"Pas, H, M. Hirsch, H. V. Klapdor-Kleingrothaus, and S. G. Kovalenko (1999), “Towards a superformula for neutrinoless double beta decay,” Phys. Lett. B 453, 194-198."
U0673,B34,AGOSTINI,NAO,A410,OK,,503544,Hayes,"Hayes, A.C. and Towner, I.S.",2,2000,1999,1999-07,,,"Phys. Rev. C 61, 044603",Shell model calculations of neutrino scattering from C-12,95,92,27,3.52,article,"Hayes, A C, and I. S. Towner (2000), “Shell model calculations of neutrino scattering from C-12,” Phys. Rev. C 61, 044603."
U0024,B02,GONZALEZ-GARCIA,NAO,G176,OK,,523833,A. Cervera et al.,A. Cervera,7,2000,2000,2000-02,hep-ph/0002108,10.1016/S0550-3213(00)00221-2,"Nucl.Phys.B579,17",Golden measurements at a neutrino factory,783,680,26,30.12,article,"A. Cervera et al., Nucl. Phys. B579, 17 (2000), [Erratum: Nucl. Phys.B593,731(2001)], [hep-ph/0002108]."
U0026,B02,GONZALEZ-GARCIA,NAO,G090,OK,,523654,E. Lisi,E. Lisi,3,2000,2000,2000-02-07,hep-ph/0002053,10.1103/PhysRevLett.85.1166,"Phys.Rev.Lett.85,1166",Probing possible decoherence effects in atmospheric neutrino oscillations,338,332,26,13.0,article,"E. Lisi, A. Marrone and D. Montanino, Phys. Rev. Lett. 85, 1166 (2000), [hep-ph/0002053]."
U0027,B02,AGOSTINI,NAO,A423,OK,,526105,Hirsch,M. Hirsch,5,2000,2000,2000-04,hep-ph/0004115,10.1103/PhysRevD.62.113008,"Phys.Rev.D62,113008",Neutrino masses and mixings from supersymmetry with bilinear R parity violation: A Theory for solar and atmospheric neutrino oscillations,422,279,26,16.23,article,"Hirsch, M, M.A. Diaz, W. Porod, J.C. Romao, and J.W.F. Valle (2000a), “Neutrino masses and mixings from supersymmetry with bilinear r parity violation: A theory for solar and atmospheric neutrino oscillations,” Phys.Rev.D 62, 113008, [Erratum: Phys.Rev.D 65, 119901 (2002)], arXiv:hep-ph/0004115."
U0028,B02,AGOSTINI,NAO,A424,OK,,524364,Hirsch,M. Hirsch,3,2000,2000,2000-02,hep-ph/0002264,10.1016/S0370-2693(00)00781-4,"Phys.Lett.B486,255",Bilinear R-parity violating SUSY: Neutrinoless double beta decay in the light of solar and atmospheric neutrino data,26,19,26,1.0,article,"Hirsch, M, J. C. Romao, and J. W. F. Valle (2000b), “Bilinear R-parity violating SUSY: Neutrinoless double beta decay in the light of solar and atmospheric neutrino data,” Phys. Lett. B 486, 255-262, arXiv:hep-ph/0002264."
U0032,B02,GONZALEZ-GARCIA,NAO,G234,OK,,537982,F. Vissani,F. Vissani,1,2001,2000,2000-09,hep-ph/0012018,10.1016/S0920-5632(01)01454-2,"Nucl.Phys.B Proc.Suppl.100,273",Nonoscillation searches of neutrino mass in the age of oscillations,47,44,26,1.81,article,"F. Vissani, Nucl. Phys. B Proc. Suppl. 100, 273 (2001), [hep-ph/0012018]."
U0034,B02,AGOSTINI,NAO,A468,OK,,540672,Klapdor-Kleingrothaus,H.V. Klapdor-Kleingrothaus,15,2001,2000,2000-07,hep-ph/0103062,10.1007/s100500170022,"Eur.Phys.J.A12,147",Latest results from the Heidelberg-Moscow double beta decay experiment,863,800,26,33.19,article,"Klapdor-Kleingrothaus, H V, et al. (2001b), “Latest results from the Heidelberg-Moscow double beta decay experiment,” Eur. Phys. J. A 12, 147-154, arXiv:hep-ph/0103062."
U0037,B02,AGOSTINI,NAO,A578,OK,,531879,Pas,H. Pas,4,2001,2000,2000-08,hep-ph/0008182,10.1016/S0370-2693(00)01359-9,"Phys.Lett.B498,35",A Superformula for neutrinoless double beta decay. 2. The Short range part,148,123,26,5.69,article,"Pas, H, M. Hirsch, H. V. Klapdor-Kleingrothaus, and S. G. Kovalenko (2001), “A Superformula for neutrinoless double beta decay. 2. The Short range part,” Phys. Lett. B 498, 35-39."
U0672,B34,AGOSTINI,NAO,A373,OK,,531254,Gonzalez,"Gonzalez, D. et al. (IGEX)",,2000,2000,2000,,,"Nucl. Phys. B Proc. Suppl. 87, 278-280",Current IGEX results for neutrinoless double-beta decay of Ge-76,32,14,26,1.23,proceedings,"Gonzalez, D, et al. (2000), “Current IGEX results for neutrinoless double-beta decay of Ge-76,” Nucl. Phys. B Proc. Suppl. 87, 278-280."
U0674,B34,AGOSTINI,NAO,A700,OK,,523379,Volpe,"Volpe, C., Auerbach, N., Colo, G., Suzuki, T. and Van Giai, N.",5,2000,2000,2000-01,,,"Phys. Rev. C 62, 015501",Microscopic theories of neutrino C-12 reactions,140,115,26,5.38,article,"Volpe, C, N. Auerbach, G. Colo, T. Suzuki, and N. Van Giai (2000), “Microscopic theories of neutrino C-12 reactions,” Phys. Rev. C 62, 015501."
U0676,B34,AGOSTINI,NAO,A195,OK,,531976,Butler,"Butler, M., Chen, J.-W. and Kong, X.",3,2001,2000,2000-08,,,"Phys. Rev. C 63, 035501",Neutrino deuteron scattering in effective field theory at next-to-next-to-leading order,193,179,26,7.42,article,"Butler, M, J.-W. Chen, and X. Kong (2001), “Neutrino deuteron scattering in effective field theory at next-to-nextto-leading order,” Phys. Rev. C 63, 035501."
U0678,B34,AGOSTINI,NAO,A552,OK,,532941,Nakamura,"Nakamura, S., Sato, T., Gudkov, V.P. and Kubodera, K.",4,2001,2000,2000-09,,,"Phys. Rev. C 63, 034617",Neutrino reactions on deuteron,173,146,26,6.65,article,"Nakamura, S, T. Sato, Vladimir P. Gudkov, and K. Kubodera (2001), “Neutrino reactions on the deuteron,” Phys. Rev. C 63, 034617."
U0927,B48,AGOSTINI,NAO,A701,OK,,529559,Šimkovic,"Šimkovic, F",3,2001,2000,2000-06,,,"J. Phys. G 27, 2233-2240",The Single state dominance hypothesis and the two neutrino double beta decay of Mo-100,73,48,26,2.81,article,"Šimkovic, F, P. Domin, and S. V. Semenov (2001), “The Single state dominance hypothesis and the two neutrino double beta decay of Mo-100,” J. Phys. G 27, 2233-2240."
U0029,B02,GONZALEZ-GARCIA,NAO,G128,OK,,555937,A. Aguilar-Arevalo et al. (LSND),A. Aguilar-Arevalo,26,2001,2001,2001-04,hep-ex/0104049,10.1103/PhysRevD.64.112007,"Phys.Rev.D64,112007",Evidence for neutrino oscillations from the observation of nu_e-bar appearance in a nu_mu-bar beam,2745,2619,25,109.8,article,"A. Aguilar-Arevalo et al. (LSND), Phys. Rev. D64, 112007 (2001), [hep-ex/0104049]."
U0030,B02,AGOSTINI;GONZALEZ-GARCIA,SIM,A041;G060,OK,,558620,Ahmad,Q.R. Ahmad,178,2001,2001,2001-06,nucl-ex/0106015,10.1103/PhysRevLett.87.071301,"Phys.Rev.Lett.87,071301",Measurement of the rate of nu_e+d -> p+p+e- interactions produced by 8B solar neutrinos at the Sudbury Neutrino Observatory,3884,3614,25,155.36,article,"Ahmad, Q R, et al. (SNO) (2001), “Measurement of the rate of νe + d → p + p + e− interactions produced by 8 B solar neutrinos at the Sudbury Neutrino Observatory,” Phys. Rev. Lett. 87, 071301, arXiv:nucl-ex/0106015."
U0031,B02,AGOSTINI,NAO,A118,OK,,557900,Babu,K.S. Babu,2,2001,2001,2001-06,hep-ph/0106054,10.1016/S0550-3213(01)00504-1,"Nucl.Phys.B619,667",Classification of effective neutrino mass operators,266,249,25,10.64,article,"Babu, K S, and C. N. Leung (2001), “Classification of effective neutrino mass operators,” Nucl.Phys.B 619, 667-689, arXiv:hep-ph/0106054."
U0033,B02,AGOSTINI,NAO,A465,OK,,569290,Klapdor-Kleingrothaus,H.V. Klapdor-Kleingrothaus,4,2001,2001,2001-01,hep-ph/0201231,10.1142/S0217732301005825,"Mod.Phys.Lett.A16,2409",Evidence for neutrinoless double beta decay,703,667,25,28.12,article,"Klapdor-Kleingrothaus, H V, A. Dietz, H. L. Harney, and I. V. Krivosheina (2001a), “Evidence for neutrinoless double beta decay,” Mod. Phys. Lett. A 16, 2409-2420, arXiv:hep-ph/0201231."
U0035,B02,GONZALEZ-GARCIA,NAO,G087,OK,,558325,M. Ambrosio et al. (MACRO),M. Ambrosio,117,2001,2001,2001-06,hep-ex/0106049,10.1016/S0370-2693(01)00992-3,"Phys.Lett.B517,59",Matter effects in upward going muons and sterile neutrino oscillations,328,277,25,13.12,article,"M. Ambrosio et al. (MACRO), Phys. Lett. B517, 59 (2001), [hep-ex/0106049]."
U0036,B02,GONZALEZ-GARCIA,NAO,G177,OK,,554640,M. Freund,M. Freund,1,2001,2001,2001-03,hep-ph/0103300,10.1103/PhysRevD.64.053003,"Phys.Rev.D64,053003",Analytic approximations for three neutrino oscillation parameters and probabilities in matter,371,369,25,14.84,article,"M. Freund, Phys. Rev. D64, 053003 (2001), [hep-ph/0103300]."
U0038,B02,GONZALEZ-GARCIA,NAO,G056,OK,,554318,S. Fukuda et al. (Super-Kamiokande),S. Fukuda,119,2001,2001,2001-03,hep-ex/0103033,10.1103/PhysRevLett.86.5656,"Phys.Rev.Lett.86,5656",Constraints on neutrino oscillations using 1258 days of Super-Kamiokande solar neutrino data,941,866,25,37.64,article,"S. Fukuda et al. (Super-Kamiokande), Phys. Rev. Lett. 86, 5656 (2001), [hep-ex/0103033]."
U0039,B02,GONZALEZ-GARCIA,NAO,G061,OK,,554317,S. Fukuda et al. (Super-Kamiokande),S. Fukuda,119,2001,2001,2001-03,hep-ex/0103032,10.1103/PhysRevLett.86.5651,"Phys.Rev.Lett.86,5651",Solar B-8 and hep neutrino measurements from 1258 days of Super-Kamiokande data,1569,1437,25,62.76,article,"S. Fukuda et al. (Super-Kamiokande), Phys. Rev. Lett. 86, 5651 (2001), [hep-ex/0103032]."
U0040,B02,GONZALEZ-GARCIA,NAO,G106,OK,,553643,S. H. Ahn et al. (K2K),S.H. Ahn,150,2001,2001,2001-02,hep-ex/0103001,10.1016/S0370-2693(01)00647-5,"Phys.Lett.B511,178",Detection of accelerator produced neutrinos at a distance of 250 km,401,316,25,16.04,article,"S. H. Ahn et al. (K2K), Phys. Lett. B 511, 178 (2001), [hep-ex/0103001]."
U0041,B03,AGOSTINI,NAO,A694,OK,,553254,Vissani,Vissani,1,2001,2001,2001-02,hep-ph/0102236,10.1016/S0370-2693(01)00485-3,"Phys. Lett. B508, 79",Expected properties of massive neutrinos for mass matrices with a dominant block and random coefficients order unity,61,45,25,2.44,,"Vissani, F (2001), “Expected properties of massive neutrinos for mass matrices with a dominant block and random coefficients order unity,” Phys. Lett. B 508, 79-84, arXiv:hep-ph/0102236."
U0042,B03,GONZALEZ-GARCIA,NAO,G235,OK,,556472,Y. Farzan,Farzan,3,2001,2001,2001-05,hep-ph/0105105,10.1016/S0550-3213(01)00361-3,"Nucl. Phys. B612, 59",Neutrino mass spectrum and future beta decay experiments,111,104,25,4.44,,"Y. Farzan, O. L. G. Peres and A. Yu. Smirnov, Nucl. Phys. B612, 59 (2001), [hep-ph/0105105]."
U0043,B03,AGOSTINI,NAO,A743,OK,,557202,Zuber,Zuber,1,2001,2001,2001-05,nucl-ex/0105018,10.1016/S0370-2693(01)01056-5,"Phys. Lett. B519, 1",COBRA: Double beta decay searches using CdTe detectors,186,143,25,7.44,,"Zuber, K (2001), “COBRA: Double beta decay searches using CdTe detectors,” Phys. Lett. B 519, 1-7, arXiv:nucl-ex/0105018."
U0050,B03,AGOSTINI,NAO,A523,OK,,561929,Matsuda,Matsuda,4,2002,2001,2001-08,hep-ph/0108202,10.1103/PhysRevD.65.033008,"Phys. Rev. D65, 033008",How far can the SO(10) two Higgs model describe the observed neutrino masses and mixings?,142,106,25,5.68,,"Matsuda, K, Y. Koide, T. Fukuyama, and H. Nishiura (2002), “How far can the SO(10) two Higgs model describe the observed neutrino masses and mixings?” Phys. Rev. D 65, 033008, [Erratum: Phys.Rev.D 65, 079904 (2002)], arXiv:hep-ph/0108202."
U0675,B34,AGOSTINI,NAO,A189,OK,,892537,Brown,"Brown, B.A.",1,2001,2001,2001,,,"Prog. Part. Nucl. Phys. 47, 517-599",The nuclear shell model towards the drip lines,376,340,25,15.04,article,"Brown, B A (2001), “The nuclear shell model towards the drip lines,” Prog. Part. Nucl. Phys. 47, 517-599."
U0677,B34,GONZALEZ-GARCIA,NAO,G227,OK,,554732,J. Bonn et al.,"Bonn, J. et al.",,2001,2001,2001,,,"Nucl. Phys. B Proc. Suppl. 91, 273",The Mainz neutrino mass experiment,224,210,25,8.96,proceedings,"J. Bonn et al., Nucl. Phys. B Proc. Suppl. 91, 273 (2001)."
U0679,B34,GONZALEZ-GARCIA,NAO,G228,OK,,554751,V. M. Lobashev et al.,"Lobashev, V.M. et al.",,2001,2001,2001,,,"Nucl. Phys. B Proc. Suppl. 91, 280",Direct search for neutrino mass and anomaly in the tritium beta-spectrum: Status of 'Troitsk neutrino mass' experiment,269,267,25,10.76,proceedings,"V. M. Lobashev et al., Nucl. Phys. B Proc. Suppl. 91, 280 (2001)."
U0044,B03,AGOSTINI,NAO,A003,OK,,582689,Aalseth,Aalseth,26,2002,2002,2002-02,hep-ex/0202018,10.1142/S0217732302007715,"Mod. Phys. Lett. A17, 1475",Comment on 'Evidence for Neutrinoless Double Beta Decay',299,262,24,12.46,,"Aalseth, C E, et al. (2002), “Comment on ‘Evidence for neutrinoless double beta decay’,” Mod. Phys. Lett. A 17, 1475- 1478, arXiv:hep-ex/0202018."
U0045,B03,GONZALEZ-GARCIA,NAO,G129,OK,,584020,B. Armbruster et al. (KARMEN),Armbruster,24,2002,2002,2002-03,hep-ex/0203021,10.1103/PhysRevD.65.112001,"Phys. Rev. D65, 112001",Upper limits for neutrino oscillations muon-anti-neutrino ---> electron-anti-neutrino from muon decay at rest,680,668,24,28.33,,"B. Armbruster et al. (KARMEN), Phys. Rev. D65, 112001 (2002), [hep-ex/0203021]."
U0046,B03,AGOSTINI,NAO,A219,OK,,590551,Choi,Choi,3,2002,2002,2002-07,hep-ph/0207180,10.1103/PhysRevD.66.093007,"Phys. Rev. D66, 093007",Operator analysis of neutrinoless double beta decay,32,32,24,1.33,,"Choi, K, K. S. Jeong, and W. Y. Song (2002), “Operator analysis of neutrinoless double beta decay,” Phys.Rev.D 66, 093007, arXiv:hep-ph/0207180."
U0047,B03,AGOSTINI,NAO,A279,OK,,582918,Dolgov,Dolgov,1,2002,2002,2002-02,hep-ph/0202122,10.1016/S0370-1573(02)00139-4,"Phys. Rept. 370, 333",Neutrinos in cosmology,700,670,24,29.17,,"Dolgov, A D (2002), “Neutrinos in cosmology,” Phys. Rept. 370, 333-535, arXiv:hep-ph/0202122."
U0048,B03,AGOSTINI,NAO,A322,OK,,582376,Feruglio,Feruglio,3,2002,2002,2002-01,hep-ph/0201291,10.1016/S0550-3213(02)00345-0,"Nucl. Phys. B637, 345",Neutrino oscillations and signals in beta and 0nu2beta experiments,366,339,24,15.25,,"Feruglio, F, A. Strumia, and F. Vissani (2002), “Neutrino oscillations and signals in beta and 0nu2beta experiments,” Nucl. Phys. B 637, 345-377, [Addendum: Nucl.Phys.B 659, 359-362 (2003)], hep-ph/0201291."
U0049,B03,GONZALEZ-GARCIA,NAO,G047,OK,,585363,J. N. Abdurashitov et al. (SAGE),Abdurashitov,21,2002,2002,2002-04,astro-ph/0204245,10.1134/1.1506424,"J. Exp. Theor. Phys. 95, 181",Solar neutrino flux measurements by the Soviet-American Gallium Experiment (SAGE) for half the 22 year solar cycle,846,819,24,35.25,,"J. N. Abdurashitov et al. (SAGE), J. Exp. Theor. Phys. 95, 181 (2002), [Zh. Eksp. Teor. Fiz.122,211(2002)], [arXiv:astro-ph/0204245]."
U0051,B03,GONZALEZ-GARCIA,NAO,G062,OK,,585723,Q. R. Ahmad et al. (SNO),Ahmad,178,2002,2002,2002-04,nucl-ex/0204008,10.1103/PhysRevLett.89.011301,"Phys. Rev. Lett. 89, 011301",Direct evidence for neutrino flavor transformation from neutral current interactions in the Sudbury Neutrino Observatory,5290,4955,24,220.42,,"Q. R. Ahmad et al. (SNO), Phys. Rev. Lett. 89, 011301 (2002), [arXiv:nucl-ex/0204008]."
U0052,B03,GONZALEZ-GARCIA,NAO,G059,OK,,587157,S. Fukuda et al. (Super-Kamiokande),Fukuda,121,2002,2002,2002-05,hep-ex/0205075,10.1016/S0370-2693(02)02090-7,"Phys. Lett. B539, 179",Determination of solar neutrino oscillation parameters using 1496 days of Super-Kamiokande I data,1175,1079,24,48.96,,"S. Fukuda et al. (Super-Kamiokande), Phys. Lett. B539, 179 (2002), [hep-ex/0205075]."
U0053,B03,GONZALEZ-GARCIA,NAO,G204,OK,,581696,Y. Farzan and A. Yu. Smirnov,Farzan,2,2002,2002,2002-01,hep-ph/0201105,10.1103/PhysRevD.65.113001,"Phys. Rev. D65, 113001",Leptonic unitarity triangle and CP violation,118,109,24,4.92,,"Y. Farzan and A. Yu. Smirnov, Phys. Rev. D65, 113001 (2002), [hep-ph/0201105]."
U0056,B03,AGOSTINI;GONZALEZ-GARCIA,SIM,A292;G151,OK,,604286,Eguchi,Eguchi,98,2003,2002,2002-12,hep-ex/0212021,10.1103/PhysRevLett.90.021802,"Phys. Rev. Lett. 90, 021802",First results from KamLAND: Evidence for reactor anti-neutrino disappearance,3848,3527,24,160.33,,"Eguchi, K, et al. (KamLAND) (2003), “First results from KamLAND: Evidence for reactor anti-neutrino disappearance,” Phys. Rev. Lett. 90, 021802, arXiv:hep-ex/0212021."
U0057,B03,GONZALEZ-GARCIA,NAO,G076,OK,,589707,G. Battistoni et al.,Battistoni,4,2003,2002,2002-07,hep-ph/0207035,10.1016/S0927-6505(02)00246-3,"Astropart. Phys. 19, 269",The FLUKA atmospheric neutrino flux calculation,248,232,24,10.33,,"G. Battistoni et al., Astropart. Phys. 19, 269 (2003), [Erratum: Astropart. Phys.19,291(2003)], [hep-ph/0207035]."
U0059,B03,GONZALEZ-GARCIA,NAO,G006,OK,,582695,M. C. Gonzalez-Garcia and Y. Nir,Gonzalez-Garcia,2,2003,2002,2002-02,hep-ph/0202058,10.1103/RevModPhys.75.345,"Rev. Mod. Phys. 75, 345",Neutrino Masses and Mixing: Evidence and Implications,599,573,24,24.96,,"M. C. Gonzalez-Garcia and Y. Nir, Rev. Mod. Phys. 75, 345 (2003), [hep-ph/0202058]."
U0680,B34,AGOSTINI,NAO,A683,OK,,581439,Tretyak,"Tretyak, V.I. and Zdesenko, Yu.G.",2,2002,2002,2002-01,,,"Atom. Data Nucl. Data Tabl. 80, 83-116",Tables of double beta decay data: An update,309,273,24,12.88,article,"Tretyak, VI, and Yuri G. Zdesenko (2002), “Tables of double beta decay data: An update,” Atom. Data Nucl. Data Tabl. 80, 83-116."
U0054,B03,AGOSTINI,NAO,A234,OK,,614783,Conti,Conti,22,2003,2003,2003-03,hep-ex/0303008,10.1103/PhysRevB.68.054201,"Phys. Rev. B68, 054201",Correlated fluctuations between luminescence and ionization in liquid xenon,200,128,23,8.7,,"Conti, E, et al. (EXO-200) (2003), “Correlated fluctuations between luminescence and ionization in liquid xenon,” Phys. Rev. B 68, 054201, arXiv:hep-ex/0303008."
U0055,B03,AGOSTINI,NAO,A255,OK,,2732436,Day,P. K. Day,5,2003,2003,2003-10,,,"Nature 425, 817",A broadband superconducting detector suitable for use in large arrays,547,495,23,23.78,article,"Day, P, H. Leduc, B. Mazin, A. Vayonakis, and J. Zmuidzinas (2003), “A broadband superconducting detector suitable for use in large arrays,” Nature 425, 817-21."
U0058,B03,GONZALEZ-GARCIA,NAO,G191,OK,,618789,J. Bernabeu,Bernabeu,3,2003,2003,2003-05,hep-ph/0305152,10.1016/j.nuclphysb.2003.07.025,"Nucl. Phys. B669, 255","Atmospheric neutrino oscillations, theta(13) and neutrino mass hierarchy",114,73,23,4.96,,"J. Bernabeu, S. Palomares Ruiz and S. Petcov, Nucl.Phys. B669, 255 (2003), [hep-ph/0305152]."
U0060,B03,GONZALEZ-GARCIA,NAO,G088,OK,,624212,M. C. Sanchez et al. (Soudan 2),Sanchez,33,2003,2003,2003-07,hep-ex/0307069,10.1103/PhysRevD.68.113004,"Phys. Rev. D68, 113004",Measurement of the L/E distributions of atmospheric neutrinos in Soudan 2 and their interpretation as neutrino oscillations,368,349,23,16.0,,"M. C. Sanchez et al. (Soudan 2), Phys. Rev. D68, 113004 (2003), [hep-ex/0307069]."
U0066,B04,GONZALEZ-GARCIA,NAO,G180,OK,,629349,O. L. G. Peres and A. Yu. Smirnov,"Peres, O.L.G.",2,2004,2003,2003-09,hep-ph/0309312,10.1016/j.nuclphysb.2003.12.017,"Nucl. Phys. B680, 479","Atmospheric neutrinos: LMA oscillations, U(e3) induced interference and CP violation",164,146,23,7.13,,"O. L. G. Peres and A. Yu. Smirnov, Nucl. Phys. B680, 479 (2004), [hep-ph/0309312]."
U0067,B04,AGOSTINI,NAO,A725,OK,,635918,Wulandari,"Wulandari, H.",4,2004,2003,2003-12,hep-ex/0312050,10.1016/j.astropartphys.2004.07.005,"Astropart. Phys. 22, 313",Neutron flux underground revisited,162,146,23,7.04,,"Wulandari, H, J. Jochum, W. Rau, and F. von Feilitzsch (2004), “Neutron flux underground revisited,” Astropart. Phys. 22, 313-322, arXiv:hep-ex/0312050."
U0681,B35,AGOSTINI,NAO,A157,OK,,611858,Bender,"Bender, M.",3,2003,2003,2003-01,,,"Rev. Mod. Phys. 75, 121-180",Self-consistent mean-field models for nuclear structure,2244,2027,23,97.57,article,"Bender, M, P.-H. Heenen, and P.-G. Reinhard (2003), “Selfconsistent mean-field models for nuclear structure,” Rev. Mod. Phys. 75, 121-180."
U0682,B35,AGOSTINI,NAO,A409,OK,,619584,Hayes,"Hayes, A.C.",3,2003,2003,2003-05,,,"Phys. Rev. Lett. 91, 012502",Neutrino C-12 scattering in the ab initio shell model with a realistic three-body interaction,49,25,23,2.13,article,"Hayes, A C, P. Navrátil, and J. P. Vary (2003), “Neutrino C-12 scattering in the ab initio shell model with a realistic three body interaction,” Phys. Rev. Lett. 91, 012502."
U0683,B35,AGOSTINI,NAO,A576,OK,,593689,Park,"Park, T.S.",9,2003,2003,2002-08,,,"Phys. Rev. C 67, 055206",Parameter-free effective field theory calculation for the solar proton-fusion and hep processes,242,169,23,10.52,article,"Park, T S, L. E. Marcucci, R. Schiavilla, M. Viviani, A. Kievsky, S. Rosati, K. Kubodera, D. P. Min, and M. Rho (2003), “Parameter free effective field theory calculation for the solar proton fusion and hep processes,” Phys. Rev. C 67, 055206."
U0684,B35,AGOSTINI,NAO,A599,OK,,615654,Prezeau,"Prezeau, G.",3,2003,2003,2003-03,,,"Phys. Rev. D 68, 034016",Neutrinoless double beta decay and effective field theory,189,159,23,8.22,article,"Prezeau, G, M. Ramsey-Musolf, and P. Vogel (2003), “Neutrinoless double beta decay and effective field theory,” Phys. Rev. D 68, 034016."
U0685,B35,AGOSTINI,NAO,A621,OK,,618049,Rodin,"Rodin, V.A.",4,2003,2003,2003-05,,,"Phys. Rev. C 68, 044302",On the uncertainty in the 0 nu beta beta decay nuclear matrix elements,244,181,23,10.61,article,"Rodin, V A, A. Faessler, F. Šimkovic, and P. Vogel (2003), “On the uncertainty in the 0 nu beta beta decay nuclear matrix elements,” Phys. Rev. C 68, 044302."
U0061,B04,GONZALEZ-GARCIA,NAO,G178,OK,,644628,E. K. Akhmedov et al.,"Akhmedov, E.K.",5,2004,2004,2004-02,hep-ph/0402175,10.1088/1126-6708/2004/04/078,"JHEP 04, 078",Series expansions for three flavor neutrino oscillation probabilities in matter,421,377,22,19.14,,"E. K. Akhmedov et al., JHEP 04, 078 (2004), [hep-ph/0402175]."
U0062,B04,AGOSTINI,NAO,A300,OK,,649999,Elliott,"Elliott, S.R.",2,2004,2004,2004-05,hep-ph/0405078,10.1088/0954-3899/30/9/R01,"J. Phys. G 30, R183",Double beta decay,240,218,22,10.91,,"Elliott, S R, and J. Engel (2004), “Double beta decay,” J. Phys. G 30, R183-R215, arXiv:hep-ph/0405078."
U0063,B04,AGOSTINI,NAO,A332,OK,,655712,Fogli,"Fogli, G.L.",7,2004,2004,2004-08,hep-ph/0408045,10.1103/PhysRevD.70.113003,"Phys.Rev.D 70, 113003",Observables sensitive to absolute neutrino masses: Constraints and correlations from world neutrino data,180,146,22,8.18,,"Fogli, GL, E. Lisi, A. Marrone, A. Melchiorri, A. Palazzo, P. Serra, and J. Silk (2004), “Observables sensitive to absolute neutrino masses: Constraints and correlations from world neutrino data,” Phys.Rev.D 70, 113003, arXiv:hep-ph/0408045."
U0064,B04,AGOSTINI,NAO,A467,OK,,647907,Klapdor-Kleingrothaus,"Klapdor-Kleingrothaus, H.V.",4,2004,2004,2004-04,hep-ph/0404088,10.1016/j.physletb.2004.02.025,"Phys. Lett. B 586, 198",Search for neutrinoless double beta decay with enriched Ge-76 in Gran Sasso 1990-2003,688,673,22,31.27,,"Klapdor-Kleingrothaus, H V, I. V. Krivosheina, A. Dietz, and O. Chkvorets (2004), “Search for neutrinoless double beta decay with enriched Ge-76 in Gran Sasso 1990-2003,” Phys. Lett. B 586, 198-212, arXiv:hep-ph/0404088."
U0065,B04,GONZALEZ-GARCIA,NAO,G189,OK,,656909,M. Gonzalez-Garcia,"Gonzalez-Garcia, M.C.",3,2004,2004,2004-08,hep-ph/0408170,10.1103/PhysRevD.70.093005,"Phys.Rev. D70, 093005",Measuring the deviation of the 2-3 lepton mixing from maximal with atmospheric neutrinos,97,76,22,4.41,,"M. Gonzalez-Garcia, M. Maltoni and A. Y. Smirnov, Phys.Rev. D70, 093005 (2004), [hep-ph/0408170]."
U0068,B04,GONZALEZ-GARCIA,NAO,G091,OK,,649129,Y. Ashie et al. (Super-Kamiokande),"Ashie, Y.",138,2004,2004,2004-04,hep-ex/0404034,10.1103/PhysRevLett.93.101801,"Phys. Rev. Lett. 93, 101801",Evidence for an oscillatory signature in atmospheric neutrino oscillation,1130,981,22,51.36,,"Y. Ashie et al. (Super-Kamiokande), Phys. Rev. Lett. 93, 101801 (2004), [hep-ex/0404034]."
U0073,B04,GONZALEZ-GARCIA,NAO,G040,OK,,667324,J. N. Bahcall,"Bahcall, J.N.",3,2005,2004,2004-12,astro-ph/0412440,10.1086/428929,"Astrophys. J. 621, L85","New solar opacities, abundances, helioseismology, and neutrino fluxes",865,833,22,39.32,,"J. N. Bahcall, A. M. Serenelli and S. Basu, Astrophys. J. 621, L85 (2005), [arXiv:astro-ph/0412440]."
U0075,B04,GONZALEZ-GARCIA,NAO,G173,OK,,665501,S. Goswami and A. Yu. Smirnov,"Goswami, S.",2,2005,2004,2004-11,hep-ph/0411359,10.1103/PhysRevD.72.053011,"Phys. Rev. D72, 053011",Solar neutrinos and 1-3 leptonic mixing,71,61,22,3.23,,"S. Goswami and A. Yu. Smirnov, Phys. Rev. D72, 053011 (2005), [hep-ph/0411359]."
U0076,B04,GONZALEZ-GARCIA,NAO,G152,OK,,652319,T. Araki et al. (KamLAND),"Araki, T.",93,2005,2004,2004-06,hep-ex/0406035,10.1103/PhysRevLett.94.081801,"Phys. Rev. Lett. 94, 081801",Measurement of neutrino oscillation with KamLAND: Evidence of spectral distortion,1812,1655,22,82.36,,"T. Araki et al. (KamLAND), Phys. Rev. Lett. 94, 081801 (2005), [hep-ex/0406035]."
U0084,B05,GONZALEZ-GARCIA,NAO,G174,OK,,665634,N. Okamura,"Okamura, Naotoshi",1,2006,2004,2004-11,hep-ph/0411388,10.1143/PTP.114.1045,"Prog.Theor.Phys. 114, 1045-1056 (2006)",Effect of the smaller mass-squared difference for the long base-line neutrino experiments,9,9,22,0.41,article,"N. Okamura, Prog. Theor. Phys. 114, 1045 (2006), [hep-ph/0411388]."
U0686,B35,AGOSTINI,NAO,A120,OK,,646451,Bahcall,"Bahcall, J.N.",3,2004,2004,2004-03,,,"Phys. Rev. D 70, 033012",What can we learn from neutrinoless double beta decay experiments?,81,79,22,3.68,article,"Bahcall, J, H. Murayama, and C. Peña-Garay (2004), Phys. Rev. D 70, 033012."
U0687,B35,AGOSTINI,NAO,A712,OK,,1600856,Warburton,"Warburton, W.K.",4,2004,2004,2004,,,"IEEE Symposium Conference Record Nuclear Science 2004, Vol. 1, pp. 577-581",Ultra-low background alpha particle counter using pulse shape analysis,3,3,22,0.14,conference paper,"Warburton, W K, B. Dwyer-McNally, M. Momayezi, and J. E. Wahl (2004), “Ultra-low background alpha particle counter using pulse shape analysis,” in IEEE Symposium Conference Record Nuclear Science 2004., Vol. 1, pp. 577- 581 Vol. 1."
U0928,B48,AGOSTINI,NAO,A675,NAO_ENCONTRADO,,,Theodórsson,"Theodórsson, M",,2004,,,,10.1016/j.apradiso.2004.03.039,Applied Radiation and Isotopes 61,Underground measurements of radioactivity,,,22,,article,"Theodórsson, M Laubenstein; M Hult; J Gasparro; D Arnold; S Neumaier; G Heusser; M Köhler; P Povinec; J-L Reyss; M Schwaiger; P (2004), “Underground measurements of radioactivity,” Applied Radiation and Isotopes 61, 10.1016/j.apradiso.2004.03.039."
U0069,B04,AGOSTINI,NAO,A103,OK,,677890,Asaka,"Asaka, T.",3,2005,2005,2005-03,hep-ph/0503065,10.1016/j.physletb.2005.09.070,"Phys. Lett. B 631, 151","The nuMSM, dark matter and neutrino masses",1090,1011,21,51.9,,"Asaka, Takehiko, Steve Blanchet, and Mikhail Shaposhnikov (2005), “The nuMSM, dark matter and neutrino masses,” Phys. Lett. B 631, 151-156, arXiv:hep-ph/0503065."
U0070,B04,GONZALEZ-GARCIA,NAO,G058,OK,,677505,B. Aharmim et al. (SNO),"Aharmim, B.",144,2005,2005,2005-02,nucl-ex/0502021,10.1103/PhysRevC.72.055502,"Phys. Rev. C72, 055502","Electron energy spectra, fluxes, and day-night asymmetries of B-8 solar neutrinos from measurements with NaCl dissolved in the heavy-water detector at the Sudbury Neutrino Observatory",1105,967,21,52.62,,"B. Aharmim et al. (SNO), Phys. Rev. C72, 055502 (2005), [arXiv:nucl-ex/0502021]."
U0071,B04,AGOSTINI,NAO,A163,OK,,683600,Bezrukov,"Bezrukov, F.L.",1,2005,2005,2005-05,hep-ph/0505247,10.1103/PhysRevD.72.071303,"Phys. Rev. D 72, 071303",nu MSM-predictions for neutrinoless double beta decay,66,58,21,3.14,,"Bezrukov, F L (2005), “nu MSM-predictions for neutrinoless double beta decay,” Phys. Rev. D 72, 071303, arXiv:hep-ph/0505247."
U0072,B04,GONZALEZ-GARCIA,NAO,G175,OK,,679266,H. Nunokawa,"Nunokawa, H.",3,2005,2005,2005-03,hep-ph/0503283,10.1103/PhysRevD.72.013009,"Phys. Rev. D72, 013009",Another possible way to determine the neutrino mass hierarchy,297,256,21,14.14,,"H. Nunokawa, S. J. Parke and R. Zukanovich Funchal, Phys. Rev. D72, 013009 (2005), [hep-ph/0503283]."
U0074,B04,GONZALEZ-GARCIA,NAO,G049,OK,,680987,M. Altmann et al. (GNO),"Altmann, M.",39,2005,2005,2005-04,hep-ex/0504037,10.1016/j.physletb.2005.04.068,"Phys. Lett. B616, 174",Complete results for five years of GNO solar neutrino observations,708,667,21,33.71,,"M. Altmann et al. (GNO), Phys. Lett. B616, 174 (2005), [hep-ex/0504037]."
U0077,B04,AGOSTINI,NAO,A124,OK,,694795,Bajc,"Bajc, B.",4,2006,2005,2005-10,hep-ph/0510139,10.1103/PhysRevD.73.055001,"Phys. Rev. D 73, 055001",Yukawa sector in non-supersymmetric renormalizable SO(10),149,129,21,7.1,,"Bajc, B, A. Melfo, G. Senjanovic, and F. Vissani (2006), “Yukawa sector in non-supersymmetric renormalizable SO(10),” Phys. Rev. D 73, 055001, arXiv:hep-ph/0510139."
U0083,B05,AGOSTINI,NAO,A528,OK,,699572,Mei,"Mei, Dongming",2,2006,2005,2005-12,astro-ph/0512125,10.1103/PhysRevD.73.053004,"Phys.Rev.D,73,053004",Muon-induced background study for underground laboratories,443,418,21,21.1,article,"Mei, D, and A. Hime (2006), “Muon-induced background study for underground laboratories,” Phys. Rev. D 73, 053004, arXiv:astro-ph/0512125."
U0086,B05,GONZALEZ-GARCIA,NAO,G192,OK,,698684,S. Petcov and T. Schwetz,"Petcov, S.T.",2,2006,2005,2005-11,hep-ph/0511277,10.1016/j.nuclphysb.2006.01.020,"Nucl.Phys.B,740,1",Determining the neutrino mass hierarchy with atmospheric neutrinos,108,79,21,5.14,article,"S. Petcov and T. Schwetz, Nucl.Phys. B740, 1 (2006), [hep-ph/0511277]."
U0688,B35,AGOSTINI,NAO,A002,NAO_ENCONTRADO,,,Aalseth,"Aalseth, C.E.",1,2005,,,,,"AIP Conf. Proc. - LRT 2004 workshop (Sudbury, Ontario, 12-14 Dec 2004)","[aip topical workshop on low radioactivity techniques: Lrt 2004 - sudbury, ontario (canada) (12- 14 december 2004)] aip conference proceedings - ultra-lowbackground copper production and clean fabrication",,,21,,conference paper,"Aalseth, C E (2005), “[aip topical workshop on low radioactivity techniques: Lrt 2004 - sudbury, ontario (canada) (12- 14 december 2004)] aip conference proceedings - ultra-lowbackground copper production and clean fabrication,”."
U0689,B35,AGOSTINI,NAO,A208,OK,,644478,Caurier,"Caurier, E.",5,2005,2005,2004-02,,,"Rev. Mod. Phys. 77, 427-488",The Shell Model as Unified View of Nuclear Structure,1271,1124,21,60.52,article,"Caurier, E, G. Martinez-Pinedo, F. Nowacki, A. Poves, and A. P. Zuker (2005), “The Shell model as unified view of nuclear structure,” Rev. Mod. Phys. 77, 427-488."
U0690,B35,AGOSTINI,NAO,A331,NAO_ENCONTRADO,,,Fleischmann,"Fleischmann, A.",3,2005,,,,,"Cryogenic Particle Detection (Springer, ed. C. Enss), 2005, pp. 151-216",Metallic magnetic calorimeters,,,21,,book chapter,"Fleischmann, A, C. Enss, and G.M. Seidel (2005), “Metallic magnetic calorimeters,” in Cryogenic Particle Detection, edited by C. Enss (Springer Berlin Heidelberg, Berlin, Heidelberg) pp. 151-216."
U0691,B35,AGOSTINI,NAO,A442,NAO_ENCONTRADO,,,Irwin,"Irwin, K.D.",2,2005,,,,,"Cryogenic Particle Detection (Springer, ed. C. Enss), 2005, pp. 63-150",Transition-edge sensors,,,21,,book chapter,"Irwin, KD, and G.C. Hilton (2005), “Transition-edge sensors,” in Cryogenic Particle Detection, edited by C. Enss (Springer Berlin Heidelberg, Berlin, Heidelberg) pp. 63- 150."
U0929,B48,AGOSTINI,NAO,A376,OK,,674496,de Gouvea,"de Gouvea, Andre",1,2005,2005,2005-01,hep-ph/0501039,,"Phys. Rev. D 72, 033005",See-saw energy scale and the LSND anomaly,160,141,21,7.62,article,"de Gouvea, Andre (2005), “See-saw energy scale and the LSND anomaly,” Phys. Rev. D 72, 033005, arXiv:hep-ph/0501039."
U0078,B04,AGOSTINI,NAO,A199,OK,,724785,Caldwell,"Caldwell, A.",2,2006,2006,2006-08,physics/0608249,10.1103/PhysRevD.74.092003,"Phys. Rev. D 74, 092003",Signal discovery in sparse spectra: A Bayesian analysis,51,39,20,2.55,,"Caldwell, A, and K. Kroninger (2006), “Signal discovery in sparse spectra: A Bayesian analysis,” Phys. Rev. D 74, 092003, arXiv:physics/0608249."
U0079,B04,AGOSTINI,NAO,A273,NAO_ENCONTRADO,,,Depuydt,,,2006,,,,,,Germanium: From the first application of czochralski crystal growth to large diameter dislocation-free wafers,,,20,,,"Depuydt, B, A. Theuwis, and I. Romandic (2006), “Germanium: From the first application of czochralski crystal growth to large diameter dislocation-free wafers,” Materials Science in Semiconductor Processing 9 (4), 437 - 443, proceedings of Symposium T E-MRS 2006 Spring Meeting on Germanium based semiconductors from materials to devices."
U0080,B04,GONZALEZ-GARCIA,NAO,G075,OK,,731177,G. D. Barr et al.,"Barr, G.D.",4,2006,2006,2006-11,astro-ph/0611266,10.1103/PhysRevD.74.094009,"Phys. Rev. D74, 094009",Uncertainties in Atmospheric Neutrino Fluxes,280,218,20,14.0,,"G. D. Barr et al., Phys. Rev. D74, 094009 (2006), [arXiv:astro-ph/0611266]."
U0081,B05,GONZALEZ-GARCIA,NAO,G179,OK,,722442,H. Minakata et al.,"Minakata, H.",4,2006,2006,2006-07,hep-ph/0607284,10.1103/PhysRevD.74.053008,"Phys.Rev.D,74,053008",Determining neutrino mass hierarchy by precision measurements in electron and muon neutrino disappearance experiments,62,47,20,3.1,article,"H. Minakata et al., Phys. Rev. D74, 053008 (2006), [hep-ph/0607284]."
U0082,B05,GONZALEZ-GARCIA,NAO,G117,OK,,719389,M. H. Ahn et al. (K2K),"Ahn, M.H.",220,2006,2006,2006-06,hep-ex/0606032,10.1103/PhysRevD.74.072003,"Phys.Rev.D,74,072003",Measurement of Neutrino Oscillation by the K2K Experiment,1387,1166,20,69.35,article,"M. H. Ahn et al. (K2K), Phys. Rev. D74, 072003 (2006), [hep-ex/0606032]."
U0085,B05,GONZALEZ-GARCIA,NAO,G022,OK,,720707,S. Antusch et al.,"Antusch, S.",5,2006,2006,2006-07,hep-ph/0607020,10.1088/1126-6708/2006/10/084,"JHEP,0610,084",Unitarity of the Leptonic Mixing Matrix,530,457,20,26.5,article,"S. Antusch et al., JHEP 10, 084 (2006), [hep-ph/0607020]."
U0087,B05,AGOSTINI,NAO,A266,OK,,734382,Deppisch,"Deppisch, F.",2,2007,2006,2006-12,hep-ph/0612165,10.1103/PhysRevLett.98.232501,"Phys.Rev.Lett.,98,232501",Pinning down the mechanism of neutrinoless double beta decay with measurements in different nuclei,91,76,20,4.55,article,"Deppisch, F, and H. Pas (2007), “Pinning down the mechanism of neutrinoless double beta decay with measurements in different nuclei,” Phys. Rev. Lett. 98, 232501, arXiv:hep-ph/0612165."
U0088,B05,GONZALEZ-GARCIA,NAO,G186,OK,,735428,E. K. Akhmedov,"Akhmedov, Evgeny K.",3,2007,2006,2006-12,hep-ph/0612285,10.1088/1126-6708/2007/05/077,"JHEP,0705,077",1-3 leptonic mixing and the neutrino oscillograms of the Earth,98,83,20,4.9,article,"E. K. Akhmedov, M. Maltoni and A. Y. Smirnov, JHEP 0705, 077 (2007), [hep-ph/0612285]."
U0090,B05,GONZALEZ-GARCIA,NAO,G103,OK,,725046,S. E. Kopp,"Kopp, Sacha E.",1,2007,2006,2006-08,physics/0609129,10.1016/j.physrep.2006.11.004,"Phys.Rept.,439,101",Accelerator-based neutrino beams,146,142,20,7.3,article,"S. E. Kopp, Phys. Rept. 439, 101 (2007), [arXiv:physics/0609129]."
U0692,B35,AGOSTINI,NAO,A438,OK,,714562,Ichimura,"Ichimura, M.",3,2006,2006,2006-04,,,"Prog. Part. Nucl. Phys. 56, 446-531","Spin-isospin responses via (p,n) and (n,p) reactions",190,161,20,9.5,article,"Ichimura, M, H. Sakai, and T. Wakasa (2006), “Spin-isospin responses via (p,n) and (n,p) reactions,” Prog. Part. Nucl. Phys. 56, 446-531."
U0693,B35,AGOSTINI,NAO,A466,OK,,724934,Klapdor-Kleingrothaus,"Klapdor-Kleingrothaus, H.V.",2,2006,2006,2006,,,"Mod. Phys. Lett. A 21, 1547-1566",The evidence for the observation of 0nu beta beta decay: The identification of 0nu beta beta events from the full spectra,452,451,20,22.6,article,"Klapdor-Kleingrothaus, H V, and I. V. Krivosheina (2006), “The evidence for the observation of 0nu beta beta decay: The identification of 0nu beta beta events from the full spectra,” Mod. Phys. Lett. A 21, 1547-1566."
U0694,B35,AGOSTINI,NAO,A587,OK,,737640,Piquemal,"Piquemal, F.",1,2006,2006,2006,,,"Phys. Atom. Nucl. 69, 2096-2100",The SuperNEMO project,32,29,20,1.6,article,"Piquemal, F (NEMO) (2006), “The SuperNEMO project,” Phys. Atom. Nucl. 69, 2096-2100."
U0695,B35,AGOSTINI,NAO,A622,OK,,716194,Rodin,"Rodin, V.A.",4,2006,2006,2006,,,"Nucl. Phys. A 766, 107-131",Assessment of uncertainties in QRPA 0νββ-decay nuclear matrix elements,366,304,20,18.3,article,"Rodin, V A, A. Faessler, F. Šimkovic, and P. Vogel (2006), “Assessment of uncertainties in QRPA 0νββ-decay nuclear matrix elements,” Nucl. Phys. A 766, 107-131."
U0696,B35,AGOSTINI,NAO,A664,OK,,724663,Suzuki,"Suzuki, T.",5,2006,2006,2006-08,,,"Phys. Rev. C 74, 034307",Neutrino nucleus reactions based on new shell model Hamiltonians,101,58,20,5.05,article,"Suzuki, T, Satoshi Chiba, T. Yoshida, Toshitaka Kajino, and T. Otsuka (2006), “Neutrino nucleus reactions based on new shell model Hamiltonians,” Phys. Rev. C 74, 034307."
U0697,B35,AGOSTINI,NAO,A742,OK,,718235,Zinner,"Zinner, N.T.",3,2006,2006,2006-06,,,"Phys. Rev. C 74, 024326",Muon capture on nuclei: Random phase approximation evaluation versus data for 6 <= Z <= 94 nuclei,41,36,20,2.05,article,"Zinner, N T, K. Langanke, and P. Vogel (2006), “Muon capture on nuclei: Random phase approximation evaluation versus data for 6 ≤ Z ≤ 94 nuclei,” Phys. Rev. C 74, 024326."
U0089,B05,AGOSTINI,NAO,A357,OK,,742294,Gehman,"Gehman, V.M.",2,2007,2007,2007-01,hep-ph/0701099,10.1088/0954-3899/34/4/006,"J.Phys.G,34,667",Multiple-Isotope Comparison for Determining 0 nu beta beta Mechanisms,64,59,19,3.37,article,"Gehman, V M, and S. R. Elliott (2007), “Multiple-Isotope Comparison for Determining 0 nu beta beta Mechanisms,” J. Phys. G 34, 667-678, [Erratum: J.Phys.G 35, 029701 (2008)], arXiv:hep-ph/0701099."
U0091,B05,AGOSTINI,NAO,A112,OK,,757787,Avignone III,"Avignone, Frank T., III",3,2008,2007,2007-08,,10.1103/RevModPhys.80.481,"Rev.Mod.Phys.,80,481","Double Beta Decay, Majorana Neutrinos, and Neutrino Mass",1104,1011,19,58.11,article,"Avignone III, F T, S. R. Elliott, and J. Engel (2008), “Double beta decay, Majorana neutrinos, and neutrino mass,” Rev. Mod. Phys. 80, 481."
U0092,B05,GONZALEZ-GARCIA,NAO,G065,OK,,758475,C. Arpesella et al. (Borexino),"Arpesella, C.",77,2008,2007,2007-08,0708.2251,10.1016/j.physletb.2007.09.054,"Phys.Lett.B,658,101",First real time detection of Be-7 solar neutrinos by Borexino,364,259,19,19.16,article,"C. Arpesella et al. (Borexino), Phys. Lett. B 658, 101 (2008), [arXiv:0708.2251]."
U0096,B05,AGOSTINI,NAO,A315,OK,,764506,Faessler,"Faessler, Amand",4,2008,2007,2007-10,0710.3199,10.1103/PhysRevD.77.113012,"Phys.Rev.D,77,113012",Pion dominance in RPV SUSY induced neutrinoless double beta decay,51,38,19,2.68,article,"Faessler, Amand, Thomas Gutsche, Sergey Kovalenko, and Fedor Simkovic (2008), “Pion dominance in RPV SUSY induced neutrinoless double beta decay,” Phys. Rev. D 77, 113012, arXiv:0710.3199 [hep-ph]."
U0097,B05,AGOSTINI,NAO,A499,OK,,762355,Leonard,"Leonard, D.S.",57,2008,2007,2007-09,0709.4524,10.1016/j.nima.2008.03.001,"Nucl.Instrum.Meth.A,591,490",Systematic study of trace radioactive impurities in candidate construction materials for EXO-200,170,124,19,8.95,article,"Leonard, D S, et al. (2008), “Systematic study of trace radioactive impurities in candidate construction materials for EXO-200,” Nucl. Instrum. Meth. A 591, 490-509, arXiv:0709.4524 [physics.ins-det]."
U0098,B05,GONZALEZ-GARCIA,NAO,G212,OK,,768660,M. A. Acero,"Acero, Mario A.",3,2008,2007,2007-11,0711.4222,10.1103/PhysRevD.78.073009,"Phys.Rev.D,78,073009",Limits on nu(e) and anti-nu(e) disappearance from Gallium and reactor experiments,232,183,19,12.21,article,"M. A. Acero, C. Giunti and M. Laveder, Phys. Rev. D78, 073009 (2008), [arXiv:0711.4222]."
U0099,B05,GONZALEZ-GARCIA,NAO,G007,OK,,748589,M. C. Gonzalez-Garcia and M. Maltoni,"Gonzalez-Garcia, M.C.",2,2008,2007,2007-04,0704.1800,10.1016/j.physrep.2007.12.004,"Phys.Rept.,460,1",Phenomenology with Massive Neutrinos,1028,976,19,54.11,article,"M. C. Gonzalez-Garcia and M. Maltoni, Phys. Rept. 460, 1 (2008), [arXiv:0704.1800]."
U0100,B05,AGOSTINI,NAO,A605,OK,,771174,Rahaman,"Rahaman, S.",11,2008,2007,2007-12,0712.3337,10.1016/j.physletb.2008.02.047,"Phys.Lett.B,662,111",Q value of the Mo-100 Double-Beta Decay,138,120,19,7.26,article,"Rahaman, S, et al. (2008), “Q value of the Mo-100 Double- Beta Decay,” Phys. Lett. B662, 111-116, arXiv:0712.3337 [nucl-ex]."
U0698,B35,AGOSTINI,NAO,A065,OK,,754233,Ali,"Ali, A.",3,2007,2007,2007-06,,,"Phys. Rev. D 76, 093009",Probing new physics in the neutrinoless double beta decay using electron angular correlation,57,53,19,3.0,article,"Ali, A, A. V. Borisov, and D. V. Zhuridov (2007), “Probing new physics in the neutrinoless double beta decay using electron angular correlation,” Phys. Rev. D 76, 093009."
U0699,B35,GONZALEZ-GARCIA,NAO,G005,OK,,747694,C. Giunti and C. W. Kim,"Giunti, C.",2,2007,2007,2007,,,ISBN 9780198508717 (Oxford Univ. Press),Fundamentals of Neutrino Physics and Astrophysics,469,440,19,24.68,book,"C. Giunti and C. W. Kim, Fundamentals of Neutrino Physics and Astrophysics (2007), ISBN 9780198508717."
U0700,B35,GONZALEZ-GARCIA,NAO,G109,OK,,774999,D. S. Ayres et al. (NOvA) (2007).,"Ayres, D.S.",,2007,2007,2007-10-08,,,"(NOvA Technical Design Report, 2007)",The NOvA Technical Design Report,364,244,19,19.16,report,D. S. Ayres et al. (NOvA) (2007).
U0701,B36,AGOSTINI,NAO,A473,OK,,742700,Kortelainen,"Kortelainen, M.",4,2007,2007,2007-01,,,"Phys. Lett. B 647, 128-132",Short-range correlations and neutrinoless double beta decay,140,103,19,7.37,article,"Kortelainen, M, O. Civitarese, J. Suhonen, and J. Toivanen (2007), “Short-range correlations and neutrinoless double beta decay,” Phys. Lett. B 647, 128-132."
U0702,B36,GONZALEZ-GARCIA,NAO,G110,OK,,747550,M. G. Catanesi et al. (HARP),"Catanesi, M.G.",,2007,2007,2007-02,,,"Nucl. Instrum. Meth. A571, 527",The HARP detector at the CERN PS,102,49,19,5.37,article,"M. G. Catanesi et al. (HARP), Nucl. Instrum. Meth. A571, 527 (2007)."
U0703,B36,AGOSTINI,NAO,A610,OK,,747353,Redshaw,"Redshaw, M.",4,2007,2007,2007-03-28,,,"Phys. Rev. Lett. 98, 053003",Mass and double-beta-decay Q value of Xe-136,201,196,19,10.58,article,"Redshaw, M, E. Wingfield, J. McDaniel, and E. G. Myers (2007), “Mass and double-beta-decay Q value of Xe-136,” Phys. Rev. Lett. 98, 053003."
U0704,B36,AGOSTINI,NAO,A209,OK,,759682,Caurier,"Caurier, E.",3,2008,2007,2007-09,,,"Eur. Phys. J. A 36, 195-200",Nuclear Structure Aspects of the Neutrinoless Double Beta Decay,100,92,19,5.26,article,"Caurier, E, F. Nowacki, and A. Poves (2008), “Nuclear Structure Aspects of the Neutrinoless Double Beta Decay,” Eur. Phys. J. A 36, 195-200."
U0705,B36,AGOSTINI,NAO,A311,OK,,770308,Epelbaum,"Epelbaum, E.",3,2008,2007,2007-12,,,"Nucl. Phys. A806, 65-78",Delta-excitations and the three-nucleon force,99,54,19,5.21,article,"Epelbaum, E, H. Krebs, and U.-G. Meissner (2008), “Deltaexcitations and the three-nucleon force,” Nucl. Phys. A806, 65-78."
U0930,B48,AGOSTINI,NAO,A377,OK,,752945,de Gouvea,"de Gouvea, Andre",1,2007,2007,2007-06,0706.1732,,,"GeV seesaw, accidentally small neutrino masses, and Higgs decays to neutrinos",80,65,19,4.21,preprint,"de Gouvea, Andre (2007), “GeV seesaw, accidentally small neutrino masses, and Higgs decays to neutrinos,” arXiv:0706.1732 [hep-ph]."
U0931,B48,AGOSTINI,NAO,A111,OK,U0091,757787,Avignone,"Avignone, III, F T",3,2008,2007,2007-08,0708.1033,,"Rev. Mod. Phys. 80, 481-516","Double Beta Decay, Majorana Neutrinos, and Neutrino Mass",1106,1013,19,58.21,review,"Avignone, III, F T, S. R. Elliott, and J. Engel (2008), “Double Beta Decay, Majorana Neutrinos, and Neutrino Mass,” Rev. Mod. Phys. 80, 481-516, arXiv:0708.1033 [nucl-ex]."
U0932,B48,AGOSTINI,NAO,A375,OK,,757943,de Gouvea,"de Gouvea, A",2,2008,2007,2007-08,0708.1344,,"Phys.Rev.D 77, 013008",A Survey of Lepton Number Violation Via Effective Operators,225,213,19,11.84,article,"de Gouvea, A, and J. Jenkins (2008), “A survey of lepton number violation via effective operators,” Phys.Rev.D 77, 013008, arXiv:0708.1344 [hep-ph]."
U0093,B05,GONZALEZ-GARCIA,NAO,G046,OK,,802652,C. Pena-Garay and A. Serenelli (2008),"Pena-Garay, Carlos",2,2008,2008,2008-11,0811.2424,,,Solar neutrinos and the solar composition problem,128,116,18,7.11,article,"C. Pena-Garay and A. Serenelli (2008), [arXiv:0811.2424]."
U0094,B05,GONZALEZ-GARCIA,NAO,G105,OK,,786324,D. G. Michael et al. (MINOS),"Michael, D.G.",260,2008,2008,2008-05,0805.3170,10.1016/j.nima.2008.08.003,"Nucl.Instrum.Meth.A,596,190",The Magnetized steel and scintillator calorimeters of the MINOS experiment,463,244,18,25.72,article,"D. G. Michael et al. (MINOS), Nucl. Instrum. Meth. A 596, 190 (2008), [arXiv:0805.3170]."
U0095,B05,GONZALEZ-GARCIA,NAO,G190,OK,,783101,E. K. Akhmedov,"Akhmedov, Evgeny Kh.",3,2008,2008,2008-04,0804.1466,10.1088/1126-6708/2008/06/072,"JHEP,0806,072",Neutrino oscillograms of the Earth: Effects of 1-2 mixing and CP-violation,90,79,18,5.0,article,"E. K. Akhmedov, M. Maltoni and A. Y. Smirnov, JHEP 0806, 072 (2008), [arXiv:0804.1466]."
U0101,B06,AGOSTINI,NAO,A686,OK,,800631,Umehara,"Umehara, S.",16,2008,2008,2008-10,0810.4746,10.1103/PhysRevC.78.058501,"Phys.Rev.C,78,058501",Neutrino-less Double Beta Decay of 48Ca studied by CaF2(Eu) Scintillators,150,132,18,8.33,article,"Umehara, S, et al. (2008), “Neutrino-less double-beta decay of Ca-48 studied by Ca F(2)(Eu) scintillators,” Phys. Rev. C 78, 058501, arXiv:0810.4746 [nucl-ex]."
U0109,B06,GONZALEZ-GARCIA,NAO,G069,DUVIDOSO,,793547,G. Bellini et al. (Borexino),"Bellini, G.",86,2010,2008,2008-08,0808.2868,10.1103/PhysRevD.82.033006,"Phys.Rev.D,82,033006",Measurement of the solar 8B neutrino rate with a liquid scintillator target and 3 MeV energy threshold in the Borexino detector,466,290,18,25.89,article,"G. Bellini et al. (Borexino), Phys. Rev. D 82, 033006 (2010), [arXiv:0808.2868]."
U0706,B36,AGOSTINI,NAO,A661,OK,,781002,Suhonen,"Suhonen, J.",2,2008,2008,2008-03,,,"Phys. Lett. B 668, 277-281",Effects of orbital occupancies on the neutrinoless beta beta matrix element of Ge-76,71,53,18,3.94,article,"Suhonen, J, and O. Civitarese (2008), “Effects of orbital occupancies on the neutrinoless beta beta matrix element of Ge-76,” Phys. Lett. B 668, 277-281."
U0708,B36,AGOSTINI,NAO,A356,OK,,806076,Gazit,"Gazit, D.",3,2009,2008,2008-12,,,"Phys. Rev. Lett. 103, 102502",Three-Nucleon Low-Energy Constants from the Consistency of Interactions and Currents in Chiral Effective Field Theory,300,253,18,16.67,article,"Gazit, D, S. Quaglioni, and P. Navratil (2009), “Three- Nucleon Low-Energy Constants from the Consistency of Interactions and Currents in Chiral Effective Field Theory,” Phys. Rev. Lett. 103, 102502, [Erratum: Phys. Rev. Lett.122,no.2,029901(2019)]."
U0933,B48,AGOSTINI,NAO,A535,OK,,796506,Menéndez,"Menéndez, J",4,2009,2008,2008-09,,,"Proc. Int. Sch. Phys. Fermi 170, 163-174",Deformation and the Nuclear Matrix Elements of the Neutrinoless Double Beta Decay,21,18,18,1.17,proceedings,"Menéndez, J, A. Poves, E. Caurier, and F. Nowacki (2009a), “Deformation and the nuclear matrix elements of the neutrinoless ββ decay,” Proceedings, International School of Physics ”Enrico Fermi”, 170th Course, ”Measurements of Neutrino Mass”: Varenna, Italy, June 17-27, 2008, Proc. Int. Sch. Phys. Fermi 170, 163-174."
U0934,B48,AGOSTINI,NAO,A536,OK,,778074,Menéndez,"Menéndez, J",4,2009,2008,2008-01,,,"Nucl. Phys. A818, 139-151",Disassembling the Nuclear Matrix Elements of the Neutrinoless double beta Decay,578,537,18,32.11,article,"Menéndez, J, A. Poves, E. Caurier, and F. Nowacki (2009b), “Disassembling the Nuclear Matrix Elements of the Neutrinoless beta beta Decay,” Nucl. Phys. A818, 139-151."
U0102,B06,AGOSTINI,NAO,A105,OK,,811669,Atre,"Atre, Anupama",4,2009,2009,2009-01,0901.3589,10.1088/1126-6708/2009/05/030,"JHEP,0905,030",The Search for Heavy Majorana Neutrinos,1027,984,17,60.41,article,"Atre, A, T. Han, S. Pascoli, and B. Zhang (2009), “The search for heavy majorana neutrinos,” JHEP 05, 030, arXiv:0901.3589 [hep-ph]."
U0103,B06,AGOSTINI,NAO,A309,OK,,817686,Engel,"Engel, Jonathan",2,2009,2009,2009-04,0904.1709,10.1103/PhysRevC.79.064317,"Phys.Rev.C,79,064317",Corrections to the Neutrinoless Double-Beta-Decay Operator in the Shell Model,37,28,17,2.18,article,"Engel, Jonathan, and Gaute Hagen (2009), “Corrections to the Neutrinoless Double-Beta-Decay Operator in the Shell Model,” Phys. Rev. C 79, 064317, arXiv:0904.1709 [nucl-th]. ENSDF, (2021), http://www.nndc.bnl.gov/ensdf."
U0104,B06,AGOSTINI,NAO,A386,OK,,826643,Granena,"Granena, F.",63,2009,2009,2009-07,0907.4054,,,"NEXT, a HPGXe TPC for neutrinoless double beta decay searches",112,55,17,6.59,article,"Granena, F, et al. (NEXT) (2009), “NEXT, a HPGXe TPC for neutrinoless double beta decay searches,” arXiv:0907.4054 [hep-ex]."
U0105,B06,GONZALEZ-GARCIA,NAO,G050,OK,,811071,J. N. Abdurashitov et al. (SAGE),"Abdurashitov, J.N.",19,2009,2009,2009-01,0901.2200,10.1103/PhysRevC.80.015807,"Phys.Rev.C,80,015807",Measurement of the solar neutrino capture rate with gallium metal. III: Results for the 2002-2007 data-taking period,908,865,17,53.41,article,"J. N. Abdurashitov et al. (SAGE), Phys. Rev. C80, 015807 (2009), [arXiv:0901.2200]."
U0106,B06,AGOSTINI,NAO,A609,OK,,813170,Redshaw,"Redshaw, Matthew",4,2009,2009,2009-02,0902.2139,10.1103/PhysRevLett.102.212502,"Phys.Rev.Lett.,102,212502",Masses of Te-130 and Xe-130 and Double-beta-Decay Q Value of Te-130,148,135,17,8.71,article,"Redshaw, M, B. J. Mount, E. G. Myers, and F. T. Avignone, III (2009), “Masses of Te-130 and Xe-130 and Double-beta- Decay Q Value of Te-130,” Phys. Rev. Lett. 102, 212502, arXiv:0902.2139 [nucl-ex]."
U0108,B06,AGOSTINI,NAO,A081,OK,,823188,Argyriades,"Argyriades, J.",69,2010,2009,2009-06,0906.2694,10.1016/j.nuclphysa.2010.07.009,"Nucl.Phys.A,847,168",Measurement of the two neutrino double beta decay half-life of Zr-96 with the NEMO-3 detector,216,154,17,12.71,article,"Argyriades, J, et al. (NEMO-3) (2010), “Measurement of the two neutrino double beta decay half-life of Zr-96 with the NEMO-3 detector,” Nucl. Phys. A 847, 168-179, arXiv:0906.2694 [nucl-ex]."
U0707,B36,AGOSTINI,NAO,A140,OK,,820425,Barea,"Barea, J.",2,2009,2009,2009-04,,,"Phys. Rev. C 79, 044301",Neutrinoless double-beta decay in the microscopic interacting boson model,414,385,17,24.35,article,"Barea, J, and F. Iachello (2009), “Neutrinoless double-beta decay in the microscopic interacting boson model,” Phys. Rev. C 79, 044301."
U0709,B36,AGOSTINI,NAO,A565,OK,,827135,Nygren,"Nygren, D.",1,2009,2009,2009,,,"Nucl. Instrum. Meth. A 603, 337-348",High-pressure xenon gas electroluminescent TPC for 0nu beta beta-decay search,88,57,17,5.18,article,"Nygren, D (2009), “High-pressure xenon gas electroluminescent TPC for 0nu beta beta-decay search,” Nucl. Instrum. Meth. A 603, 337-348."
U0710,B36,AGOSTINI,NAO,A628,OK,,816370,Roth,"Roth, R.",1,2009,2009,2009-03,,,"Phys. Rev. C 79, 064324",Importance Truncation for Large-Scale Configuration Interaction Approaches,194,141,17,11.41,article,"Roth, R (2009), “Importance Truncation for Large-Scale Configuration Interaction Approaches,” Phys. Rev. C 79, 064324."
U0711,B36,AGOSTINI,NAO,A642,OK,,833154,Shaposhnikov,"Shaposhnikov, M.",1,2009,2009,2009,,,"J. Phys. Conf. Ser. 171, 012005",Baryogenesis,36,35,17,2.12,conference paper,"Shaposhnikov, M (2009), “Baryogenesis,” J. Phys. Conf. Ser. 171, 012005."
U0712,B36,AGOSTINI,NAO,A734,OK,,826179,Yoshida,"Yoshida, S.",9,2009,2009,2009,,,"Nucl. Instrum. Meth. A 601, 282-293",Ultra-violet wavelength shift for undoped CaF2 scintillation detector by two phase of liquid scintillator system in CANDLES,21,8,17,1.24,article,"Yoshida, S, T. Kishimoto, I. Ogawa, R. Hazama, S. Umehara, K. Matsuoka, D. Yokoyama, K. Ichihara, and Y. Tatewaki (2009), “Ultra-violet wavelength shift for undoped CaF 2 scintillation detector by two phase of liquid scintillator system in CANDLES,” Nucl. Instrum. Meth. A 601, 282-293."
U0935,B48,AGOSTINI,NAO,A537,OK,,821814,Menéndez,"Menéndez, J",4,2009,2009,2009-06,,,"Phys. Rev. C 80, 048501",The occupancies of individual orbits and the nuclear matrix element of the Ge-76 neutrinoless beta beta decay,92,76,17,5.41,article,"Menéndez, J, A. Poves, E. Caurier, and F. Nowacki (2009), “Occupancies of individual orbits, and the nuclear matrix element of the 76 Ge neutrinoless ββ decay,” Phys. Rev. C 80, 048501."
U0936,B48,AGOSTINI,NAO,A703,OK,,812366,Šimkovic,"Šimkovic, F",5,2009,2009,2009-02,,,"Phys. Rev. C 79, 055501",The 0nbb-decay nuclear matrix elements with self-consistent short-range correlations,359,308,17,21.12,article,"Šimkovic, F, A. Faessler, H. Muther, V. Rodin, and M. Stauf (2009), “The 0νββ-decay nuclear matrix elements with self-consistent short-range correlations,” Phys. Rev. C 79, 055501."
U0107,B06,GONZALEZ-GARCIA,NAO,G205,OK,,857742,A. Dueck,"Dueck, Alexander",3,2010,2010,2010-06,1006.0227,10.1103/PhysRevD.82.013005,"Phys.Rev.D,82,013005",On Leptonic Unitary Triangles and Boomerangs,23,21,16,1.44,article,"A. Dueck, S. Petcov and W. Rodejohann, Phys. Rev. D82, 013005 (2010), [arXiv:1006.0227]."
U0110,B06,AGOSTINI,NAO,A513,OK,,856391,Maiezza,"Maiezza, Alessio",4,2010,2010,2010-05,1005.5160,10.1103/PhysRevD.82.055022,"Phys.Rev.D,82,055022",Left-Right Symmetry at LHC,323,280,16,20.19,article,"Maiezza, A, M. Nemevsek, F. Nesti, and G. Senjanovic (2010), “Left-right symmetry at lhc,” Phys.Rev.D 82, 055022, arXiv:1005.5160 [hep-ph]."
U0111,B06,AGOSTINI,NAO,A649,OK,,856984,Simkovic,"Simkovic, Fedor",3,2010,2010,2010-06,1006.0571,10.1103/PhysRevD.82.113015,"Phys.Rev.D,82,113015",Few active mechanisms of the neutrinoless double beta-decay and effective mass of Majorana neutrinos,48,37,16,3.0,article,"Simkovic, Fedor, John Vergados, and Amand Faessler (2010), “Few active mechanisms of the neutrinoless double betadecay and effective mass of Majorana neutrinos,” Phys. Rev. D 82, 113015, arXiv:1006.0571 [hep-ph]."
U0112,B06,AGOSTINI,NAO,A665,OK,,853273,Swenson,"Swenson, L.J.",7,2010,2010,2010-04,1004.5066,10.1063/1.3459142,"Appl.Phys.Lett.,96,263511",High-speed phonon imaging using frequency-multiplexed kinetic inductance detectors,78,34,16,4.88,article,"Swenson, L J, A. Cruciani, A. Benoit, M. Roesch, C. S. Yung, A. Bideaud, and A. Monfardini (2010), “Highspeed phonon imaging using frequency-multiplexed kinetic inductance detectors,” Appl. Phys. Lett. 96, 263511, arXiv:1004.5066 [physics.ins-det]."
U0117,B06,GONZALEZ-GARCIA,NAO,G213,OK,,858613,C. Giunti and M. Laveder,"Giunti, Carlo",2,2011,2010,2010-06,1006.3244,10.1103/PhysRevC.83.065504,"Phys.Rev.C,83,065504",Statistical Significance of the Gallium Anomaly,593,531,16,37.06,article,"C. Giunti and M. Laveder, Phys. Rev. C83, 065504 (2011), [arXiv:1006.3244]."
U0120,B06,AGOSTINI,NAO,A240,OK,,860907,Cowan,"Cowan, Glen",4,2011,2010,2010-07-10,1007.1727,10.1140/epjc/s10052-011-1554-0,"Eur.Phys.J.C,71,1554",Asymptotic formulae for likelihood-based tests of new physics,6197,5528,16,387.31,article,"Cowan, G, K. Cranmer, E. Gross, and O. Vitells (2011), “Asymptotic formulae for likelihood-based tests of new physics,” Eur. Phys. J. C 71, 1554, [Erratum: Eur.Phys.J.C 73, 2501 (2013)], arXiv:1007.1727 [physics.data-an]."
U0130,B07,AGOSTINI,NAO,A671,OK,,877536,Tello,V. Tello,5,2011,2010,2010-11,1011.3522,10.1103/PhysRevLett.106.151801,"Phys.Rev.Lett.106,151801",Left-Right Symmetry: from LHC to Neutrinoless Double Beta Decay,306,252,16,19.12,article,"Tello, Vladimir, Miha Nemevsek, Fabrizio Nesti, Goran Senjanovic, and Francesco Vissani (2011), “Left-Right Symmetry: from LHC to Neutrinoless Double Beta Decay,” Phys. Rev. Lett. 106, 151801, arXiv:1011.3522 [hep-ph]."
U0713,B36,AGOSTINI,NAO,A073,OK,,864773,Anderson,"Anderson, E.R.",4,2010,2010,2010-08,,,"Phys. Rev. C 82, 054001",Operator Evolution via the Similarity Renormalization Group I: The Deuteron,78,53,16,4.88,article,"Anderson, E R, S. K. Bogner, R. J. Furnstahl, and R. J. Perry (2010), “Operator Evolution via the Similarity Renormalization Group I: The Deuteron,” Phys. Rev. C 82, 054001."
U0714,B36,AGOSTINI,NAO,A095,OK,,854363,Arnold,"Arnold, R.",,2010,2010,2010-05,,,"Eur. Phys. J. C 70, 927",Probing New Physics Models of Neutrinoless Double Beta Decay with SuperNEMO,303,204,16,18.94,article,"Arnold, R, et al. (SuperNEMO) (2010), “Probing New Physics Models of Neutrinoless Double Beta Decay with SuperNEMO,” Eur. Phys. J. C 70, 927."
U0715,B36,AGOSTINI,NAO,A169,OK,,855330,Blennow,"Blennow, M.",4,2010,2010,2010-05,,,"JHEP 07, 096",Neutrinoless double beta decay in seesaw models,233,212,16,14.56,article,"Blennow, M, E. Fernandez-Martinez, J. Lopez-Pavon, and J. Menéndez (2010), “Neutrinoless double beta decay in seesaw models,” JHEP 07, 096."
U0716,B36,AGOSTINI,NAO,A472,OK,,866001,Kolhinen,"Kolhinen, V.S.",,2010,2010,2010-08,,,"Phys. Rev. C 82, 022501",Double-beta decay Q value of Nd-150,40,35,16,2.5,article,"Kolhinen, VS, et al. (2010), “Double-beta decay Q value of Nd-150,” Phys. Rev. C 82, 022501."
U0717,B36,AGOSTINI,NAO,A549,OK,,851294,Mount,"Mount, B.J.",3,2010,2010,2010-03,,,"Phys. Rev. C81, 032501",Double-beta-decay Q values of Se-74 and Ge-76,98,95,16,6.12,article,"Mount, B J, M. Redshaw, and E. G. Myers (2010), “Doublebeta-decay Q values of Se-74 and Ge-76,” Phys. Rev. C81, 032501."
U0718,B36,AGOSTINI,NAO,A623,OK,,866746,Rodriguez,"Rodriguez, T.R.",2,2010,2010,2010-08,,,"Phys. Rev. Lett. 105, 252503",Energy density functional study of nuclear matrix elements for neutrinoless ββ decay,492,477,16,30.75,article,"Rodriguez, T R, and G. Martinez-Pinedo (2010), “Energy density functional study of nuclear matrix elements for neutrinoless ββ decay,” Phys. Rev. Lett. 105, 252503."
U0719,B36,AGOSTINI,NAO,A662,OK,,875692,Suhonen,"Suhonen, J.",2,2010,2010,2010,,,"Nucl. Phys. A 847, 207-232",Effects of orbital occupancies and spin-orbit partners on 0 nu beta beta-decay rates,88,61,16,5.5,article,"Suhonen, J, and O. Civitarese (2010), “Effects of orbital occupancies and spin-orbit partners on 0 nu beta beta-decay rates,” Nucl. Phys. A 847, 207-232."
U0723,B37,AGOSTINI,NAO,A648,OK,,879153,Simkovic,"Simkovic, F.",4,2011,2010,2010-12,,,"Phys. Rev. C 83, 015502",Relation between the $0\nu\beta\beta$ and $2\nu\beta\beta$ nuclear matrix elements revisited,61,48,16,3.81,article,"Simkovic, Fedor, Rastislav Hodak, Amand Faessler, and Petr Vogel (2011), “Relation between the 0νββ and 2νββ nuclear matrix elements revisited,” Phys. Rev. C 83, 015502."
U0938,B48,AGOSTINI,NAO,A538,OK,,859783,Menéndez,"Menéndez, J",4,2011,2010,2010-06,,,"J. Phys. Conf. Ser. 267, 012058",Novel Nuclear Structure Aspects of the Neutrinoless Double Beta Decay,20,13,16,1.25,proceedings,"Menéndez, J, A. Poves, E. Caurier, and F. Nowacki (2011), “Novel Nuclear Structure Aspects of the 0νββ - Decay,” New quests in nuclear structure. Proceedings, 10th International Spring Seminar on Nuclear Physics, Vietri sul Mare, Italy, May 21-25, 2010, J. Phys. Conf. Ser. 267, 012058."
U0113,B06,GONZALEZ-GARCIA,NAO,G041,OK,,895761,A. M. Serenelli,"Serenelli, Aldo M.",3,2011,2011,2011-04,1104.1639,10.1088/0004-637X/743/1/24,"Astrophys.J.,743,24",Solar models with accretion. I. Application to the solar abundance problem,282,241,15,18.8,article,"A. M. Serenelli, W. C. Haxton and C. Pena-Garay, Astrophys. J. 743, 24 (2011), [arXiv:1104.1639]."
U0114,B06,AGOSTINI,NAO,A131,OK,,896132,Barabash,"Barabash, A.S.",1,2011,2011,2011-04,1104.2714,10.1134/S1063778811030070,"Phys.Atom.Nucl.,74,603",Double Beta Decay: Historical Review of 75 Years of Research,95,94,15,6.33,article,"Barabash, A S (2011), “Double Beta Decay: Historical Review of 75 Years of Research,” Phys. Atom. Nucl. 74, 603- 613, arXiv:1104.2714 [nucl-ex]."
U0115,B06,AGOSTINI,NAO,A134,OK,,924007,Barabash,"Barabash, A.S.",31,2011,2011,2011-08,1108.2771,10.1088/1748-0221/6/08/P08011,"JINST,6,P08011",Low background detector with enriched 116CdWO4 crystal scintillators to search for double beta decay of 116Cd,54,12,15,3.6,article,"Barabash, AS, et al. (2011), “Low background detector with enriched 116 CdW O4 crystal scintillators to search for double β decay of 116 Cd,” JINST 6, P08011, arXiv:1108.2771 [physics.ins-det]."
U0116,B06,AGOSTINI,NAO,A149,OK,,891990,Baudis,"Baudis, L.",11,2011,2011,2011-03,1103.2125,10.1088/1748-0221/6/08/P08010,"JINST,6,P08010",Gator: a low-background counting facility at the Gran Sasso Underground Laboratory,68,26,15,4.53,article,"Baudis, L, et al. (2011), “Gator: a low-background counting facility at the Gran Sasso Underground Laboratory,” JINST 6, P08010, arXiv:1103.2125 [astro-ph.IM]."
U0118,B06,GONZALEZ-GARCIA,NAO,G219,OK,,927772,C. Giunti and M. Laveder,"Giunti, Carlo",2,2011,2011,2011-09,1109.4033,10.1103/PhysRevD.84.093006,"Phys.Rev.D,84,093006",Status of 3+1 Neutrino Mixing,128,89,15,8.53,article,"C. Giunti and M. Laveder, Phys. Rev. D84, 093006 (2011), [arXiv:1109.4033]."
U0119,B06,GONZALEZ-GARCIA,NAO,G121,OK,,912685,C. Rubbia et al.,"Rubbia, C.",77,2011,2011,2011-06,1106.0975,10.1088/1748-0221/6/07/P07011,"JINST,6,P07011",Underground operation of the ICARUS T600 LAr-TPC: first results,215,135,15,14.33,article,"C. Rubbia et al., JINST 6, P07011 (2011), [arXiv:1106.0975]."
U0121,B07,AGOSTINI,NAO,A288,OK,,898045,Duerr,M. Duerr,3,2011,2011,2011-05,1105.0901,10.1007/JHEP06(2011)091,"JHEP06,091",On the Quantitative Impact of the Schechter-Valle Theorem,158,140,15,10.53,article,"Duerr, M, M. Lindner, and A. Merle (2011), “On the quantitative impact of the schechter-valle theorem,” JHEP 06, 091, arXiv:1105.0901 [hep-ph]."
U0122,B07,GONZALEZ-GARCIA,NAO,G209,OK,,884352,G. Mention et al.,G. Mention,7,2011,2011,2011-01,1101.2755,10.1103/PhysRevD.83.073006,"Phys.Rev.D83,073006",The Reactor Antineutrino Anomaly,1809,1739,15,120.6,article,"G. Mention et al., Phys. Rev. D83, 073006 (2011), [arXiv:1101.2755]."
U0123,B07,AGOSTINI,NAO,A455,OK,,890795,Joshipura,A.S. Joshipura,2,2011,2011,2011-02,1102.5148,10.1103/PhysRevD.83.095002,"Phys.Rev.D83,095002",Fermion Masses in SO(10) Models,162,146,15,10.8,article,"Joshipura, A S, and K. M. Patel (2011), “Fermion Masses in SO(10) Models,” Phys. Rev. D 83, 095002, arXiv:1102.5148 [hep-ph]. JSC Isotope, (last accessed: Sep. 2020a), http://www. isotop.ru/en/view/1653/. JSC Isotope, (last accessed: Sep. 2020b), http://www. isotop.ru/en/view/1658/. JSC Isotope, (last accessed: Sep. 2020c), http://www. isotop.ru/en/view/1667/. JSC Isotope, (last accessed: Sep. 2020d), http://www. isotop.ru/en/view/1308/."
U0124,B07,GONZALEZ-GARCIA,NAO,G108,OK,,912952,K. Abe et al. (T2K),K. Abe,523,2011,2011,2011-06,1106.1238,10.1016/j.nima.2011.06.067,"Nucl.Instrum.Meth.A659,106",The T2K Experiment,1300,666,15,86.67,article,"K. Abe et al. (T2K), Nucl. Instrum. Meth. A 659, 106 (2011), [arXiv:1106.1238]."
U0125,B07,GONZALEZ-GARCIA,NAO,G122,OK,,913765,K. Abe et al. (T2K),K. Abe,411,2011,2011,2011-06,1106.2822,10.1103/PhysRevLett.107.041801,"Phys.Rev.Lett.107,041801",Indication of Electron Neutrino Appearance from an Accelerator-produced Off-axis Muon Neutrino Beam,1925,1609,15,128.33,article,"K. Abe et al. (T2K), Phys. Rev. Lett. 107, 041801 (2011), [arXiv:1106.2822]."
U0126,B07,GONZALEZ-GARCIA,NAO,G140,OK,,912553,P. Huber,P. Huber,1,2011,2011,2011-06,1106.0687,10.1103/PhysRevC.84.024617,"Phys.Rev.C84,024617",On the determination of anti-neutrino spectra from nuclear reactors,1175,1110,15,78.33,article,"P. Huber, Phys. Rev. C84, 024617 (2011), [Erratum: Phys. Rev.C85,029901(2012)], [arXiv:1106.0687]."
U0127,B07,AGOSTINI,NAO,A619,OK,,912926,Rodejohann,W. Rodejohann,1,2011,2011,2011-06,1106.1334,10.1142/S0218301311020186,"Int.J.Mod.Phys.E20,1833",Neutrino-less Double Beta Decay and Particle Physics,661,624,15,44.07,article,"Rodejohann, W (2011), “Neutrino-less Double Beta Decay and Particle Physics,” Int. J. Mod. Phys. E 20, 1833-1930, arXiv:1106.1334 [hep-ph]."
U0128,B07,GONZALEZ-GARCIA,NAO,G072,OK,,912715,S. Abe et al. (KamLAND),S. Abe,79,2011,2011,2011-06,1106.0861,10.1103/PhysRevC.84.035804,"Phys.Rev.C84,035804",Measurement of the 8B Solar Neutrino Flux with the KamLAND Liquid Scintillator Detector,130,100,15,8.67,article,"S. Abe et al. (KamLAND), Phys. Rev. C84, 035804 (2011), [arXiv:1106.0861]."
U0129,B07,GONZALEZ-GARCIA,NAO,G139,OK,,884183,T. A. Mueller et al.,T.A. Mueller,12,2011,2011,2011-01,1101.2663,10.1103/PhysRevC.83.054615,"Phys.Rev.C83,054615",Improved Predictions of Reactor Antineutrino Spectra,1385,1283,15,92.33,article,"T. A. Mueller et al., Phys. Rev. C83, 054615 (2011), [arXiv:1101.2663]."
U0131,B07,AGOSTINI,NAO,A682,OK,,1082102,Tretyak,V.I. Tretyak,1,2011,2011,2011-06,1112.4183,10.1063/1.3671051,"AIP Conf.Proc.1417,129","False starts in history of searches for double beta decay, or Discoverless double beta decay",16,16,15,1.07,article,"Tretyak, V I (2011), “False starts in history of searches for 2β decay, or Discoverless double beta decay,” AIP Conf. Proc. 1417 (1), 129-133, arXiv:1112.4183 [nucl-ex]."
U0141,B08,AGOSTINI,NAO,A325,OK,,1083030,Fink,"Fink, D.",20,2012,2011,2011-12,1112.5786,10.1103/PhysRevLett.108.062502,"Phys.Rev.Lett.,108,062502",Q-Value and Half-Lives for the Double-Beta-Decay Nuclide 110Pd,40,17,15,2.67,article,"Fink, D, et al. (2012), “Q-Value and Half-Lives for the Double-Beta-Decay Nuclide 110Pd,” Phys. Rev. Lett. 108, 062502, arXiv:1112.5786 [nucl-ex]."
U0143,B08,GONZALEZ-GARCIA,NAO,G066,OK,,940013,G. Bellini et al. (Borexino),"Bellini, G.",91,2012,2011,2011-10,1110.3230,10.1103/PhysRevLett.108.051302,"Phys.Rev.Lett.,108,051302",First evidence of pep solar neutrinos by direct detection in Borexino,364,195,15,24.27,article,"G. Bellini et al. (Borexino), Phys. Rev. Lett. 108, 051302 (2012), [arXiv:1110.3230]."
U0145,B08,AGOSTINI,NAO,A369,OK,,929460,Gomez-Cadenas,"Gomez-Cadenas, J.J.",5,2012,2011,2011-09,1109.5515,10.1393/ncr/i2012-10074-9,"Riv.Nuovo Cim.,35,29-98",The Search for neutrinoless double beta decay,251,214,15,16.73,review,"Gomez-Cadenas, J J, J. Martin-Albo, M. Mezzetto, F. Monrabal, and M. Sorel (2012), “The Search for neutrinoless double beta decay,” Riv. Nuovo Cim. 35 (2), 29-98, arXiv:1109.5515 [hep-ex]."
U0148,B08,AGOSTINI,NAO,A517,OK,,940509,Mangano,"Mangano, G.",5,2012,2011,2011-10,1110.4335,10.1016/j.physletb.2012.01.015,"Phys.Lett.B,708,1",Updated BBN bounds on the cosmological lepton asymmetry for non-zero theta13,118,104,15,7.87,article,"Mangano, G, G. Miele, S. Pastor, O. Pisanti, and S. Sarikas (2012), “Updated BBN bounds on the cosmological lepton asymmetry for non-zero θ13 ,” Phys. Lett. B 708, 1-5, arXiv:1110.4335 [hep-ph]."
U0149,B08,AGOSTINI,NAO,A541,OK,,921560,Mitra,"Mitra, M.",3,2012,2011,2011-08,1108.0004,10.1016/j.nuclphysb.2011.10.035,"Nucl.Phys.B,856,26",Neutrinoless Double Beta Decay and Heavy Sterile Neutrinos,239,212,15,15.93,article,"Mitra, M, G. Senjanovic, and F. Vissani (2012), “Neutrinoless double beta decay and heavy sterile neutrinos,” Nucl.Phys.B 856, 26-73, arXiv:1108.0004 [hep-ph]."
U0155,B08,GONZALEZ-GARCIA,NAO,G154,OK,,1082938,Y. Abe et al. (Double Chooz),"Abe, Y.",183,2012,2011,2011-12,1112.6353,10.1103/PhysRevLett.108.131801,"Phys.Rev.Lett.,108,131801",Indication of Reactor Antineutrino Disappearance in the Double Chooz Experiment,1820,1550,15,121.33,article,"Y. Abe et al. (Double Chooz), Phys. Rev. Lett. 108, 131801 (2012), [arXiv:1112.6353]."
U0163,B09,GONZALEZ-GARCIA,NAO,G063,OK,,1041471,B. Aharmim et al. (SNO),"Aharmim, B.",107,2013,2011,2011-09,1109.0763,10.1103/PhysRevC.88.025501,"Phys.Rev.C,88,025501",Combined Analysis of all Three Phases of Solar Neutrino Data from the Sudbury Neutrino Observatory,780,662,15,52.0,article,"B. Aharmim et al. (SNO), Phys. Rev. C88, 025501 (2013), [arXiv:1109.0763]."
U0720,B36,AGOSTINI,NAO,A321,NAO_ENCONTRADO,,,Fernandes,"Fernandes, E.A.D.N.",,2011,,,,,"Spectrochimica Acta Part B: Atomic Spectroscopy 66, 193-241",Neutron activation analysis: A primary method of measurement,,,15,,article,"Fernandes, R R Greenberg; P Bode; Elisabete A De Nadai (2011), “Neutron activation analysis: A primary method of measurement,” Spectrochimica Acta Part B: Atomic Spectroscopy 66, 193-241."
U0721,B37,AGOSTINI,NAO,A344,OK,,914076,Fujita,"Fujita, Y.",3,2011,2011,2011,,,"Prog. Part. Nucl. Phys. 66, 549-606","Spin-isospin excitations probed by strong, weak and electro-magnetic interactions",186,158,15,12.4,article,"Fujita, Y, B. Rubio, and W. Gelletly (2011), “Spin-isospin excitations probed by strong, weak and electro-magnetic interactions,” Prog. Part. Nucl. Phys. 66, 549-606."
U0722,B37,AGOSTINI,NAO,A606,OK,,939799,Rahaman,"Rahaman, S.",10,2011,2011,2011-09-20,,,"Phys. Lett. B703, 412-416",Double-beta decay Q values of ^{116}Cd and ^{130}Te,111,106,15,7.4,article,"Rahaman, S. and Elomaa, V. V. and Eronen, T. and Hakala, J. and Jokinen, A. and Kankainen, A. and Rissanen, J. and Suhonen, J. and Weber, C. and Äystö, J., (2011), “Doublebeta decay Q values of 116 Cd and 130 Te,” Phys. Lett. B703, 412-416."
U0727,B37,AGOSTINI,NAO,A210,OK,,1082454,Caurier,"Caurier, E.",3,2012,2011,2011-12,,,"Phys. Lett. B 711, 62-64",Shell Model description of the beta beta decay of 136Xe,128,124,15,8.53,article,"Caurier, E, F. Nowacki, and A. Poves (2012), “Shell Model description of the beta beta decay of 136Xe,” Phys. Lett. B 711, 62-64."
U0937,B48,AGOSTINI,NAO,A533,OK,,893130,Menéndez,"Menéndez, J",3,2011,2011,2011-03,,,"Phys. Rev. Lett. 107, 062501",Chiral two-body currents in nuclei: Gamow-Teller transitions and neutrinoless double-beta decay,244,203,15,16.27,article,"Menéndez, J, D. Gazit, and A. Schwenk (2011), “Chiral twobody currents in nuclei: Gamow-teller transitions and neutrinoless double-beta decay,” Phys. Rev. Lett. 107, 062501."
U0939,B48,AGOSTINI,NAO,A145,OK,,894525,de Barros,"de Barros, N F",2,2011,2011,2011-03,1103.5757,,"J. Phys. G 38, 105201",Solar neutrino-electron scattering as background limitation for double beta decay,27,24,15,1.8,article,"de Barros, N F, and K. Zuber (2011), “Solar neutrino-electron scattering as background limitation for double beta decay,” J. Phys. G 38, 105201, arXiv:1103.5757 [hep-ph]."
U0940,B48,AGOSTINI,NAO,A370,OK,U0145,929460,Gómez-Cadenas,"Gómez-Cadenas, J J",5,2012,2011,2011-09,,,"Riv. Nuovo Cim. 35, 29-98",The Search for neutrinoless double beta decay,251,214,15,16.73,review,"Gómez-Cadenas, J J, J. Martı́n-Albo, M. Mezzetto, F. Monrabal, and M. Sorel (2012), “The search for neutrinoless double beta decay,” Riv. Nuovo Cim. 35, 29-98."
U0132,B07,GONZALEZ-GARCIA,NAO,G206,OK,,1495903,A. Aguilar-Arevalo et al. (MiniBooNE) (2012),A. Aguilar-Arevalo,44,2012,2012,2012-07-19,1207.4809,,,A Combined nu_mu to nu_e and nu_mu-bar to nu_e-bar Oscillation Analysis of the MiniBooNE Excesses,317,276,14,22.64,article,"A. Aguilar-Arevalo et al. (MiniBooNE) (2012), [arXiv:1207.4809]."
U0133,B07,AGOSTINI,NAO,A068,OK,,1087338,Alvarez,V. Alvarez,85,2012,2012,2012-02,1202.0721,10.1088/1748-0221/7/06/T06001,"JINST7,T06001",NEXT-100 Technical Design Report (TDR): Executive Summary,166,72,14,11.86,article,"Alvarez, V, et al. (NEXT) (2012), “NEXT-100 Technical Design Report (TDR): Executive Summary,” JINST 7, T06001, arXiv:1202.0721 [physics.ins-det]."
U0134,B07,AGOSTINI,NAO,A108,OK,,1088706,Auger,M. Auger,81,2012,2012,2012-02,1202.2192,10.1088/1748-0221/7/05/P05010,"JINST7,P05010","The EXO-200 detector, part I: Detector design and construction",225,154,14,16.07,article,"Auger, M, et al. (2012), “The EXO-200 detector, part I: Detector design and construction,” JINST 7, P05010, arXiv:1202.2192 [physics.ins-det]."
U0135,B07,AGOSTINI,NAO,A161,OK,,1087436,Bertolini,S. Bertolini,3,2012,2012,2012-02,1202.0807,10.1103/PhysRevD.85.095014,"Phys.Rev.D85,095014",Seesaw Scale in the Minimal Renormalizable SO(10) Grand Unification,75,54,14,5.36,article,"Bertolini, S, L. Di Luzio, and M. Malinsky (2012), “Seesaw Scale in the Minimal Renormalizable SO(10) Grand Unification,” Phys. Rev. D 85, 095014, arXiv:1202.0807 [hep-ph]."
U0136,B07,AGOSTINI,NAO,A193,OK,,1092759,Buccella,F. Buccella,5,2012,2012,2012-03,1203.0829,10.1103/PhysRevD.86.035012,"Phys.Rev.D86,035012",Squeezing out predictions with leptogenesis from SO(10),58,47,14,4.14,article,"Buccella, F, D. Falcone, C. S. Fong, E. Nardi, and G. Ricciardi (2012), “Squeezing out predictions with leptogenesis from SO(10),” Phys. Rev. D 86, 035012, arXiv:1203.0829 [hep-ph]."
U0137,B07,AGOSTINI,NAO,A214,OK,,1108146,Chakrabortty,J. Chakrabortty,4,2012,2012,2012-04,1204.2527,10.1007/JHEP08(2012)008,"JHEP08,008",Neutrinoless double-beta decay in TeV scale Left-Right symmetric models,109,75,14,7.79,article,"Chakrabortty, Joydeep, H. Zeen Devi, Srubabati Goswami, and Sudhanwa Patra (2012), “Neutrinoless double-β decay in TeV scale Left-Right symmetric models,” JHEP 08, 008, arXiv:1204.2527 [hep-ph]."
U0138,B07,AGOSTINI,NAO,A270,OK,,1125859,Deppisch,F.F. Deppisch,3,2012,2012,2012-08,1208.0727,10.1088/0954-3899/39/12/124007,"J.Phys.G39,124007",Neutrinoless Double Beta Decay and Physics Beyond the Standard Model,287,234,14,20.5,article,"Deppisch, F F, M. Hirsch, and H. Pas (2012), “Neutrinoless Double Beta Decay and Physics Beyond the Standard Model,” J. Phys. G 39, 124007, arXiv:1208.0727 [hep-ph]."
U0139,B07,AGOSTINI,NAO,A299,OK,,1092949,Elliott,S.R. Elliott,1,2012,2012,2012-03,1203.1070,10.1142/S0217732312300091,"Mod.Phys.Lett.A27,1230009",Recent Progress in Double Beta Decay,85,73,14,6.07,article,"Elliott, S R (2012), “Recent Progress in Double Beta Decay,” Mod. Phys. Lett. A 27, 1230009, arXiv:1203.1070 [nucl-ex]."
U0140,B07,GONZALEZ-GARCIA,NAO,G155,OK,,1093266,F. P. An et al. (Daya Bay),F.P. An,270,2012,2012,2012-03,1203.1669,10.1103/PhysRevLett.108.171803,"Phys.Rev.Lett.108,171803",Observation of electron-antineutrino disappearance at Daya Bay,3224,2773,14,230.29,article,"F. P. An et al. (Daya Bay), Phys. Rev. Lett. 108, 171803 (2012), [arXiv:1203.1669]."
U0142,B08,AGOSTINI,NAO,A334,OK,,1236362,Formaggio,"Formaggio, J.A.",2,2012,2012,2012-09-24,1305.7513,10.1103/RevModPhys.84.1307,"Rev.Mod.Phys.,84,1307",From eV to EeV: Neutrino Cross Sections Across Energy Scales,1079,1052,14,77.07,article,"Formaggio, J A, and G. P. Zeller (2012), “From eV to EeV: Neutrino Cross Sections Across Energy Scales,” Rev. Mod. Phys. 84, 1307-1341, arXiv:1305.7513 [hep-ex]."
U0144,B08,AGOSTINI,NAO,A351,OK,,1085532,Gando,"Gando, A.",39,2012,2012,2012-04,1201.4664,10.1103/PhysRevC.85.045504,"Phys.Rev.C,85,045504",Measurement of the double-beta decay half-life of 136Xe with the KamLAND-Zen experiment,316,276,14,22.57,article,"Gando, A, et al. (KamLAND-Zen) (2012), “Measurement of the double-β decay half-life of 136 Xe with the KamLAND-Zen experiment,” Phys. Rev. C85, 045504, arXiv:1201.4664 [hep-ex]."
U0146,B08,GONZALEZ-GARCIA,NAO,G156,OK,,1102875,J. K. Ahn et al. (RENO),"Ahn, J.K.",34,2012,2012,2012-04,1204.0626,10.1103/PhysRevLett.108.191802,"Phys.Rev.Lett.,108,191802",Observation of Reactor Electron Antineutrino Disappearance in the RENO Experiment,2693,2599,14,192.36,article,"J. K. Ahn et al. (RENO), Phys. Rev. Lett. 108, 191802 (2012), [arXiv:1204.0626]."
U0147,B08,AGOSTINI,NAO,A479,OK,,1110717,Kotila,"Kotila, J.",2,2012,2012,2012-03,1209.5722,10.1103/PhysRevC.85.034316,"Phys.Rev.C,85,034316",Phase space factors for double-beta decay,696,655,14,49.71,article,"Kotila, J, and F. Iachello (2012b), “Phase space factors for double-β decay,” Phys. Rev. C 85, 034316, arXiv:1209.5722 [nucl-th]."
U0150,B08,AGOSTINI,NAO,A546,OK,,1094466,Moore,"Moore, D.C.",7,2012,2012,2012-03,1203.4549,10.1063/1.4726279,"Appl.Phys.Lett.,100,232601",Position and energy-resolved particle detection using phonon-mediated microwave kinetic inductance detectors,64,55,14,4.57,article,"Moore, D C, S. R. Golwala, B. Bumble, B. Cornell, P. K. Day, H. G. LeDuc, and J. Zmuidzinas (2012), “Position and energy-resolved particle detection using phonon-mediated microwave kinetic inductance detectors,” Appl. Phys. Lett. 100, 232601, arXiv:1203.4549 [astro-ph.IM]."
U0151,B08,AGOSTINI,NAO,A620,OK,,1118022,Rodejohann,"Rodejohann, W.",1,2012,2012,2012-06,1206.2560,10.1088/0954-3899/39/12/124008,"J.Phys.G,39,124008",Neutrinoless double beta decay and neutrino physics,254,250,14,18.14,article,"Rodejohann, W (2012), “Neutrinoless double beta decay and neutrino physics,” J. Phys. G 39, 124008, arXiv:1206.2560 [hep-ph]."
U0152,B08,AGOSTINI,NAO,A689,OK,,1113456,Vergados,"Vergados, J.D.",3,2012,2012,2012-05,1205.0649,10.1088/0034-4885/75/10/106301,"Rept.Prog.Phys.,75,106301",Theory of Neutrinoless Double Beta Decay,585,502,14,41.79,article,"Vergados, J D, H. Ejiri, and F. Simkovic (2012), “Theory of Neutrinoless Double Beta Decay,” Rept. Prog. Phys. 75, 106301, arXiv:1205.0649 [hep-ph]."
U0153,B08,AGOSTINI,NAO,A696,OK,,1126998,Vogel,"Vogel, P.",1,2012,2012,2012-08-09,1208.1992,10.1088/0954-3899/39/12/124002,"J.Phys.G,39,124002",Nuclear structure and double beta decay,93,90,14,6.64,article,"Vogel, P (2012a), “Nuclear structure and double beta decay,” J. Phys. G 39, 124002, arXiv:1208.1992 [nucl-th]."
U0154,B08,AGOSTINI,NAO,A721,OK,,1089838,Winslow,"Winslow, L.",2,2012,2012,2012-02,1202.4733,10.1088/1748-0221/7/07/P07010,"JINST,7,P07010",Characterizing Quantum-Dot-Doped Liquid Scintillator for Applications to Neutrino Detectors,24,18,14,1.71,article,"Winslow, L, and R. Simpson (2012), “Characterizing Quantum-Dot-Doped Liquid Scintillator for Applications to Neutrino Detectors,” JINST 7, P07010, arXiv:1202.4733 [physics.ins-det]."
U0158,B08,AGOSTINI,NAO,A017,OK,,1207593,Ackermann,"Ackermann, K.H.",138,2013,2012,2012-12,1212.4067,10.1140/epjc/s10052-013-2330-0,"Eur.Phys.J.C,73,2330",The GERDA experiment for the search of 0vbb decay in 76Ge,322,155,14,23.0,article,"Ackermann, K H, et al. (GERDA) (2013), “The GERDA experiment for the search of 0νββ decay in 76 Ge,” Eur. Phys. J. C73 (3), 2330, arXiv:1212.4067 [physics.ins-det]."
U0165,B09,AGOSTINI,NAO,A182,OK,,1207283,Bonnet,"Bonnet, Florian",4,2013,2012,2012-12,1212.3045,,"JHEP,03,055",Systematic decomposition of the neutrinoless double beta decay operator,85,61,14,6.07,article,"Bonnet, F, M. Hirsch, T. Ota, and W. Winter (2013), “Systematic decomposition of the neutrinoless double beta decay operator,” JHEP 03, 055, [Erratum: JHEP 04, 090 (2014)], arXiv:1212.3045 [hep-ph]."
U0168,B09,AGOSTINI,NAO,A352,OK,,1202987,Gando,"Gando, A.",42,2013,2012,2012-11,1211.3863,10.1103/PhysRevLett.110.062502,"Phys.Rev.Lett.,110,062502",Limit on Neutrinoless $\beta\beta$ Decay of $^{136}$Xe from the First Phase of KamLAND-Zen and Comparison with the Positive Claim in $^{76}$Ge,594,549,14,42.43,article,"Gando, A, et al. (KamLAND-Zen) (2013), “Limit on Neutrinoless ββ Decay of 136 Xe from the First Phase of KamLAND-Zen and Comparison with the Positive Claim in 76 Ge,” Phys. Rev. Lett. 110 (6), 062502, arXiv:1211.3863 [hep-ex]."
U0171,B09,AGOSTINI,NAO,A506,OK,,1203886,Lincoln,"Lincoln, David L.",10,2013,2012,2012-11,1211.5659,10.1103/PhysRevLett.110.012501,"Phys.Rev.Lett.,110,012501",First Direct Double-Beta Decay Q-value Measurement of 82Se in Support of Understanding the Nature of the Neutrino,78,63,14,5.57,article,"Lincoln, D L, J. D. Holt, G. Bollen, M. Brodeur, S. Bustabad, J. Engel, S. J. Novario, M. Redshaw, R. Ringle, and S. Schwarz (2013), “First direct double-β decay Q-Value measurement of82 Se in support of understanding the nature of the Neutrino,” Phys. Rev. Lett. 110 (1), 012501, arXiv:1211.5659 [nucl-ex]."
U0172,B09,AGOSTINI,NAO,A555,OK,,1202491,Nemevsek,"Nemevsek, Miha",3,2013,2012,2012-11,1211.2837,10.1103/PhysRevLett.110.151802,"Phys.Rev.Lett.,110,151802",Connecting Dirac and Majorana Neutrino Mass Matrices in the Minimal Left-Right Symmetric Model,143,107,14,10.21,article,"Nemevsek, Miha, Goran Senjanovic, and Vladimir Tello (2013), “Connecting Dirac and Majorana Neutrino Mass Matrices in the Minimal Left-Right Symmetric Model,” Phys. Rev. Lett. 110 (15), 151802, arXiv:1211.2837 [hep-ph]."
U0174,B09,AGOSTINI,NAO,A637,OK,,1193932,Schwingenheuer,"Schwingenheuer, Bernhard",1,2013,2012,2012-10,1210.7432,10.1002/andp.201200222,"Annalen Phys.,525,269",Status and prospects of searches for neutrinoless double beta decay,90,83,14,6.43,article,"Schwingenheuer, B (2013), “Status and prospects of searches for neutrinoless double beta decay,” Annalen Phys. 525, 269-280, arXiv:1210.7432 [hep-ex]."
U0724,B37,AGOSTINI,NAO,A005,OK,,2962895,Abe,"Abe, K.",,2012,2012,2012-01-01,,10.1016/j.nima.2011.09.051,"Nucl. Instrum. Meth. A 661, ... (raw: Nuclear Instruments and Methods in Physics Research Section A, vol. 661)",Radon removal from gaseous xenon with activated charcoal,40,31,14,2.86,article,"Abe, K, et al. (2012a), “Radon removal from gaseous xenon with activated charcoal,” Nuclear Instruments and Methods in Physics Research Section A: Accelerators, Spectrometers, Detectors and Associated Equipment 661, 10.1016/j.nima.2011.09.051."
U0725,B37,AGOSTINI,NAO,A008,OK,,1107767,Abe,"Abe, T.",6,2012,2012,2012-04,,,"Phys. Rev. C 86, 054301","Benchmarks of the full configuration interaction, Monte Carlo shell model, and no-core full configuration methods",76,45,14,5.43,article,"Abe, T, P. Maris, T. Otsuka, N. Shimizu, Y. Utsuno, and J. P. Vary (2012b), “Benchmarks of the full configuration interaction, Monte Carlo shell model, and no-core full configuration methods,” Phys. Rev. C 86, 054301."
U0726,B37,AGOSTINI,NAO,A174,OK,,1126256,Bogner,"Bogner, S.K.",2,2012,2012,2012-08,,,"Phys. Rev. C 86, 064304",High-momentum tails from low-momentum effective theories,47,40,14,3.36,article,"Bogner, S K, and D. Roscher (2012), “High-momentum tails from low-momentum effective theories,” Phys. Rev. C 86, 064304."
U0728,B37,AGOSTINI,NAO,A337,OK,,1123009,Freeman,"Freeman, S.J.",2,2012,2012,2012-07,,,"J. Phys. G 39, 124004",Constraining the 0ν2β matrix elements by nuclear structure observables,58,54,14,4.14,article,"Freeman, S J, and J. P. Schiffer (2012), “Constraining the 0ν2β matrix elements by nuclear structure observables,” J. Phys. G 39, 124004."
U0729,B37,AGOSTINI,NAO,A362,OK,,1210122,Giuliani,"Giuliani, A.",2,2012,2012,2012,,,"Adv. High Energy Phys. 2012, 857016",Neutrinoless Double-Beta Decay,144,130,14,10.29,article,"Giuliani, A, and A. Poves (2012), “Neutrinoless Double-Beta Decay,” Adv. High Energy Phys. 2012, 857016."
U0730,B37,AGOSTINI,NAO,A478,OK,U0147,1110717,Kotila,"Kotila, J.",2,2012,2012,2012-03,,,"Phys. Rev. C 85, 034316",Phase space factors for double-β decay,696,655,14,49.71,article,"Kotila, J, and F. Iachello (2012a), “Phase space factors for double-β decay,” Phys. Rev. C 85, 034316."
U0731,B37,AGOSTINI,NAO,A676,OK,,1209040,Thies,"Thies, J.H.",,2012,2012,2012-11,,,"Phys. Rev. C 86, 054323","High-resolution Zr-96 (He-3, t) experiment and the matrix element for double-beta decay",26,10,14,1.86,article,"Thies, J H, et al. (2012), “High-resolution Zr-96 (He-3, t) experiment and the matrix element for double-beta decay,” Phys. Rev. C 86, 054323."
U0732,B37,AGOSTINI,NAO,A697,OK,U0153,1126998,Vogel,"Vogel, P.",1,2012,2012,2012-08,,,"J. Phys. G 39, 124002",Nuclear structure and double beta decay,93,90,14,6.64,article,"Vogel, P (2012b), “Nuclear structure and double beta decay,” J. Phys. G: Nucl. Part. Phys. 39, 124002."
U0739,B37,AGOSTINI,NAO,A624,OK,,1190381,Rodriguez,"Rodriguez, T.R.",2,2013,2012,2012-10,,,"Phys. Lett. B 719, 174-178",Neutrinoless ββ decay nuclear matrix elements in an isotopic chain,38,31,14,2.71,article,"Rodriguez, T R, and G. Martinez-Pinedo (2013), “Neutrinoless ββ decay nuclear matrix elements in an isotopic chain,” Phys. Lett. B 719, 174-178."
U0156,B08,GONZALEZ-GARCIA,NAO,G153,OK,,1224275,A. Gando et al. (KamLAND),"Gando, A.",46,2013,2013,2013-03-19,1303.4667,10.1103/PhysRevD.88.033001,"Phys.Rev.D,88,033001",Reactor On-Off Antineutrino Measurement with KamLAND,547,500,13,42.08,article,"A. Gando et al. (KamLAND), Phys. Rev. D88, 3, 033001 (2013), [arXiv:1303.4667]."
U0157,B08,AGOSTINI,NAO,A010,OK,,1243163,Aberle,"Aberle, C.",4,2013,2013,2013-07-17,1307.4742,10.1088/1748-0221/8/10/P10015,"JINST,8,P10015",Optical Properties of Quantum-Dot-Doped Liquid Scintillators,12,9,13,0.92,article,"Aberle, C, J. J. Li, S. Weiss, and L. Winslow (2013), “Optical Properties of Quantum-Dot-Doped Liquid Scintillators,” JINST 8, P10015, arXiv:1307.4742 [physics.ins-det]."
U0159,B08,AGOSTINI,NAO,A032,OK,,1243202,Agostini,"Agostini, M.",114,2013,2013,2013-07-17,1307.4720,10.1103/PhysRevLett.111.122503,"Phys.Rev.Lett.,111,122503",Results on Neutrinoless Double-beta Decay of 76Ge from Phase I of the GERDA Experiment,763,603,13,58.69,article,"Agostini, M, et al. (GERDA) (2013), “Results on Neutrinoless Double-β Decay of 76 Ge from Phase I of the GERDA Experiment,” Phys. Rev. Lett. 111 (12), 122503, arXiv:1307.4720 [nucl-ex]."
U0160,B08,AGOSTINI,NAO,A049,OK,,1218175,Akhmedov,"Akhmedov, E.",5,2013,2013,2013-02-07,1302.1872,10.1007/JHEP05(2013)081,"JHEP,05,081",Improving Electro-Weak Fits with TeV-scale Sterile Neutrinos,136,127,13,10.46,article,"Akhmedov, E, A. Kartavtsev, M. Lindner, L. Michaels, and J. Smirnov (2013), “Improving Electro-Weak Fits with TeV-scale Sterile Neutrinos,” JHEP 05, 081, arXiv:1302.1872 [hep-ph]."
U0161,B09,AGOSTINI,NAO,A067,OK,,1232088,Altarelli,"Altarelli, Guido",2,2013,2013,2013-05-05,1305.1001,10.1007/JHEP08(2013)021,"JHEP,08,021",A non supersymmetric SO(10) grand unified model for all the physics below $M_{GUT}$,150,140,13,11.54,article,"Altarelli, G, and D. Meloni (2013), “A non supersymmetric SO(10) grand unified model for all the physics below MGU T ,” JHEP 08, 021, arXiv:1305.1001 [hep-ph]."
U0162,B09,AGOSTINI,NAO,A113,OK,,1217555,Awasthi,"Awasthi, Ram Lal",3,2013,2013,2013-02-04,1302.0672,,"JHEP,08,122","Neutrino masses, dominant neutrinoless double beta decay, and observable lepton flavor violation in left-right models and SO(10) grand unification with low mass $W_R, Z_R$ bosons",96,61,13,7.38,article,"Awasthi, Ram Lal, M. K. Parida, and Sudhanwa Patra (2013), “Neutrino masses, dominant neutrinoless double beta decay, and observable lepton flavor violation in leftright models and SO(10) grand unification with low mass WR , ZR bosons,” JHEP 08, 122, arXiv:1302.0672 [hep-ph]."
U0164,B09,AGOSTINI,NAO,A144,OK,,1216341,Barrett,"Barrett, Bruce R.",3,2013,2013,2013-01-28,,10.1016/j.ppnp.2012.10.003,"Prog.Part.Nucl.Phys.,69,131",Ab initio no core shell model,851,713,13,65.46,article,"Barrett, B R, P. Navrátil, and J. P. Vary (2013), “Ab initio no core shell model,” Prog. Part. Nucl. Phys. 69, 131-181."
U0166,B09,AGOSTINI,NAO,A281,OK,,1225646,Drewes,"Drewes, Marco",1,2013,2013,2013-03-27,1303.6912,10.1142/S0218301313300191,"Int.J.Mod.Phys.E,22,1330019",The Phenomenology of Right Handed Neutrinos,415,366,13,31.92,article,"Drewes, Marco (2013), “The Phenomenology of Right Handed Neutrinos,” Int. J. Mod. Phys. E 22, 1330019, arXiv:1303.6912 [hep-ph]."
U0167,B09,AGOSTINI,NAO,A287,OK,,1239166,Dueck,"Dueck, Alexander",2,2013,2013,2013-06-19,1306.4468,,"JHEP,09,024",Fits to SO(10) Grand Unified Models,123,122,13,9.46,article,"Dueck, A, and W. Rodejohann (2013), “Fits to SO(10) Grand Unified Models,” JHEP 09, 024, arXiv:1306.4468 [hep-ph]."
U0169,B09,GONZALEZ-GARCIA,NAO,G221,OK,,1223581,J. Kopp et al.,"Kopp, Joachim",4,2013,2013,2013-03-12,1303.3011,10.1007/JHEP05(2013)050,"JHEP,05,050",Sterile Neutrino Oscillations: The Global Picture,623,584,13,47.92,article,"J. Kopp et al., JHEP 05, 050 (2013), [arXiv:1303.3011]."
U0170,B09,GONZALEZ-GARCIA,NAO,G220,OK,,1123119,J. M. Conrad et al.,"Conrad, J.M.",5,2013,2013,2013,1207.4765,10.1155/2013/163897,"Adv.High Energy Phys.,2013,163897",Sterile Neutrino Fits to Short-Baseline Neutrino Oscillation Measurements,223,223,13,17.15,Review Article,"J. M. Conrad et al., Adv. High Energy Phys. 2013, 163897 (2013), [arXiv:1207.4765]."
U0173,B09,AGOSTINI,NAO,A586,OK,,1225291,Petcov,"Petcov, S.T.",1,2013,2013,2013,1303.5819,10.1155/2013/852987,"Adv.High Energy Phys.,2013,852987",The Nature of Massive Neutrinos,80,68,13,6.15,Review Article,"Petcov, S T (2013), “The Nature of Massive Neutrinos,” Adv. High Energy Phys. 2013, 852987, arXiv:1303.5819 [hep-ph]."
U0175,B09,AGOSTINI;GONZALEZ-GARCIA,SIM,A006;G123,OK,,1265069,Abe,"Abe, K.",339,2014,2013,2013-11-19,1311.4750,10.1103/PhysRevLett.112.061802,"Phys.Rev.Lett.,112,061802",Observation of Electron Neutrino Appearance in a Muon Neutrino Beam,794,559,13,61.08,article,"Abe, K, et al. (T2K) (2014), “Observation of Electron Neutrino Appearance in a Muon Neutrino Beam,” Phys. Rev. Lett. 112, 061802, arXiv:1311.4750 [hep-ex]."
U0176,B09,AGOSTINI,NAO,A009,OK,,1243875,Aberle,"Aberle, C.",5,2014,2013,2013-07-22,1307.5813,10.1088/1748-0221/9/06/P06012,"JINST,9,P06012",Measuring Directionality in Double-Beta Decay and Neutrino Interactions with Kiloton-Scale Scintillation Detectors,73,47,13,5.62,article,"Aberle, C, A. Elagin, H.J. Frisch, M. Wetstein, and L. Winslow (2014), “Measuring Directionality in Double-Beta Decay and Neutrino Interactions with Kiloton-Scale Scintillation Detectors,” JINST 9, P06012, arXiv:1307.5813 [physics.ins-det]."
U0177,B09,AGOSTINI,NAO,A011,OK,,1246934,Abgrall,"Abgrall, N.",84,2014,2013,2013-08-07,1308.1633,10.1155/2014/365432,"Adv.High Energy Phys.,2014,365432",The Majorana Demonstrator Neutrinoless Double-Beta Decay Experiment,266,168,13,20.46,article,"Abgrall, N, et al. (Majorana) (2014), “The Majorana Demonstrator Neutrinoless Double-Beta Decay Experiment,” Adv. High Energy Phys. 2014, 365432, arXiv:1308.1633 [physics.ins-det]."
U0178,B09,AGOSTINI,NAO,A056,OK,,1239980,Albert,"Albert, J.B.",97,2014,2013,2013-06-25,1306.6106,10.1103/PhysRevC.89.015502,"Phys.Rev.C,89,015502",Improved measurement of the 2νββ half-life of ¹³⁶Xe with the EXO-200 detector,306,216,13,23.54,article,"Albert, J B, et al. (EXO-200) (2014), “Improved measurement of the 2νββ half-life of 136 Xe with the EXO-200 detector,” Phys. Rev. C89 (1), 015502, arXiv:1306.6106 [nucl-ex]."
U0181,B10,AGOSTINI,NAO,A243,OK,,1295523,Cremonesi,"Cremonesi, O.",2,2014,2013,2013-10-17,1310.4692,10.1155/2014/951432,"Adv.High Energy Phys.,2014,951432",Challenges in Double Beta Decay,171,146,13,13.15,review,"Cremonesi, O, and M. Pavan (2014), “Challenges in Double Beta Decay,” Adv. High Energy Phys. 2014, 951432, arXiv:1310.4692 [physics.ins-det]."
U0182,B10,AGOSTINI,NAO,A293,OK,,1256095,Ejiri,"Ejiri, H.",2,2014,2013,2013-09-30,1309.7957,10.1103/PhysRevC.89.055501,"Phys.Rev.C,89,055501","Charged current neutrino cross section for solar neutrinos, and background to ββ(0ν) experiments",42,31,13,3.23,article,"Ejiri, H, and S. R. Elliott (2014), “Charged current neutrino cross section for solar neutrinos, and background to ββ(0ν) experiments,” Phys. Rev. C 89 (5), 055501, arXiv:1309.7957 [nucl-ex]."
U0185,B10,AGOSTINI,NAO,A485,OK,,1249607,Kwiatkowski,"Kwiatkowski, A.A.",19,2014,2013,2013-08-17,1308.3815,10.1103/PhysRevC.89.045502,"Phys.Rev.C,89,045502",New determination of double-β-decay properties in 48Ca: High-precision Qββ-value measurement and improved nuclear matrix element calculations,57,41,13,4.38,article,"Kwiatkowski, A A, et al. (2014), “New determination of double-β-decay properties in 48Ca : High-precision Qββ- value measurement and improved nuclear matrix element calculations,” Phys. Rev. C89 (4), 045502, arXiv:1308.3815 [nucl-ex]."
U0186,B10,GONZALEZ-GARCIA,NAO,G231,OK,,1254860,L. Gastaldo et al.,"Gastaldo, L.",18,2014,2013,2013-09-20,1309.5214,10.1007/s10909-014-1187-4,"J.Low Temp.Phys.,176,876",The Electron Capture $^{163}$Ho Experiment ECHo: an overview,127,102,13,9.77,conference paper,"L. Gastaldo et al., J. Low Temp. Phys. 176, 5-6, 876 (2014), [arXiv:1309.5214]."
U0208,B11,AGOSTINI,NAO,A461,OK,,1267504,Keefer,Keefer,"et al. (N/D, KamLAND)",2015,2013,2013-12-03,1312.0977,,"Nucl.Instrum.Meth.A,769,79",Laboratory studies on the removal of radon-born lead from KamLAND's organic liquid scintillator,14,9,13,1.08,article,"Keefer, G, et al. (KamLAND) (2015), “Laboratory studies on the removal of radon-born lead from KamLAND’s organic liquid scintillator,” Nucl. Instrum. Meth. A 769, 79-87, arXiv:1312.0977 [physics.ins-det]."
U0733,B37,AGOSTINI,NAO,A151,OK,,1338666,Beller,"Beller, J.",,2013,2013,2013-10-23,,,"Phys. Rev. Lett. 111, 172501",Constraint on 0νββ Matrix Elements from a Novel Decay Channel of the Scissors Mode: The Case of $^{154}Gd$,33,12,13,2.54,article,"Beller, J, et al. (2013), “Constraint on 0νββ Matrix Elements from a Novel Decay Channel of the Scissors Mode: The Case of 154 Gd,” Phys. Rev. Lett. 111, 172501."
U0734,B37,AGOSTINI,NAO,A427,OK,,1228389,Holt,"Holt, J.D.",2,2013,2013,2013-04-15,,,"Phys. Rev. C 87, 064315",Effective double-β-decay operator for 76Ge and 82Se,58,50,13,4.46,article,"Holt, J D, and J. Engel (2013), “Effective double-β-decay operator for 76 Ge and 82 Se,” Phys. Rev. C 87, 064315."
U0735,B37,AGOSTINI,NAO,A430,OK,,1209142,Horoi,"Horoi, M.",2,2013,2013,2013-01,,,"Phys. Rev. Lett. 110, 222502",Shell-Model Analysis of the $^{136}Xe$ Double Beta Decay Nuclear Matrix Elements,105,72,13,8.08,article,"Horoi, M, and B.A. Brown (2013), “Shell-model analysis of the 136 Xe double beta decay nuclear matrix elements,” Phys. Rev. Lett. 110, 222502."
U0736,B37,AGOSTINI,NAO,A512,OK,,1279706,Maalampi,"Maalampi, J.",2,2013,2013,2013,,,"Adv. High Energy Phys. 2013, 505874",Neutrinoless Double β+/ EC Decays,47,21,13,3.62,article,"Maalampi, J, and J. Suhonen (2013), “Neutrinoless Double β + / EC Decays,” Adv. High Energy Phys. 2013, 505874."
U0737,B37,AGOSTINI,NAO,A550,OK,,1216717,Mustonen,"Mustonen, M.T.",2,2013,2013,2013-01,,,"Phys. Rev. C 87, 064302","Large-scale calculations of the double-β decay of $^{76}Ge,^{130}Te,^{136}Xe$, and $^{150}Nd$ in the deformed self-consistent Skyrme quasiparticle random-phase approximation",236,222,13,18.15,article,"Mustonen, M T, and J. Engel (2013), “Large-scale calculations of the double-β decay of 76 Ge,130 T e,136 Xe, and N d in the deformed self-consistent Skyrme quasiparticle random-phase approximation,” Phys. Rev. C 87, 064302."
U0738,B37,AGOSTINI,NAO,A616,OK,,1278655,Roberts,"Roberts, A.",,2013,2013,2013-05-28,,,"Phys. Rev. C 87, 051305",Proton pair correlations and the neutrinoless double-β decay of ⁷⁶Ge,15,13,13,1.15,article,"Roberts, A, et al. (2013), “Proton pair correlations and the neutrinoless double-β decay of 76 Ge,” Phys. Rev. C 87, 051305."
U0740,B37,AGOSTINI,NAO,A639,OK,,1258169,Sen’kov,"Sen'kov, R.A.",2,2013,2013,2013-10-11,,,"Phys. Rev. C 88, 064312",Neutrinoless double-β decay of ⁴⁸Ca in the shell model: Closure versus nonclosure approximation,95,74,13,7.31,article,"Sen’kov, R A, and M. Horoi (2013), “Neutrinoless double-β decay of 48 Ca in the shell model: Closure versus nonclosure approximation,” Phys. Rev. C 88, 064312."
U0741,B38,AGOSTINI,NAO,A659,OK,,1235797,Suhonen,"Suhonen, J.",1,2013,2013,2013,,,"J. Phys. G 40, 075102",Double beta decays of $^{124}$Xe investigated in the QRPA framework,43,37,13,3.31,article,"Suhonen, J (2013), “Double beta decays of 124 Xe investigated in the QRPA framework,” J. Phys. G 40, 075102."
U0742,B38,AGOSTINI,NAO,A677,OK,,1268894,Toh,"Toh, Y.",,2013,2013,2013-04-11,,,"Phys. Rev. C 87, 041304",Evidence for rigid triaxial deformation at low energy in $^{76}$Ge,98,84,13,7.54,article,"Toh, Y, et al. (2013), “Evidence for rigid triaxial deformation at low energy in 76 Ge,” Phys. Rev. C 87, 041304."
U0743,B38,AGOSTINI,NAO,A741,OK,,1215637,Zhi,"Zhi, Q.",6,2013,2013,2013-01,,,"Phys. Rev. C 87, 025803",Shell-model half-lives including first-forbidden contributions for r-process waiting-point nuclei,167,141,13,12.85,article,"Zhi, Q, E. Caurier, J. J. Cuenca-Garcia, K. Langanke, G. Martinez-Pinedo, and K. Sieja (2013), “Shell-model half-lives including first-forbidden contributions for rprocess waiting-point nuclei,” Phys. Rev. C 87, 025803."
U0749,B38,AGOSTINI,NAO,A399,OK,,1275677,Hagen,"Hagen, G.",4,2014,2013,2013-12-30,,,"Rept. Prog. Phys. 77, 096302",Coupled-cluster computations of atomic nuclei,563,469,13,43.31,article,"Hagen, G, T. Papenbrock, M. Hjorth-Jensen, and D. J. Dean (2014), “Coupled-cluster computations of atomic nuclei,” Rept. Prog. Phys. 77, 096302."
U0941,B48,AGOSTINI,NAO,A165,OK,,1231615,Bhupal Dev,"Bhupal Dev, P S",4,2013,2013,2013-04-30,1305.0056,,"Phys. Rev. D 88, 091301",Constraining Neutrino Mass from Neutrinoless Double Beta Decay,137,103,13,10.54,article,"Bhupal Dev, P S, Srubabati Goswami, Manimala Mitra, and Werner Rodejohann (2013), “Constraining Neutrino Mass from Neutrinoless Double Beta Decay,” Phys. Rev. D 88, 091301, arXiv:1305.0056 [hep-ph]."
U0942,B48,AGOSTINI,NAO,A511,OK,,1275953,López Vaquero,"López Vaquero, N",3,2013,2013,2013-09-30,,,"Phys. Rev. Lett. 111, 142501",Shape and pairing fluctuations effects on neutrinoless double beta decay nuclear matrix elements,211,199,13,16.23,article,"López Vaquero, N, T. R. Rodrı́guez, and J. L. Egido (2013), “Shape and pairing fluctuations effects on neutrinoless double beta decay nuclear matrix elements,” Phys. Rev. Lett. 111, 142501."
U0943,B49,AGOSTINI,NAO,A704,OK,,1217902,Šimkovic,"Šimkovic, F.",4,2013,2013,2013-02-06,,,"Phys.Rev.C 87, 045501","0νββ and 2νββ nuclear matrix elements, quasiparticle random-phase approximation, and isospin symmetry restoration",369,321,13,28.38,article,"Šimkovic, F, V. Rodin, A. Faessler, and P. Vogel (2013), “0νββ and 2νββ nuclear matrix elements, quasiparticle random-phase approximation, and isospin symmetry restoration,” Phys. Rev. C 87, 045501."
U0944,B49,AGOSTINI,NAO,A379,OK,,1224287,de Gouvea,"de Gouvea, A.",2,2013,2013,2013-03-17,1303.4097,,"Prog.Part.Nucl.Phys. 71, 75-92","Lepton Flavor and Number Conservation, and Physics Beyond the Standard Model",256,243,13,19.69,article,"de Gouvea, Andre, and Petr Vogel (2013), “Lepton Flavor and Number Conservation, and Physics Beyond the Standard Model,” Prog. Part. Nucl. Phys. 71, 75-92, arXiv:1303.4097 [hep-ph]."
U0179,B09,AGOSTINI,NAO,A133,OK,,1298278,Barabash,"Barabash, A.S.",19,2014,2014,2014-05-27,1405.6937,10.1140/epjc/s10052-014-3133-7,"Eur.Phys.J.C,74,3133",Enriched Zn$^{100}$MoO$_4$ scintillating bolometers to search for $0\nu2\beta$ decay of $^{100}$Mo with the LUMINEU experiment,53,21,12,4.42,article,"Barabash, A S, et al. (2014), “Enriched Zn100 MoO4 scintillating bolometers to search for 0ν2β decay of 100 Mo with the LUMINEU experiment,” Eur. Phys. J. C74 (10), 3133, arXiv:1405.6937 [physics.ins-det]."
U0180,B09,AGOSTINI,NAO,A158,OK,,1276550,Benhar,"Benhar, Omar",3,2014,2014,2014-01-09,1401.2030,10.1103/PhysRevC.90.065504,"Phys.Rev.C,90,065504",Short-range correlation effects on the nuclear matrix element of neutrinoless double-β decay,21,20,12,1.75,article,"Benhar, Omar, Riccardo Biondi, and Enrico Speranza (2014), “Short-range correlation effects on the nuclear matrix element of neutrinoless double-β decay,” Phys. Rev. C 90 (6), 065504, arXiv:1401.2030 [nucl-th]."
U0183,B10,AGOSTINI,NAO,A333,OK,,1290205,Font-Ribera,"Font-Ribera, A.",6,2014,2014,2014,1308.4164,,"JCAP,05,023",DESI and other dark energy experiments in the era of neutrino mass measurements,384,335,12,32.0,article,"Font-Ribera, A, P. McDonald, N. Mostek, B. A. Reid, H.-J. Seo, and A. Slosar (2014), “DESI and other dark energy experiments in the era of neutrino mass measurements,” JCAP 05, 023, arXiv:1308.4164 [astro-ph.CO]."
U0184,B10,GONZALEZ-GARCIA,NAO,G111,OK,,1291947,J. M. Paley et al. (MIPP),"Paley, J.M.",56,2014,2014,2014-04-23,1404.5882,10.1103/PhysRevD.90.032001,"Phys.Rev.D,90,032001",Measurement of Charged Pion Production Yields off the NuMI Target,71,52,12,5.92,article,"J. M. Paley et al. (MIPP), Phys. Rev. D90, 3, 032001 (2014), [arXiv:1404.5882]."
U0187,B10,AGOSTINI,NAO,A495,OK,,1322577,Lehman,"Lehman, Landon",1,2014,2014,2014-10-15,1410.4193,10.1103/PhysRevD.90.125023,"Phys.Rev.D,90,125023",Extending the Standard Model Effective Field Theory with the Complete Set of Dimension-7 Operators,313,311,12,26.08,article,"Lehman, Landon (2014), “Extending the Standard Model Effective Field Theory with the Complete Set of Dimension-7 Operators,” Phys. Rev. D 90 (12), 125023, arXiv:1410.4193 [hep-ph]."
U0188,B10,GONZALEZ-GARCIA,NAO,G203,OK,,1318331,M. C. Gonzalez-Garcia,"Gonzalez-Garcia, M.C.",3,2014,2014,2014-09-18,1409.5439,10.1007/JHEP11(2014)052,"JHEP,11,052",Updated fit to three neutrino mixing: status of leptonic CP violation,699,678,12,58.25,article,"M. C. Gonzalez-Garcia, M. Maltoni and T. Schwetz, JHEP 11, 052 (2014), [arXiv:1409.5439]."
U0189,B10,GONZALEZ-GARCIA,NAO,G112,OK,,1278235,N. Abgrall et al. (NA61),"Abgrall, N.",195,2014,2014,2014-01-21,1401.4699,10.1088/1748-0221/9/06/P06005,"JINST,9,P06005",NA61/SHINE facility at the CERN SPS: beams and detector system,409,229,12,34.08,article,"N. Abgrall et al. (NA61), JINST 9, P06005 (2014), [arXiv:1401.4699]."
U0190,B10,GONZALEZ-GARCIA,NAO,G118,OK,,1283612,P. Adamson et al. (MINOS),"Adamson, P.",113,2014,2014,2014-03-04,1403.0867,10.1103/PhysRevLett.112.191801,"Phys.Rev.Lett.,112,191801",Combined Analysis of nu_mu Disappearance and nu_mu -> nu_e Appearance in MINOS Using Accelerator and Atmospheric Neutrinos,434,351,12,36.17,article,"P. Adamson et al. (MINOS), Phys. Rev. Lett. 112, 191801 (2014), [arXiv:1403.0867]."
U0191,B10,GONZALEZ-GARCIA,NAO,G023,OK,,1307770,S. Antusch and O. Fischer,"Antusch, Stefan",2,2014,2014,2014-07-24,1407.6607,,"JHEP,10,094",,317,295,12,26.42,,"S. Antusch and O. Fischer, JHEP 10, 094 (2014), [arXiv:1407.6607]."
U0192,B10,AGOSTINI,NAO,A684,OK,,1304497,Twelker,"Twelker, K.",80,2014,2014,2014-07-02,1407.0618,10.1063/1.4895646,"Rev.Sci.Instrum.,85,095114",An apparatus to manipulate and identify individual Ba ions from bulk liquid Xe,25,5,12,2.08,article,"Twelker, K, et al. (2014), “An apparatus to manipulate and identify individual Ba ions from bulk liquid Xe,” Rev. Sci. Instrum. 85, 095114, arXiv:1407.0618 [physics.ins-det]."
U0193,B10,GONZALEZ-GARCIA,NAO,G073,OK,,1297912,A. Gando et al. (KamLAND),"Gando, A.",71,2015,2014,2014-05-23,1405.6190,10.1103/PhysRevC.92.055808,"Phys.Rev.C,92,055808",7Be Solar Neutrino Measurement with KamLAND,118,81,12,9.83,article,"A. Gando et al. (KamLAND), Phys. Rev. C92, 5, 055808 (2015), [arXiv:1405.6190]."
U0198,B10,GONZALEZ-GARCIA,NAO,G232,OK,,1334565,B. Alpert et al.,"Alpert, B.",38,2015,2014,2014-12-16,1412.5060,10.1140/epjc/s10052-015-3329-5,"Eur.Phys.J.C,75,112",HOLMES - The Electron Capture Decay of $^{163}$Ho to Measure the Electron Neutrino Mass with sub-eV sensitivity,175,116,12,14.58,article,"B. Alpert et al., Eur. Phys. J. C75, 3, 112 (2015), [arXiv:1412.5060]."
U0201,B11,AGOSTINI,NAO,A166,OK,,1328620,Bilenky,Bilenky,2,2015,2014,2014-11-18,1411.4791,,"Int.J.Mod.Phys.A,30,1530001",Neutrinoless Double-Beta Decay: a Probe of Physics Beyond the Standard Model,274,255,12,22.83,article,"Bilenky, S M, and C. Giunti (2015), “Neutrinoless Double- Beta Decay: a Probe of Physics Beyond the Standard Model,” Int. J. Mod. Phys. A 30 (04n05), 1530001, arXiv:1411.4791 [hep-ph]."
U0202,B11,AGOSTINI,NAO,A192,OK,,1332544,Brunner,Brunner,et al. (N/D),2015,2014,2014-12-02,1412.1144,,"Int.J.Mass Spectrom.,379,110",An RF-only ion-funnel for extraction from high-pressure gases,37,14,12,3.08,article,"Brunner, T, et al. (2015), “An RF-only ion-funnel for extraction from high-pressure gases,” Int. J. Mass Spectrometry 379, 110-120, arXiv:1412.1144 [physics.ins-det]."
U0206,B11,AGOSTINI,NAO,A301,OK,,1286618,Elliott,Elliott,2,2015,2014,2014-03-19,1403.4976,,"Rev.Mod.Phys.,87,137","Colloquium: Majorana Fermions in nuclear, particle and solid-state physics",528,516,12,44.0,article,"Elliott, S R, and M. Franz (2015), “Colloquium: Majorana Fermions in nuclear, particle and solid-state physics,” Rev. Mod. Phys. 87, 137, arXiv:1403.4976 [cond-mat.supr-con]."
U0207,B11,GONZALEZ-GARCIA,NAO,G042,OK,,1321521,F. L. Villante,Villante,1,2015,2014,2014-10-10,1410.2796,,"Phys.Lett.B,742,279",ecCNO Solar Neutrinos: A Challenge for Gigantic Ultra-Pure Liquid Scintillator Detectors,28,21,12,2.33,article,"F. L. Villante, Phys. Lett. B742, 279 (2015), [arXiv:1410.2796]."
U0209,B11,AGOSTINI,NAO,A464,OK,,1312959,Kitching,Kitching,3,2015,2014,2014-08-29,1408.7052,,"Mon.Not.Roy.Astron.Soc.,449,2205",3D Weak Gravitational Lensing of the CMB and Galaxies,26,17,12,2.17,article,"Kitching, T D, A. F. Heavens, and S. Das (2015), “3D Weak Gravitational Lensing of the CMB and Galaxies,” Mon. Not. Roy. Astron. Soc. 449 (2), 2205-2214, arXiv:1408.7052 [astro-ph.CO]."
U0744,B38,AGOSTINI,NAO,A125,OK,,1302453,Bally,"Bally, B.",4,2014,2014,2014-06-23,,,"Phys. Rev. Lett. 113, 162501",Beyond Mean-Field Calculations for Odd-Mass Nuclei,116,98,12,9.67,article,"Bally, B, B. Avez, M. Bender, and P. H. Heenen (2014), “Beyond Mean-Field Calculations for Odd-Mass Nuclei,” Phys. Rev. Lett. 113, 162501."
U0745,B38,AGOSTINI,NAO,A173,OK,,1280345,Bogner,"Bogner, S. K.",8,2014,2014,2014-02-06,,,"Phys. Rev. Lett. 113, 142501",Nonperturbative shell-model interactions from the in-medium similarity renormalization group,244,152,12,20.33,article,"Bogner, S K, H. Hergert, J. D. Holt, A. Schwenk, S. Binder, A. Calci, J. Langhammer, and R. Roth (2014), “Nonperturbative shell-model interactions from the in-medium similarity renormalization group,” Phys. Rev. Lett. 113, 142501."
U0746,B38,AGOSTINI,NAO,A190,OK,,1318978,Brown,"Brown, B. A.",3,2014,2014,2014-09-25,,,"Phys. Rev. Lett. 113, 262501",Nuclear Structure Aspects of Neutrinoless Double-Beta Decay,61,46,12,5.08,article,"Brown, B A, M. Horoi, and R. A. Sen’kov (2014), “Nuclear Structure Aspects of Neutrinoless Double-β Decay,” Phys. Rev. Lett. 113, 262501."
U0747,B38,AGOSTINI,NAO,A307,OK,,1287977,Engel,"Engel, J.",3,2014,2014,2014-03-30,,,"Phys. Rev. C 89, 064308",Chiral Two-Body Currents and Neutrinoless Double-Beta Decay in the QRPA,75,52,12,6.25,article,"Engel, J, F. Šimkovic, and P. Vogel (2014), “Chiral Two- Body Currents and Neutrinoless Double-Beta Decay in the QRPA,” Phys. Rev. C 89, 064308."
U0748,B38,AGOSTINI,NAO,A314,OK,,1312386,Faessler,"Faessler, A.",4,2014,2014,2014-08-26,,,"Phys. Rev. D 90, 096010",Arbitrary mass Majorana neutrinos in neutrinoless double beta decay,121,109,12,10.08,article,"Faessler, A, M. González, S. Kovalenko, and F. Šimkovic (2014), “Arbitrary mass Majorana neutrinos in neutrinoless double beta decay,” Phys. Rev. D 90 (9), 096010."
U0750,B38,AGOSTINI,NAO,A421,OK,,1299023,Hinohara,"Hinohara, N.",2,2014,2014,2014-06-02,,,"Phys. Rev. C 90, 031301",Proton-Neutron Pairing Amplitude as a Generator Coordinate for Double-Beta Decay,62,44,12,5.17,article,"Hinohara, N, and J. Engel (2014), “Proton-Neutron Pairing Amplitude as a Generator Coordinate for Double-Beta Decay,” Phys. Rev. C 90, 031301."
U0751,B38,AGOSTINI,NAO,A429,OK,,1318759,Hoppe,"Hoppe, E. W.",8,2014,2014,2014-06-28,,,"Nucl. Instrum. Meth. A 764, 116-121",Reduction of radioactive backgrounds in electroformed copper for ultra-sensitive radiation detectors,55,37,12,4.58,article,"Hoppe, E W, C. E. Aalseth, O. T. Farmer, T. W. Hossbach, M. Liezers, H. S. Miley, N. R. Overman, and J. H. Reeves (2014), “Reduction of radioactive backgrounds in electroformed copper for ultra-sensitive radiation detectors,” Nucl. Instrum. Meth. A 764, 116-121."
U0752,B38,AGOSTINI,NAO,A445,OK,,1280958,Jansen,"Jansen, G. R.",5,2014,2014,2014-02-11,,,"Phys. Rev. Lett. 113, 142502",Ab-initio coupled-cluster effective interactions for the shell model: Application to neutron-rich oxygen and carbon isotopes,189,170,12,15.75,article,"Jansen, G R, J. Engel, G. Hagen, P. Navrátil, and A. Signoracci (2014), “Ab-initio coupled-cluster effective interactions for the shell model: Application to neutron-rich oxygen and carbon isotopes,” Phys. Rev. Lett. 113, 142502."
U0753,B38,AGOSTINI,NAO,A614,OK,,1299183,Ritz,"Ritz, S.",,2014,2014,2014-05-30,,,,Building for Discovery: Strategic Plan for U.S. Particle Physics in the Global Context,25,22,12,2.08,report,"Ritz, S, et al. (HEPAP Subcommittee) (2014), “Building for Discovery: Strategic Plan for U.S. Particle Physics in the Global Context,” ."
U0754,B38,AGOSTINI,NAO,A641,OK,,1282164,Sen’kov,"Sen’kov, R. A.",3,2014,2014,2014-02-20,,,"Phys. Rev. C 89, 054304",Neutrinoless double-β decay of ⁸²Se in the shell model: beyond closure approximation,69,47,12,5.75,article,"Sen’kov, R A, M. Horoi, and B. A. Brown (2014), “Neutrinoless double-β decay of 82 Se in the shell model: beyond closure approximation,” Phys. Rev. C 89, 054304."
U0755,B38,AGOSTINI,NAO,A652,OK,,1305143,Song,"Song, L. S.",4,2014,2014,2014-07-05,,,"Phys. Rev. C 90, 054309",Relativistic description of nuclear matrix elements in neutrinoless double-β decay,84,56,12,7.0,article,"Song, L S, J. M. Yao, P. Ring, and J. Meng (2014), “Relativistic description of nuclear matrix elements in neutrinoless double-β decay,” Phys. Rev. C 90 (5), 054309."
U0765,B39,AGOSTINI,NAO,A444,OK,,1316550,Iwata,"Iwata, Y.",6,2015,2014,2014-09-13,1409.4003,,"JPS Conf. Proc. 6, 030057",Ingredients of nuclear matrix element for two-neutrino double-beta decay of 48Ca,14,13,12,1.17,proceedings,"Iwata, Y, N. Shimizu, Y. Utsuno, M. Honma, T. Abe, and T. Otsuka (2015), “Ingredients of nuclear matrix element for two-neutrino double-beta decay of 48Ca,” JPS Conf. Proc. 6, 030057, 1409.4003."
U0768,B39,AGOSTINI,NAO,A554,OK,,1328549,Neacsu,"Neacsu, A.",2,2015,2014,2014-11-16,,,"Phys. Rev. C 91, 024309",Shell model studies of the $^{130}$Te neutrinoless double-beta decay,110,87,12,9.17,article,"Neacsu, A, and M. Horoi (2015), “Shell model studies of the T e neutrinoless double-beta decay,” Phys. Rev. C 91, 024309."
U0772,B39,AGOSTINI,NAO,A672,OK,,1310131,Terasaki,"Terasaki, J.",1,2015,2014,2014-08-07,,,"Phys. Rev. C 91, 034318",Many-body correlations of quasiparticle random-phase approximation in nuclear matrix elements of neutrinoless double-β decay,41,32,12,3.42,article,"Terasaki, J (2015), “Many-body correlations of quasiparticle random-phase approximation in nuclear matrix elements of neutrinoless double-β decay,” Phys. Rev. C 91, 034318."
U0774,B39,AGOSTINI,NAO,A690,OK,,1334913,Vietze,"Vietze, L.",5,2015,2014,2014-12-05,,,"Phys. Rev. D 91, 043520",Nuclear structure aspects of spin-independent WIMP scattering off xenon,130,114,12,10.83,article,"Vietze, L, P. Klos, J. Menéndez, W. C. Haxton, and A. Schwenk (2015), “Nuclear structure aspects of spinindependent WIMP scattering off xenon,” Phys. Rev. 91, 043520."
U0776,B39,AGOSTINI,NAO,A733,OK,,1323446,Yao,"Yao, J. M.",5,2015,2014,2014-10-23,,,"Phys. Rev. C 91, 024316",Systematic study of nuclear matrix elements in neutrinoless double-β decay with a beyond-mean-field covariant density functional theory,185,155,12,15.42,article,"Yao, J M, L. S. Song, K. Hagino, P. Ring, and J. Meng (2015), “Systematic study of nuclear matrix elements in neutrinoless double-β decay with a beyond-mean-field covariant density functional theory,” Phys. Rev. C 91, 024316."
U0945,B49,AGOSTINI,NAO,A298,OK,,1301256,Ekström,"Ekström, A.",8,2014,2014,2014-06-18,,,"Phys.Rev.Lett. 113, 262504",Effects of three-nucleon forces and two-body currents on Gamow-Teller strengths,85,73,12,7.08,article,"Ekström, A, G. R. Jansen, K. A. Wendt, G. Hagen, T. Papenbrock, S. Bacca, B. Carlsson, and D. Gazit (2014), “Effects of three-nucleon forces and two-body currents on Gamow- Teller strengths,” Phys. Rev. Lett. 113 (26), 262504."
U0946,B49,AGOSTINI,NAO,A539,OK,,1275954,Menéndez,"Menéndez, J.",4,2014,2014,2014-01-03,,,"Phys.Rev.C 90, 024311",Correlations and neutrinoless ββ decay nuclear matrix elements of pf-shell nuclei,41,28,12,3.42,article,"Menéndez, J, T. R. Rodrı́guez, G. Martı́nez-Pinedo, and A. Poves (2014), “Correlations and neutrinoless ββ decay nuclear matrix elements of pf -shell nuclei,” Phys. Rev. C 90, 024311."
U0194,B10,AGOSTINI,NAO,A012,OK,,1343351,Abgrall,"Abgrall, N.",91,2015,2015,2015-01-01,1502.01748,,"Nucl.Instrum.Meth.A,779,52",The Majorana Parts Tracking Database,21,3,11,1.91,,"Abgrall, N, et al. (Majorana) (2015), “The Majorana Parts Tracking Database,” Nucl. Instrum. Meth. A 779, 52-62, arXiv:1502.01748 [physics.ins-det]."
U0195,B10,AGOSTINI,NAO,A033,OK,,1338389,Agostini,"Agostini, M.",114,2015,2015,2015-01-10,1501.02345,,"Eur.Phys.J.C,75,416",Results on ββ decay with emission of two neutrinos or Majorons in 76Ge from GERDA Phase I,128,81,11,11.64,article,"Agostini, M, et al. (GERDA) (2015), “Results on ββ decay with emission of two neutrinos or Majorons in76 Ge from GERDA Phase I,” Eur. Phys. J. C75 (9), 416, arXiv:1501.02345 [nucl-ex]."
U0196,B10,AGOSTINI,NAO,A047,OK,,1392796,Akerib,"Akerib, D.S.",194,2015,2015,2015-09-09,1509.02910,,,LUX-ZEPLIN (LZ) Conceptual Design Report,404,344,11,36.73,report,"Akerib, D S, et al. (LZ) (2015), “LUX-ZEPLIN (LZ) Conceptual Design Report,” arXiv:1509.02910 [physics.ins-det]."
U0197,B10,AGOSTINI;GONZALEZ-GARCIA,SIM,A096;G252,OK,,1377198,Arnold,"Arnold, R.",86,2015,2015,2015-06-18,1506.05825,10.1103/PhysRevD.92.072011,"Phys.Rev.D,92,072011",Results of the search for neutrinoless double-β decay in 100Mo with the NEMO-3 experiment,230,156,11,20.91,article,"Arnold, R, et al. (NEMO-3) (2015), “Results of the search for neutrinoless double-β decay in 100 Mo with the NEMO-3 experiment,” Phys. Rev. D 92 (7), 072011, arXiv:1506.05825 [hep-ex]."
U0199,B10,AGOSTINI,NAO,A148,OK,,1389224,Baudis,"Baudis, Laura",10,2015,2015,2015-08-24,1508.05731,10.1088/1748-0221/10/12/P12005,"JINST,10,P12005",Production and characterization of $^{228}$Th calibration sources with low neutron emission for GERDA,12,4,11,1.09,article,"Baudis, L, G. Benato, P. Carconi, C. M. Cattadori, P. De Felice, K. Eberhardt, R. Eichler, A. Petrucci, M. Tarka, and M. Walter (2015), “Production and characterization of 228 Th calibration sources with low neutron emission for GERDA,” JINST 10 (12), P12005, arXiv:1508.05731 [physics.ins-det]."
U0200,B10,AGOSTINI,NAO,A155,OK,,1396169,Benato,"Benato, Giovanni",1,2015,2015,2015-10-05,1510.01089,10.1140/epjc/s10052-015-3802-1,"Eur.Phys.J.C,75,563",Effective Majorana Mass and Neutrinoless Double Beta Decay,58,52,11,5.27,article,"Benato, G (2015), “Effective majorana mass and neutrinoless double beta decay,” Eur.Phys.J.C 75 (11), 563, arXiv:1510.01089 [hep-ph]."
U0203,B11,AGOSTINI,NAO,A261,OK,,1369127,Dell’Oro,Dell'Oro,4,2015,2015,2015-05-11,1505.02722,,"JCAP,12,023",The contribution of light Majorana neutrinos to neutrinoless double beta decay and cosmology,47,37,11,4.27,article,"Dell’Oro, S, S. Marcocci, M. Viel, and F. Vissani (2015), “The contribution of light Majorana neutrinos to neutrinoless double beta decay and cosmology,” JCAP 12, 023, arXiv:1505.02722 [hep-ph]."
U0204,B11,AGOSTINI,NAO,A271,OK,,1345828,Deppisch,Deppisch,3,2015,2015,2015-02-23,1502.06541,,"New J.Phys.,17,075019",Neutrinos and Collider Physics,628,547,11,57.09,article,"Deppisch, Frank F, P. S. Bhupal Dev, and Apostolos Pilaftsis (2015a), “Neutrinos and Collider Physics,” New J. Phys. 17 (7), 075019, arXiv:1502.06541 [hep-ph]."
U0205,B11,AGOSTINI,NAO,A272,OK,,1353116,Deppisch,Deppisch,5,2015,2015,2015-03-16,1503.04825,,"Phys.Rev.D,92,036005",Falsifying High-Scale Baryogenesis with Neutrinoless Double Beta Decay and Lepton Flavor Violation,88,49,11,8.0,article,"Deppisch, Frank F, Julia Harz, Martin Hirsch, Wei-Chih Huang, and Heinrich Päs (2015b), “Falsifying High-Scale Baryogenesis with Neutrinoless Double Beta Decay and Lepton Flavor Violation,” Phys. Rev. D 92 (3), 036005, arXiv:1503.04825 [hep-ph]."
U0210,B11,GONZALEZ-GARCIA,NAO,G131,OK,,1347383,M. Antonello et al. (MicroBooNE,Antonello,"et al. (N/D, MicroBooNE/LAr1-ND/ICARUS-WA104)",2015,2015,2015-03-04,1503.01520,,,A Proposal for a Three Detector Short-Baseline Neutrino Oscillation Program in the Fermilab Booster Neutrino Beam,706,360,11,64.18,report,"M. Antonello et al. (MicroBooNE, LAr1-ND, ICARUS-WA104) (2015), [arXiv:1503.01520]."
U0211,B11,GONZALEZ-GARCIA,NAO,G074,OK,,1344751,M. Honda et al.,Honda,et al. (N/D),2015,2015,2015-02-13,1502.03916,,"Phys.Rev.D,92,023004",Atmospheric neutrino flux calculation using the NRLMSISE-00 atmospheric model,426,413,11,38.73,article,"M. Honda et al., Phys. Rev. D92, 2, 023004 (2015), [arXiv:1502.03916]."
U0212,B11,AGOSTINI,NAO,A583,OK,,1379973,Patterson,Patterson,1,2015,2015,2015-06-25,1506.07917,,"Ann.Rev.Nucl.Part.Sci.,65,177",Prospects for Measurement of the Neutrino Mass Hierarchy,73,73,11,6.64,article,"Patterson, R B (2015), “Prospects for Measurement of the Neutrino Mass Hierarchy,” Ann. Rev. Nucl. Part. Sci. 65, 177-192, arXiv:1506.07917 [hep-ex]."
U0215,B11,AGOSTINI,NAO,A031,OK,,1377353,Agostini,Agostini,3,2016,2015,2015-06-19,1506.06133,,"Eur.Phys.J.C,76,176",Probing flavor models with Ge-76-based experiments on neutrinoless double-beta decay,20,13,11,1.82,article,"Agostini, M, A. Merle, and K. Zuber (2016), “Probing flavor models with76 Ge-based experiments on neutrinoless double-β decay,” Eur. Phys. J. C 76 (4), 176, arXiv:1506.06133 [hep-ex]."
U0216,B11,AGOSTINI,NAO,A063,OK,,1362180,Alekhin,Alekhin,et al. (N/D),2016,2015,2015-04-19,1504.04855,,"Rept.Prog.Phys.,79,124201",A facility to Search for Hidden Particles at the CERN SPS: the SHiP physics case,1015,685,11,92.27,article,"Alekhin, Sergey, et al. (2016), “A facility to Search for Hidden Particles at the CERN SPS: the SHiP physics case,” Rept. Prog. Phys. 79 (12), 124201, arXiv:1504.04855 [hep-ph]."
U0217,B11,AGOSTINI,NAO,A074,OK,,1389173,Andringa,Andringa,"et al. (N/D, SNO+)",2016,2015,2015-08-24,1508.05759,,"Adv.High Energy Phys.,2016,6194250",Current Status and Future Prospects of the SNO+ Experiment,370,272,11,33.64,article,"Andringa, S, et al. (SNO+) (2016), “Current Status and Future Prospects of the SNO+ Experiment,” Adv. High Energy Phys. 2016, 6194250, arXiv:1508.05759 [physics.insdet]."
U0756,B38,AGOSTINI,NAO,A077,OK,,1398831,Aprahamian,"Aprahamian, Ani",,2015,2015,2015-10,,,,Reaching for the horizon: The 2015 long range plan for nuclear science,16,13,11,1.45,report,"Aprahamian, Ani, et al. (2015), “Reaching for the horizon: The 2015 long range plan for nuclear science,” ."
U0757,B38,AGOSTINI,NAO,A141,OK,,1347174,Barea,"Barea, J.",3,2015,2015,2015-03-02,,,"Phys. Rev. C 91, 034304",$0\nu\beta\beta$ and $2\nu\beta\beta$ nuclear matrix elements in the interacting boson model with isospin restoration,413,387,11,37.55,article,"Barea, J, J. Kotila, and F. Iachello (2015a), “0νββ and 2νββ nuclear matrix elements in the interacting boson model with isospin restoration,” Phys. Rev. C 91, 034304."
U0758,B38,AGOSTINI,NAO,A142,OK,,1392039,Barea,"Barea, J.",3,2015,2015,2015-09-07,,,"Phys. Rev. D 92, 093001",Limits on sterile neutrino contributions to neutrinoless double beta decay,53,46,11,4.82,article,"Barea, J, J. Kotila, and F. Iachello (2015b), “Limits on sterile neutrino contributions to neutrinoless double beta decay,” Phys. Rev. D 92, 093001."
U0759,B38,AGOSTINI,NAO,A206,OK,,1333379,Carlson,"Carlson, J.",7,2015,2015,2014-12-09,,,"Rev. Mod. Phys. 87, 1067-1118",Quantum Monte Carlo methods for nuclear physics,856,744,11,77.82,article,"Carlson, J, S. Gandolfi, F. Pederiva, S. C. Pieper, R. Schiavilla, K. E. Schmidt, and R. B. Wiringa (2015), “Quantum monte carlo methods for nuclear physics,” Rev. Mod. Phys. 87, 1067-1118."
U0760,B38,AGOSTINI,NAO,A275,OK,,1342841,Dikmen,"Dikmen, E.",6,2015,2015,2015-02-02,,,"Phys. Rev. C 91, 064301",Ab initio effective interactions for sd-shell valence nucleons,65,55,11,5.91,article,"Dikmen, E, A. F. Lisetski, B. R. Barrett, P. Maris, A. M. Shirokov, and J. P. Vary (2015), “Ab initio effective interactions for sd-shell valence nucleons,” Phys. Rev. C 91 (6), 064301."
U0761,B39,AGOSTINI,NAO,A324,NAO_ENCONTRADO,,,Finch,"Finch, S. W.",1,2015,,,,,,,,,11,,thesis,"Finch, S W (2015), Double-Beta Decay of 96 Zr and Double- Electron Capture of 156 Dy to Excited Final States, Ph.D. thesis (Duke University)."
U0762,B39,AGOSTINI,NAO,A411,OK,,1390149,Hebeler,"Hebeler, K.",4,2015,2015,2015-08-27,,,"Ann. Rev. Nucl. Part. Sci. 65, 457-484",Nuclear forces and their impact on neutron-rich nuclei and neutron-rich matter,259,185,11,23.55,article,"Hebeler, K, J. D. Holt, J. Menendez, and A. Schwenk (2015), “Nuclear forces and their impact on neutron-rich nuclei and neutron-rich matter,” Ann. Rev. Nucl. Part. Sci. 65, 457- 484."
U0763,B39,AGOSTINI,NAO,A435,OK,,1345995,Hyvarinen,"Hyvarinen, J.",2,2015,2015,2015-02-18,,,"Phys. Rev. C 91, 024613",Nuclear matrix elements for 0νββ decays with light or heavy Majorana-neutrino exchange,297,273,11,27.0,article,"Hyvarinen, J, and J. Suhonen (2015), “Nuclear matrix elements for 0νββ decays with light or heavy Majorananeutrino exchange,” Phys. Rev. C 91, 024613. IAEA, (2015), The Fukushima Daiichi Accident, Non-serial Publications (INTERNATIONAL ATOMIC ENERGY AGENCY, Vienna)."
U0764,B39,AGOSTINI,NAO,A416,NAO_ENCONTRADO,,,IAEA,IAEA,,2015,,,,,,,,,11,,report,"IAEA, (2015), The Fukushima Daiichi Accident, Non-serial Publications (INTERNATIONAL ATOMIC ENERGY AGENCY, Vienna)."
U0766,B39,AGOSTINI,NAO,A463,OK,,1351845,Kishimoto,"Kishimoto, T.",4,2015,2015,2015-03-10,,,"PTEP 2015 (3), 033D03",Calcium isotope enrichment by means of multi-channel counter-current electrophoresis for the study of particle and nuclear physics,7,3,11,0.64,article,"Kishimoto, T, K. Matsuoka, T. Fukumoto, and S. Umehara (2015), “Calcium isotope enrichment by means of multichannel counter-current electrophoresis for the study of particle and nuclear physics,” PTEP 2015 (3), 033D03."
U0767,B39,AGOSTINI,NAO,A486,OK,,1340395,LaFerriere,"LaFerriere, B. D.",4,2015,2015,2015-03-01,,,"Nucl. Instrum. Meth. A 775, 93-98",A novel assay method for the trace determination of Th and U in copper and lead using inductively coupled plasma mass spectrometry,48,33,11,4.36,article,"LaFerriere, B D, T. C. Maiti, I. J. Arnquist, and E. W. Hoppe (2015), “A novel assay method for the trace determination of Th and U in copper and lead using inductively coupled plasma mass spectrometry,” Nucl. Instrum. Meth. A 775, 93-98."
U0769,B39,AGOSTINI,NAO,A588,OK,,1370582,Pirinen,"Pirinen, P.",2,2015,2015,2015-05-11,,,"Phys. Rev. C 91, 054309",Systematic approach to β and 2νββ decays of mass A=100–136 nuclei,120,85,11,10.91,article,"Pirinen, P, and J. Suhonen (2015), “Systematic approach to β and 2νββ decays of mass A =100-136 nuclei,” Phys. Rev. C 91, 054309."
U0770,B39,AGOSTINI,NAO,A654,OK,,1377603,Stefanik,"Stefanik, D.",4,2015,2015,2015-06-23,,,"Phys. Rev. C 92, 055502",Reexamining the light neutrino exchange mechanism of the 0νββ decay with left- and right-handed leptonic and hadronic currents,98,79,11,8.91,article,"Stefanik, D, R. Dvornicky, F. Šimkovic, and P. Vogel (2015), “Reexamining the light neutrino exchange mechanism of the 0νββ decay with left- and right-handed leptonic and hadronic currents,” Phys. Rev. C 92, 055502."
U0771,B39,AGOSTINI,NAO,A668,OK,,1389299,Takaki,"Takaki, M.",,2015,2015,2015,,,"JPS Conf. Proc. 6, 020038","Heavy-Ion Double-Charge Exchange Study via a 12C(18O,18Ne)12Be Reaction",14,13,11,1.27,proceedings,"Takaki, M, et al. (2015), “Heavy-Ion Double-Charge Exchange Study via a 12C(18O,18Ne)12Be Reaction,” Proceedings, 2nd Conference on Advances in Radioactive Isotope Science (ARIS2014): Tokyo, Japan, June 1-6, 2014, JPS Conf. Proc. 6, 020038."
U0773,B39,AGOSTINI,NAO,A685,NAO_ENCONTRADO,,,Uesaka,"Uesaka, T.",,2015,,,,,"RIKEN RIBF NP-PAC, NP1512-RIBF141",,,,11,,report,"Uesaka, T, et al. (2015), RIKEN RIBF NP-PAC , NP1512- RIBF141."
U0775,B39,AGOSTINI,NAO,A706,NAO_ENCONTRADO,,,Walz,"Walz, C.",,2015,,,,,"Nature 526, 406",Observation of the competitive double-gamma nuclear decay,,,11,,article,"Walz, C, et al. (2015), “Observation of the competitive double-gamma nuclear decay,” Nature 526, 406."
U0778,B39,AGOSTINI,NAO,A143,OK,,1394582,Baroni,"Baroni, A.",5,2016,2015,2015-09-23,,,"Phys. Rev. C 93 (1), 015501 [Erratum: Phys. Rev. C95,059901(2017)]",Nuclear Axial Currents in Chiral Effective Field Theory,95,67,11,8.64,article,"Baroni, A, L. Girlanda, S. Pastore, R. Schiavilla, and M. Viviani (2016), “Nuclear Axial Currents in Chiral Effective Field Theory,” Phys. Rev. C 93 (1), 015501, [Erratum: Phys. Rev.C95,no.5,059901(2017)]."
U0784,B40,AGOSTINI,NAO,A431,OK,,1402393,Horoi,Horoi,2,2016,2015,2015-11-02,,,"Phys. Rev. D 93, 113014",Analysis of mechanisms that could contribute to neutrinoless double-beta decay,38,19,11,3.45,article,"Horoi, M, and A. Neacsu (2016a), “Analysis of mechanisms that could contribute to neutrinoless double-beta decay,” Phys. Rev. D 93, 113014."
U0785,B40,AGOSTINI,NAO,A432,OK,,1404204,Horoi,Horoi,2,2016,2015,2015-11-11,,,"Phys. Rev. C 93, 024308",Shell model predictions for $^{124}$Sn double-$\beta$ decay,154,128,11,14.0,article,"Horoi, M, and A. Neacsu (2016b), “Shell model predictions for 124 Sn double-β decay,” Phys. Rev. C 93, 024308."
U0793,B40,AGOSTINI,NAO,A640,OK,,1410945,Sen’kov,Sen'kov,2,2016,2015,2015-12-18,,,"Phys. Rev. C 93 (4), 044334",Shell-model calculation of neutrinoless double-β decay of ⁷⁶Ge,59,48,11,5.36,article,"Sen’kov, R A, and M. Horoi (2016), “Shell-model calculation of neutrinoless double-β decay of 76 Ge,” Phys. Rev. C 93 (4), 044334."
U0947,B49,AGOSTINI,NAO,A579,OK,,1380604,Päs,"Päs, H.",2,2015,2015,2015-07-01,1507.00170,,"New J.Phys. 17, 115010",Neutrinoless Double Beta Decay,153,145,11,13.91,article,"Päs, H, and W. Rodejohann (2015), “Neutrinoless Double Beta Decay,” New J. Phys. 17 (11), 115010, arXiv:1507.00170 [hep-ph]."
U0949,B49,AGOSTINI,NAO,A519,OK,,1407146,Martı́n-Albo,"Martín-Albo, J.",,2016,2015,2015-11-30,1511.09246,,"JHEP 05, 159",Sensitivity of NEXT-100 to Neutrinoless Double Beta Decay,174,97,11,15.82,article,"Martı́n-Albo, J, et al. (NEXT) (2016), “Sensitivity of NEXT- 100 to Neutrinoless Double Beta Decay,” JHEP 05, 159, arXiv:1511.09246 [physics.ins-det]."
U0950,B49,AGOSTINI,NAO,A534,OK,,1400604,Menéndez,"Menéndez, J.",5,2016,2015,2015-10-23,,,"Phys.Rev.C 93, 014305",Testing the importance of collective correlations in neutrinoless ββ decay,49,27,11,4.45,article,"Menéndez, J, N. Hinohara, J. Engel, G. Martı́nez-Pinedo, and T. R. Rodréguez (2016), “Testing the importance of collective correlations in neutrinoless ββ decay,” Phys. Rev. C 93, 014305."
U0213,B11,GONZALEZ-GARCIA,NAO,G043,OK,,1417062,A. Serenelli,Serenelli,1,2016,2016,2016-01-26,1601.07179,,"Eur.Phys.J.A,52,78",Alive and well: a short review about standard solar models,77,74,10,7.7,article,"A. Serenelli, Eur. Phys. J. A52, 4, 78 (2016), [arXiv:1601.07179]."
U0214,B11,AGOSTINI,NAO,A001,OK,,1471703,Aalbers,Aalbers,"et al. (N/D, DARWIN)",2016,2016,2016-06-22,1606.07001,,"JCAP,11,017",DARWIN: towards the ultimate dark matter detector,916,752,10,91.6,article,"Aalbers, J, et al. (DARWIN) (2016), “DARWIN: towards the ultimate dark matter detector,” JCAP 11, 017, arXiv:1606.07001 [astro-ph.IM]."
U0218,B11,AGOSTINI,NAO,A097,OK,,1472816,Arnold,Arnold,"et al. (N/D, NEMO-3)",2016,2016,2016-06-27,1606.08494,,"Phys.Rev.D,94,072003",Measurement of the 2vbb decay half-life of 150Nd and a search for 0vbb decay processes with the full exposure from the NEMO-3 detector,136,101,10,13.6,article,"Arnold, R, et al. (NEMO-3) (2016a), “Measurement of the 2νββ decay half-life of 150 Nd and a search for 0νββ decay processes with the full exposure from the NEMO-3 detector,” Phys. Rev. D 94 (7), 072003, arXiv:1606.08494 [hep-ex]."
U0219,B11,AGOSTINI,NAO,A098,OK,,1444346,Arnold,Arnold,"et al. (N/D, NEMO-3)",2016,2016,2016-04-06,1604.01710,,"Phys.Rev.D,93,112008",Measurement of the double-beta decay half-life and search for the neutrinoless double-beta decay of 48Ca with the NEMO-3 detector,129,98,10,12.9,article,"Arnold, R, et al. (NEMO-3) (2016b), “Measurement of the double-beta decay half-life and search for the neutrinoless double-beta decay of 48 Ca with the NEMO-3 detector,” Phys. Rev. D93 (11), 112008, arXiv:1604.01710 [hep-ex]."
U0220,B11,AGOSTINI;GONZALEZ-GARCIA,SIM,A159;G064,OK,,1413713,Bergstrom,Bergstrom,6,2016,2016,2016-01-05,1601.00972,,"JHEP,03,132",Updated determination of the solar neutrino fluxes from solar neutrino data,114,91,10,11.4,article,"Bergstrom, J, M. C. Gonzalez-Garcia, M. Maltoni, C. Pena- Garay, A. M. Serenelli, and N. Song (2016), “Updated determination of the solar neutrino fluxes from solar neutrino data,” JHEP 03, 132, arXiv:1601.00972 [hep-ph]."
U0221,B12,AGOSTINI,NAO,A262,OK,,1417121,Dell’Oro,"Dell'Oro, S.",4,2016,2016,2016-01-27,1601.07512,,"Adv.High Energy Phys.,2016,2162659",Neutrinoless double beta decay: 2015 review,508,473,10,50.8,article,"Dell’Oro, S, S. Marcocci, M. Viel, and F. Vissani (2016), “Neutrinoless double beta decay: 2015 review,” Adv. High Energy Phys. 2016, 2162659, arXiv:1601.07512 [hep-ph]."
U0222,B12,AGOSTINI,NAO,A282,OK,,1471258,Drewes,"Drewes, Marco",2,2016,2016,2016-06-20,1606.06221,,"Phys.Lett.B,763,72-79",Neutrinoless double β decay and low scale leptogenesis,72,43,10,7.2,article,"Drewes, Marco, and Shintaro Eijima (2016), “Neutrinoless double β decay and low scale leptogenesis,” Phys. Lett. B 763, 72-79, arXiv:1606.06221 [hep-ph]."
U0223,B12,AGOSTINI,NAO,A289,OK,,1393331,Ebert,"Ebert, J.",,2016,2016,2015-09-14,1509.04113,,"Phys.Rev.C,94,024603",Results of a search for neutrinoless double-β decay using the COBRA demonstrator,52,37,10,5.2,article,"Ebert, J, et al. (2016a), “Results of a search for neutrinoless double- β decay using the COBRA demonstrator,” Phys. Rev. C 94 (2), 024603, arXiv:1509.04113 [nucl-ex]."
U0224,B12,AGOSTINI,NAO,A290,OK,,1385638,Ebert,"Ebert, J.",,2016,2016,2015-07-29,1507.08177,,"Nucl.Instrum.Meth.A,807,114-120",The COBRA demonstrator at the LNGS underground laboratory,29,13,10,2.9,article,"Ebert, J, et al. (COBRA) (2016b), “The COBRA demonstrator at the LNGS underground laboratory,” Nucl. Instrum. Meth. A 807, 114-120, arXiv:1507.08177 [physics.ins-det]."
U0225,B12,GONZALEZ-GARCIA,NAO,G141,OK,,1388361,F. P. An et al. (Daya Bay),"An, F. P.",,2016,2016,2015-08-18,1508.04233,,"Phys.Rev.Lett.,116,061801",Measurement of the Reactor Antineutrino Flux and Spectrum at Daya Bay,328,217,10,32.8,article,"F. P. An et al. (Daya Bay), Phys. Rev. Lett. 116, 6, 061801 (2016), [Erratum: Phys. Rev. Lett.118,no.9,099902(2017)], [arXiv:1508.04233]."
U0226,B12,AGOSTINI,NAO,A342,OK,,1416651,Freund,"Freund, K.",,2016,2016,2016-01-22,1601.05935,,"Eur.Phys.J.C,76,298",The Performance of the Muon Veto of the GERDA Experiment,43,27,10,4.3,article,"Freund, K, et al. (2016), “The Performance of the Muon Veto of the GERDA Experiment,” Eur. Phys. J. C 76 (5), 298, arXiv:1601.05935 [physics.ins-det]."
U0227,B12,GONZALEZ-GARCIA,NAO,G222,OK,,1473337,G. H. Collin et al.,"Collin, G. H.",,2016,2016,2016-06-30,1607.00011,,"Phys.Rev.Lett.,117,221801",First Constraints on the Complete Neutrino Mixing Matrix with a Sterile Neutrino,101,80,10,10.1,article,"G. H. Collin et al., Phys. Rev. Lett. 117, 22, 221801 (2016), [arXiv:1607.00011]."
U0228,B12,AGOSTINI,NAO,A353,OK,,1456929,Gando,"Gando, A.",,2016,2016,2016-05-10,1605.02889,,"Phys.Rev.Lett.,117,082503",Search for Majorana Neutrinos near the Inverted Mass Hierarchy Region with KamLAND-Zen,1336,1225,10,133.6,article,"Gando, A, et al. (KamLAND-Zen) (2016), “Search for Majorana Neutrinos near the Inverted Mass Hierarchy Region with KamLAND-Zen,” Phys. Rev. Lett. 117 (8), 082503, [Addendum: Phys.Rev.Lett. 117, 109903 (2016)], arXiv:1605.02889 [hep-ex]."
U0229,B12,AGOSTINI,NAO,A368,OK,,1467223,Golling,"Golling, T.",,2016,2016,2016-06-02,1606.00947,10.23731/CYRM-2017-003.441,,Physics at a 100 TeV pp collider: beyond the Standard Model phenomena,203,117,10,20.3,report,"Golling, T, et al. (2016), “Physics at a 100 TeV pp collider: beyond the Standard Model phenomena,” 10.23731/CYRM-2017-003.441, arXiv:1606.00947 [hep-ph]."
U0230,B12,AGOSTINI,NAO,A417,OK,,1411140,Hergert,"Hergert, H.",5,2016,2016,2015-12-21,,,"Phys.Rept.,621,165-222",The In-Medium Similarity Renormalization Group: A Novel Ab Initio Method for Nuclei,551,444,10,55.1,article,"Hergert, H, S. K. Bogner, T. D. Morris, A. Schwenk, and K. Tsukiyama (2016), “The In-Medium Similarity Renormalization Group: A Novel Ab Initio Method for Nuclei,” Phys. Rept. 621, 165-222."
U0231,B12,GONZALEZ-GARCIA,NAO,G054,OK,,1472086,K. Abe et al. (Super-Kamiokande),"Abe, K.",,2016,2016,2016-06-23,1606.07538,,"Phys.Rev.D,94,052010",Solar Neutrino Measurements in Super-Kamiokande-IV,506,396,10,50.6,article,"K. Abe et al. (Super-Kamiokande), Phys. Rev. D 94, 5, 052010 (2016), [arXiv:1606.07538]."
U0232,B12,AGOSTINI,NAO,A496,OK,,1471558,Lehnert,"Lehnert, B.",7,2016,2016,2016-06-21,1606.06616,,"J.Phys.G,43,115201",Double beta decays into excited states in 110Pd and 102Pd,7,5,10,0.7,article,"Lehnert, B, E. Andreotti, D. Degering, M. Hult, M. Laubenstein, T. Wester, and K. Zuber (2016), “Double beta decays into excited states in 110 Pd and 102 Pd,” J. Phys. G 43 (11), 115201, arXiv:1606.06616 [nucl-ex]."
U0233,B12,AGOSTINI,NAO,A507,OK,,1452550,Lindner,"Lindner, Manfred",3,2016,2016,2016-04-25,1604.07419,,"Phys.Lett.B,762,190-195",Dilepton bounds on left-right symmetry at the LHC run II and neutrinoless double beta decay,50,38,10,5.0,article,"Lindner, Manfred, Farinaldo S. Queiroz, and Werner Rodejohann (2016), “Dilepton bounds on left-right symmetry at the LHC run II and neutrinoless double beta decay,” Phys. Lett. B 762, 190-195, arXiv:1604.07419 [hep-ph]."
U0234,B12,GONZALEZ-GARCIA,NAO,G114,OK,,1397003,N. Abgrall et al. (NA61/SHINE),"Abgrall, N.",,2016,2016,2015-10-09,1510.02703,,"Eur.Phys.J.C,76,84","Measurements of pi+/-, K+/-, K0S, Lambda and proton production in proton-carbon interactions at 31 GeV/c with the NA61/SHINE spectrometer at the CERN SPS",166,76,10,16.6,article,"N. Abgrall et al. (NA61/SHINE), Eur. Phys. J. C 76, 2, 84 (2016), [arXiv:1510.02703]."
U0235,B12,GONZALEZ-GARCIA,NAO,G098,OK,,1417077,S. Adrian-Martinez et al. (KM3Net),"Adrian-Martinez, S.",,2016,2016,2016-01-27,1601.07459,,"J.Phys.G,43,084001",Letter of intent for KM3NeT 2.0,1438,962,10,143.8,article,"S. Adrian-Martinez et al. (KM3Net), J. Phys. G43, 8, 084001 (2016), [arXiv:1601.07459]."
U0263,B14,AGOSTINI,NAO,A726,OK,,1491942,Xu,"Xu, W.",2,2017,2016,2016-10-12,1610.03886,,"Astropart.Phys.,89,39",Solar Axion Search Technique with Correlated Signals from Multiple Detectors,13,10,10,1.3,article,"Xu, W, and S. R. Elliott (2017), “Solar Axion Search Technique with Correlated Signals from Multiple Detectors,” Astropart. Phys. 89, 39-50, arXiv:1610.03886 [hep-ex]. XUNDL, (2021), http://www.nndc.bnl.gov/ensdf/ensdf/ xundl.jsp."
U0264,B14,GONZALEZ-GARCIA,NAO,G150,OK,,1492322,Y. J. Ko et al. (NEOS),"Ko, Y.J.",,2017,2016,2016-10-17,1610.05134,,"Phys.Rev.Lett.,118,121802",Sterile Neutrino Search at the NEOS Experiment,462,428,10,46.2,article,"Y. J. Ko et al. (NEOS), Phys. Rev. Lett. 118, 12, 121802 (2017), [arXiv:1610.05134]."
U0265,B14,AGOSTINI,NAO,A740,OK,,1494068,Zhao,"Zhao, J.",4,2017,2016,2016-10-23,1610.07143,,"Chin.Phys.C,41,053001",Physics potential of searching for 0nubetabeta decays in JUNO,43,34,10,4.3,article,"Zhao, J, L.-J. Wen, Y.-F. Wang, and J. Cao (2017), “Physics potential of searching for 0νββ decays in JUNO,” Chin. Phys. C 41 (5), 053001, arXiv:1610.07143 [hep-ex]."
U0777,B39,AGOSTINI,NAO,A053;A054,OK,,1422684,Alanssari,"Alanssari, M.",,2016,2016,2016-02-17,,,"Phys. Rev. Lett. 116 (7), 072501","Single and Double Beta-Decay Q Values among the Triplet Zr96, Nb96, and Mo96",33,21,10,3.3,article,"Alanssari, M, et al. (2016a), “Single and Double Beta-Decay Q Values among the Triplet Zr96 , Nb96 , and Mo96,” Phys. Rev. Lett. 116 (7), 072501."
U0779,B39,AGOSTINI,NAO,A291,OK,,1466644,Egido,"Egido, J. L.",1,2016,2016,2016-06-01,,,"Phys. Scripta 91, 073003",State-of-the-art of beyond mean field theories with nuclear density functionals,77,68,10,7.7,article,"Egido, J L (2016), “State-of-the-art of beyond mean field theories with nuclear density functionals,” Phys. Scripta 91, 073003."
U0780,B39,AGOSTINI,NAO,A310,OK,,1469108,Entwisle,"Entwisle, J. P.",,2016,2016,2016-06-13,,,"Phys. Rev. C 93, 064312",Change of nuclear configurations in the neutrinoless double-β decay of ¹³⁰Te → ¹³⁰Xe and ¹³⁶Xe → ¹³⁶Ba,37,31,10,3.7,article,"Entwisle, J P, et al. (2016), “Change of nuclear configurations in the neutrinoless double-beta decay of 130Te 130Xe and 136Xe 136Ba,” Phys. Rev. C 93, 064312."
U0781,B40,AGOSTINI,NAO,A345,OK,,1468922,Fukuda,Fukuda,1,2016,2016,2016-06-09,,,"J. Phys. Conf. Ser. 718 (6), 062019",ZICOS - New project for neutrinoless double beta decay experiment using zirconium complex in liquid scintillator,15,11,10,1.5,conference paper,"Fukuda, Y (2016), “ZICOS - New project for neutrinoless double beta decay experiment using zirconium complex in liquid scintillator,” J. Phys. Conf. Ser. 718 (6), 062019."
U0782,B40,AGOSTINI,NAO,A396,OK,,1426945,Haaranen,Haaranen,3,2016,2016,2016-03-08,,,"Phys. Rev. C 93, 034308",Forbidden nonunique β decays and effective values of weak coupling constants,73,31,10,7.3,article,"Haaranen, M, P. C. Srivastava, and J. Suhonen (2016), “Forbidden nonunique β decays and effective values of weak coupling constants,” Phys. Rev. C 93, 034308."
U0783,B40,AGOSTINI,NAO,A397,OK,,1455907,Hagen,Hagen,3,2016,2016,2016-05-04,,,"Phys. Rev. Lett. 117, 172501",Structure of $^{78}$Ni from first principles computations,142,116,10,14.2,article,"Hagen, G, G. R. Jansen, and T. Papenbrock (2016), “Structure of 78 Ni from first principles computations,” Phys. Rev. Lett. 117, 172501."
U0786,B40,AGOSTINI,NAO,A443,OK,,1424288,Iwata,Iwata,7,2016,2016,2016-02-25,,,"Phys. Rev. Lett. 116 (11), 112502",Large-scale shell-model analysis of the neutrinoless ββ decay of ⁴⁸Ca,108,84,10,10.8,article,"Iwata, Y, N. Shimizu, T. Otsuka, Y. Utsuno, J. Menéndez, M. Honma, and T. Abe (2016), “Large-scale shell-model analysis of the neutrinoless ββ decay of 48 Ca,” Phys. Rev. Lett. 116 (11), 112502."
U0787,B40,AGOSTINI,NAO,A457,OK,,1474920,Kajita,Kajita,1,2016,2016,2016-07,,,"Rev. Mod. Phys. 88 (3), 030501",Nobel Lecture: Discovery of atmospheric neutrino oscillations,371,371,10,37.1,article,"Kajita, Takaaki (2016), “Nobel Lecture: Discovery of atmospheric neutrino oscillations,” Rev. Mod. Phys. 88 (3), 030501."
U0788,B40,AGOSTINI,NAO,A477,OK,,1488178,Kotila,Kotila,2,2016,2016,2016-09-21,,,"Phys. Rev. C 94, 034320",Occupation probabilities of single particle levels using the microscopic interacting boson model: Application to some nuclei of interest in neutrinoless double-β decay,25,18,10,2.5,article,"Kotila, J, and J. Barea (2016), “Occupation probabilities of single particle levels using the microscopic interacting boson model: Application to some nuclei of interest in neutrinoless double-β decay,” Phys. Rev. C 94, 034320."
U0789,B40,AGOSTINI,NAO,A527,OK,,1474933,McDonald,McDonald,1,2016,2016,2016-07,,,"Rev. Mod. Phys. 88 (3), 030502",Nobel Lecture: The Sudbury Neutrino Observatory: Observation of flavor change for solar neutrinos,345,345,10,34.5,article,"McDonald, Arthur B (2016), “Nobel Lecture: The Sudbury Neutrino Observatory: Observation of flavor change for solar neutrinos,” Rev. Mod. Phys. 88 (3), 030502."
U0790,B40,AGOSTINI,NAO,A530,NAO_ENCONTRADO,,,Meija,Meija,11,2016,,,,,"Pure and Applied Chemistry 88 (3), 293-306",Isotopic compositions of the elements 2013 (iupac technical report),,,10,,report,"Meija, Juris, Tyler B. Coplen, Michael Berglund, Willi A. Brand, Paul De Bièvre, Manfred Gröning, Norman E. Holden, Johanna Irrgeher, Robert D. Loss, Thomas Walczyk, and Thomas Prohaska (2016), “Isotopic compositions of the elements 2013 (iupac technical report),” Pure and Applied Chemistry 88 (3), 293-306."
U0791,B40,AGOSTINI,NAO,A572,OK,,1415643,Otsuka,Otsuka,2,2016,2016,2016-01-14,,,"J. Phys. G 43, 024009",The role of shell evolution in shape coexistence,124,79,10,12.4,article,"Otsuka, T, and Y. Tsunoda (2016), “The role of shell evolution in shape coexistence,” J. Phys. G 43, 024009."
U0792,B40,AGOSTINI,NAO,A631,OK,,1501733,Sagawa,Sagawa,2,2016,2016,2016-12-02,,,"Phys. Rev. C 94, 064325",Sum rule study for Double Gamow-Teller states,25,24,10,2.5,article,"Sagawa, H, and T. Uesaka (2016), “Sum rule study for Double Gamow-Teller states,” Phys. Rev. C 94, 064325."
U0794,B40,AGOSTINI,NAO,A666,OK,,1498342,Szwec,Szwec,,2016,2016,2016-11-15,,,"Phys. Rev. C 94, 054314",Rearrangement of valence neutrons in the neutrinoless double-β decay of ¹³⁶Xe,30,23,10,3.0,article,"Szwec, S V, et al. (2016), “Rearrangement of valence neutrons in the neutrinoless double-β decay of 136 Xe,” Phys. Rev. C 94, 054314."
U0799,B40,AGOSTINI,NAO,A306,OK,U0252,1493010,Engel,Engel,2,2017,2016,2016-10-20,,,"Rept. Prog. Phys. 80, 046301",Status and Future of Nuclear Matrix Elements for Neutrinoless Double-Beta Decay: A Review,643,598,10,64.3,review,"Engel, J, and J. Menéndez (2017), “Status and future of nuclear matrix elements for neutrinoless double-beta decay: a review,” Rep. Prog. Phys. 80, 046301."
U0801,B41,AGOSTINI,NAO,A381,OK,,1469458,Graesser,Graesser,1,2017,2016,2016-06-14,,,"JHEP 08, 099",An electroweak basis for neutrinoless double β decay,73,66,10,7.3,article,"Graesser, M L (2017), “An electroweak basis for neutrinoless double β decay,” JHEP 08, 099."
U0807,B41,AGOSTINI,NAO,A481,OK,,1491388,Krebs,Krebs,3,2017,2016,2016-10-11,,,"Annals Phys. 378, 317-395",Nuclear axial current operators to fourth order in chiral effective field theory,109,82,10,10.9,article,"Krebs, H, E. Epelbaum, and U. G. Meißner (2017), “Nuclear axial current operators to fourth order in chiral effective field theory,” Annals Phys. 378, 317-395."
U0815,B41,AGOSTINI,NAO,A657,OK,,1475310,Stroberg,Stroberg,7,2017,2016,2016-07-12,,,"Phys. Rev. Lett. 118, 032502",A nucleus-dependent valence-space approach to nuclear structure,308,170,10,30.8,article,"Stroberg, S R, A. Calci, H. Hergert, J. D. Holt, S. K. Bogner, R. Roth, and A. Schwenk (2017), “A nucleus-dependent valence-space approach to nuclear structure,” Phys. Rev. Lett. 118, 032502."
U0948,B49,AGOSTINI,NAO,A418,OK,,1471543,Hernández,"Hernández, P.",5,2016,2016,2016-06-21,1606.06719,,"JHEP 08, 157",Testable Baryogenesis in Seesaw Models,164,144,10,16.4,article,"Hernández, P, M. Kekic, J. López-Pavón, J. Racker, and J. Salvado (2016), “Testable Baryogenesis in Seesaw Models,” JHEP 08, 157, arXiv:1606.06719 [hep-ph]."
U0951,B49,AGOSTINI,NAO,A553,OK,,1415616,Navrátil,"Navrátil, P.",5,2016,2016,2016-01-14,,,"Phys.Scr. 91, 053002",Unified ab initio approaches to nuclear structure and reactions,238,200,10,23.8,article,"Navrátil, P, S. Quaglioni, G. Hupin, C. Romero-Redondo, and A. Calci (2016), “Unified ab initio approaches to nuclear structure and reactions,” Phys. Scripta 91, 053002."
U0236,B12,AGOSTINI,NAO,A013,OK,,1501729,Abgrall,"Abgrall, N.",,2017,2017,2016-12-02,1612.00886,,"Phys.Rev.Lett.,118,161801","New limits on Bosonic Dark Matter, Solar Axions, Pauli Exclusion Principle Violation, and Electron Decay from the Majorana Demonstrator",108,59,9,12.0,article,"Abgrall, N, et al. (Majorana) (2017), “New limits on Bosonic Dark Matter, Solar Axions, Pauli Exclusion Principle Violation, and Electron Decay from the Majorana Demonstrator,” Phys. Rev. Lett. 118 (16), 161801, arXiv:1612.00886 [nucl-ex]."
U0237,B12,AGOSTINI,NAO,A028,OK,,1598468,Agostini,"Agostini, M.",3,2017,2017,2017-05-08,1705.02996,,"Phys.Rev.D,96,053001",Discovery probability of next-generation neutrinoless double-β decay experiments,209,184,9,23.22,article,"Agostini, M, G. Benato, and J. Detwiler (2017), “Discovery probability of next-generation neutrinoless double- β decay experiments,” Phys.Rev.D 96 (5), 053001, arXiv:1705.02996 [hep-ex]."
U0238,B12,AGOSTINI,NAO,A058,OK,,1601928,Alduino,"Alduino, C.",,2017,2017,2017-05-30,1705.10816,,"Eur.Phys.J.C,77,532",CUORE Sensitivity to 0nu(beta)(beta) Decay,57,17,9,6.33,article,"Alduino, C, et al. (CUORE) (2017a), “CUORE sensitivity to 0νββ decay,” Eur. Phys. J. C 77 (8), 532, arXiv:1705.10816 [physics.ins-det]."
U0239,B12,AGOSTINI,NAO,A059,OK,,1485401,Alduino,"Alduino, C.",,2017,2017,2016-09-06,1609.01666,,"Eur.Phys.J.C,77,13",Measurement of the Two-Neutrino Double Beta Decay Half-life of 130Te with the CUORE-0 Experiment,136,54,9,15.11,article,"Alduino, C, et al. (CUORE) (2017b), “Measurement of the two-neutrino double-beta decay half-life of130 Te with the CUORE-0 experiment,” Eur. Phys. J. C77 (1), 13, arXiv:1609.01666 [nucl-ex]."
U0240,B12,AGOSTINI,NAO,A060,OK,,1597344,Alduino,"Alduino, C.",,2017,2017,2017-04-28,1704.08970,,"Eur.Phys.J.C,77,543",The projected background for the CUORE experiment,149,33,9,16.56,article,"Alduino, C, et al. (CUORE) (2017c), “The projected background for the CUORE experiment,” Eur. Phys. J. C 77 (8), 543, arXiv:1704.08970 [physics.ins-det]."
U0241,B13,AGOSTINI,NAO,A078,OK,,1514763,Aprile,"Aprile, E.",,2017,2017,2017-02-22,1702.06942,,"Eur.Phys.J.C,77,358",Online $^{222}$Rn removal by cryogenic distillation in the XENON100 experiment,69,17,9,7.67,article,"Aprile, E, et al. (XENON100) (2017), “Online222 Rn removal by cryogenic distillation in the XENON100 experiment,” Eur. Phys. J. C 77 (6), 358, arXiv:1702.06942 [physics.insdet]."
U0242,B13,AGOSTINI,NAO,A080,OK,,1495205,Archidiacono,"Archidiacono, M.",4,2017,2017,2016-10-31,1610.09852,,"JCAP,02,052",Physical effects involved in the measurements of neutrino masses with future cosmological data,126,98,9,14.0,article,"Archidiacono, M, T. Brinckmann, J. Lesgourgues, and V. Poulin (2017), “Physical effects involved in the measurements of neutrino masses with future cosmological data,” JCAP 02, 052, arXiv:1610.09852 [astro-ph.CO]."
U0243,B13,AGOSTINI,NAO,A102,OK,,1491409,Artusa,"Artusa, D.R.",,2017,2017,2016-10-10,1610.03513,,"Phys.Lett.B767,321",Enriched TeO$_2$ bolometers with active particle discrimination: towards the CUPID experiment,59,34,9,6.56,article,"Artusa, D R, et al. (2017), “Enriched TeO2 bolometers with active particle discrimination: towards the CUPID experiment,” Phys. Lett. B767, 321-329, arXiv:1610.03513 [physics.ins-det]."
U0244,B13,AGOSTINI,NAO,A200,OK,,1598226,Caldwell,"Caldwell, A.",4,2017,2017,2017-05-04,1705.01945,,"Phys.Rev.D,96,073001",Global Bayesian analysis of neutrino mass data,73,65,9,8.11,article,"Caldwell, A, A. Merle, O. Schulz, and M. Totzauer (2017), “Global Bayesian analysis of neutrino mass data,” Phys. Rev. D 96 (7), 073001, arXiv:1705.01945 [hep-ph]."
U0245,B13,AGOSTINI,NAO,A204,OK,,1490028,Caravaca,"Caravaca, J.",5,2017,2017,2016-10-06,1610.02011,,"Eur.Phys.J.C,77,811",Cherenkov and Scintillation Light Separation in Organic Liquid Scintillators,51,32,9,5.67,article,"Caravaca, J, F.B. Descamps, B.J. Land, M. Yeh, and G. D. Orebi Gann (2017), “Cherenkov and Scintillation Light Separation in Organic Liquid Scintillators,” Eur. Phys. J. C 77 (12), 811, arXiv:1610.02011 [physics.ins-det]."
U0246,B13,AGOSTINI,NAO,A216,OK,,1486389,Chavarria,"Chavarria, A.E.",4,2017,2017,2016-09-12,1609.03887,,"JINST,12,P03022",A high-resolution CMOS imaging detector for the search of neutrinoless double beta decay in $^{82}$Se,17,10,9,1.89,article,"Chavarria, A E, C. Galbiati, X. Li, and J. A. Rowlands (2017), “A high-resolution CMOS imaging detector for the search of neutrinoless double β decay in 82 Se,” JINST 12, P03022, arXiv:1609.03887 [physics.ins-det]."
U0247,B13,AGOSTINI,NAO,A217,OK,,1494812,Chen,"Chen, X.",,2017,2017,2016-10-27,1610.08883,,"Sci.China Phys.Mech.Astron.,60,061011",PandaX-III: Searching for Neutrinoless Double Beta Decay with High Pressure $^{136}$Xe Gas Time Projection Chambers,153,96,9,17.0,article,"Chen, X, et al. (2017), “PandaX-III: Searching for neutrinoless double beta decay with high pressure136 Xe gas time projection chambers,” Sci. China Phys. Mech. Astron. 60 (6), 061011, arXiv:1610.08883 [physics.ins-det]."
U0248,B13,AGOSTINI,NAO,A246,OK,,1514292,Dafinei,"Dafinei, I.",,2017,2017,2017-02-20,1702.05877,,"J.Cryst.Growth,475,158",Production of 82Se enriched Zinc Selenide (ZnSe) crystals for the study of neutrinoless double beta decay,38,13,9,4.22,article,"Dafinei, I, et al. (2017), “Production of 82Se enriched Zinc Selenide (ZnSe) crystals for the study of neutrinoless double beta decay,” J. Cryst. Growth 475, 158-170, arXiv:1702.05877 [physics.ins-det]."
U0249,B13,AGOSTINI,NAO,A283,OK,,1488534,Drewes,"Drewes, Marco",4,2017,2017,2016-09-28,1609.09069,,"JHEP,08,018",Testing the low scale seesaw and leptogenesis,130,82,9,14.44,article,"Drewes, Marco, Bjorn Garbrecht, Dario Gueter, and Juraj Klaric (2017), “Testing the low scale seesaw and leptogenesis,” JHEP 08, 018, arXiv:1609.09069 [hep-ph]."
U0250,B13,AGOSTINI,NAO,A294,OK,,1518641,Ejiri,"Ejiri, H.",2,2017,2017,2017-03-20,1703.06915,,"Phys.Rev.C,95,055501","Solar neutrino interactions with the double beta decay nuclei of $^{82}$Se, $^{100}$Mo and $^{150}$Nd",20,15,9,2.22,article,"Ejiri, H, and S. R. Elliott (2017), “Solar neutrino interactions with the double beta decay nuclei of 82 Se, 100 Mo and 150 Nd,” Phys. Rev. C 95 (5), 055501, arXiv:1703.06915 [nucl-ex]."
U0251,B13,GONZALEZ-GARCIA,NAO,G142,OK,,1589439,F. P. An et al. (Daya Bay),"An, F.P.",,2017,2017,2017-04-04,1704.01082,,"Phys.Rev.Lett.,118,251801",Evolution of the Reactor Antineutrino Flux and Spectrum at Daya Bay,274,196,9,30.44,article,"F. P. An et al. (Daya Bay), Phys. Rev. Lett. 118, 25, 251801 (2017), [arXiv:1704.01082]."
U0252,B13,GONZALEZ-GARCIA,NAO,G237,OK,,1493010,J. Engel and J. Menendez,"Engel, J.",2,2017,2017,2016-10-20,1610.06548,,"Rept.Prog.Phys.,80,046301",Status and Future of Nuclear Matrix Elements for Neutrinoless Double-Beta Decay: A Review,643,598,9,71.44,review,"J. Engel and J. Menendez, Rept. Prog. Phys. 80, 4, 046301 (2017), [arXiv:1610.06548]."
U0253,B13,GONZALEZ-GARCIA,NAO,G077,OK,,1502873,J. Evans et al.,"Evans, J.",,2017,2017,2016-12-09,1612.03219,,"Phys.Rev.D,95,023012",Uncertainties in Atmospheric Muon-Neutrino Fluxes Arising from Cosmic-Ray Primaries,36,32,9,4.0,article,"J. Evans et al., Phys. Rev. D95, 2, 023012 (2017), [arXiv:1612.03219]."
U0254,B13,AGOSTINI,NAO,A500,OK,,1520900,Leonard,"Leonard, D.S.",,2017,2017,2017-03-31,1703.10799,,"Nucl.Instrum.Meth.A,871,169",Trace radioactive impurities in final construction materials for EXO-200,37,19,9,4.11,article,"Leonard, D S, et al. (2017), “Trace radioactive impurities in final construction materials for EXO-200,” Nucl. Instrum. Meth. A 871, 169-179, arXiv:1703.10799 [physics.ins-det]."
U0255,B13,GONZALEZ-GARCIA,NAO,G055,OK,,1500944,N. Vinyoles et al.,"Vinyoles, N.",,2017,2017,2016-11-29,1611.09867,,"Astrophys.J.,835,202",A new Generation of Standard Solar Models,438,394,9,48.67,article,"N. Vinyoles et al., Astrophys. J. 835, 2, 202 (2017), [arXiv:1611.09867]."
U0256,B13,GONZALEZ-GARCIA,NAO,G125,OK,,1516801,P. Adamson et al. (NOvA),"Adamson, P.",,2017,2017,2017-03-09,1703.03328,,"Phys.Rev.Lett.,118,231801",Constraints on Oscillation Parameters from $\nu_e$ Appearance and $\nu_\mu$ Disappearance in NOvA,269,216,9,29.89,article,"P. Adamson et al. (NOvA), Phys. Rev. Lett. 118, 23, 231801 (2017), [arXiv:1703.03328]."
U0257,B13,AGOSTINI,NAO,A590,OK,,1634012,Poda,"Poda, Denys",2,2017,2017,2017-10-30,1711.01075,,"Int.J.Mod.Phys.A,32,1743012",Low background techniques in bolometers for double-beta decay search,58,31,9,6.44,article,"Poda, Denys, and Andrea Giuliani (2017), “Low background techniques in bolometers for double-beta decay search,” Int. J. Mod. Phys. A 32 (30), 1743012, arXiv:1711.01075 [physics.ins-det]."
U0258,B13,GONZALEZ-GARCIA,NAO,G207,OK,,1504945,R. Acciarri et al. (MicroBooNE),"Acciarri, R.",,2017,2017,2016-12-17,1612.05824,,"JINST,12,P02017",Design and Construction of the MicroBooNE Detector,631,271,9,70.11,article,"R. Acciarri et al. (MicroBooNE), JINST 12, 02, P02017 (2017), [arXiv:1612.05824]."
U0259,B13,GONZALEZ-GARCIA,NAO,G100,OK,,1373310,S. Ahmed et al. (ICAL),"Ahmed, S.",,2017,2017,2015-05-27,1505.07380,,"Pramana,88,79",Physics Potential of the ICAL detector at the India-based Neutrino Observatory (INO),318,97,9,35.33,article,"S. Ahmed et al. (ICAL), Pramana 88, 5, 79 (2017), [arXiv:1505.07380]."
U0260,B13,GONZALEZ-GARCIA,NAO,G223,OK,,1515697,S. Gariazzo et al.,"Gariazzo, S.",,2017,2017,2017-03-02,1703.00860,,"JHEP,06,135",Updated Global 3+1 Analysis of Short-BaseLine Neutrino Oscillations,306,273,9,34.0,article,"S. Gariazzo et al., JHEP 06, 135 (2017), [arXiv:1703.00860]."
U0261,B14,AGOSTINI,NAO,A667,OK,,1519192,Takahisa,"Takahisa, K.",9,2017,2017,2017-03-23,1703.08264,,"Phys.Rev.C,96,034327","Double charge exchange (11B,11Li) reaction for double beta decay response",29,24,9,3.22,article,"Takahisa, K, H. Ejiri, H. Akimune, H. Fujita, R. Matumiya, T. Ohta, T. Shima, M. Tanaka, and M. Yosoi (2017), “Double charge exchange (11 B,11 Li) reaction for double beta decay response,” arXiv:1703.08264."
U0262,B14,AGOSTINI,NAO,A709,OK,,1516198,Wang,"Wang, L.",,2017,2017,2017-03-06,1703.01877,,"Sci.China Phys.Mech.Astron.,60,071011",First results on 76Ge neutrinoless double beta decay from CDEX-1 experiment,26,10,9,2.89,article,"Wang, Li, et al. (CDEX) (2017), “First results on 76 Ge neutrinoless double beta decay from CDEX-1 experiment,” Sci. China Phys. Mech. Astron. 60 (7), 071011, arXiv:1703.01877 [hep-ex]."
U0268,B14,AGOSTINI,NAO,A035,OK,,1634658,Agostini,"Agostini, M.",,2018,2017,2017-11-04,1711.01452,,"Eur.Phys.J.C,78,388",Upgrade for Phase II of the GERDA Experiment,118,44,9,13.11,article,"Agostini, M, et al. (GERDA) (2018b), “Upgrade for Phase II of the Gerda experiment,” Eur. Phys. J. C78 (5), 388, arXiv:1711.01452 [physics.ins-det]."
U0269,B14,AGOSTINI,NAO,A057,OK,,1631977,Albert,"Albert, J.B.",,2018,2017,2017-10-20,1710.07670,,"Phys.Rev.D,97,072007",Search for nucleon decays with EXO-200,23,17,9,2.56,article,"Albert, J B, et al. (EXO-200) (2018), “Search for nucleon decays with EXO-200,” Phys. Rev. D 97 (7), 072007, arXiv:1710.07670 [hep-ex]."
U0270,B14,AGOSTINI,NAO,A061,OK,,1631986,Alduino,"Alduino, C.",,2018,2017,2017-10-22,1710.07988,,"Phys.Rev.Lett.,120,132501",First Results from CUORE: A Search for Lepton Number Violation via 0nubetabeta Decay of 130Te,393,278,9,43.67,article,"Alduino, C, et al. (CUORE) (2018), “First Results from CUORE: A Search for Lepton Number Violation via 0νββ Decay of 130 Te,” Phys. Rev. Lett. 120 (13), 132501, arXiv:1710.07988 [nucl-ex]."
U0273,B14,AGOSTINI,NAO,A156,OK,,1637417,Benato,"Benato, G.",,2018,2017,2017-11-21,1711.07936,,"JINST,13,P01010",Radon mitigation during the installation of the CUORE 0nubetabeta decay detector,27,12,9,3.0,article,"Benato, G, et al. (2018), “Radon mitigation during the installation of the CUORE 0νββ decay detector,” JINST 13 (01), P01010, arXiv:1711.07936 [physics.ins-det]."
U0276,B14,AGOSTINI,NAO,A264,OK,,1631362,Dell’Oro,"Dell'Oro, S.",3,2018,2017,2017-07-18,1710.06732,,,Testing creation of matter with neutrinoless double beta decay,4,2,9,0.44,proceedings,"Dell’Oro, S, S. Marcocci, and F. Vissani (2018b), “Testing creation of matter with neutrinoless double beta decay,” in Testing creation of matter with neutrinoless double beta decay, Vol. NEUTEL2017 (SISSA) p. 030, arXiv:1710.06732 [hep-ph]."
U0281,B15,AGOSTINI,NAO,A391,OK,,1644826,Guiseppe,"Guiseppe, V.E.",4,2018,2017,2017-12-21,1712.08167,,"AIP Conf.Proc.,1921,070003",A Review and Outlook for the Removal of Radon-Generated Po-210 Surface Contamination,9,9,9,1.0,conference paper,"Guiseppe, V E, C. D. Christofferson, K. R. Hair, and F. M. Adams (2018), “A Review and Outlook for the Removal of Radon-Generated Po-210 Surface Contamination,” AIP Conf. Proc. 1921 (1), 070003, arXiv:1712.08167 [physics.ins-det]."
U0286,B15,GONZALEZ-GARCIA,NAO,G094,OK,,1632446,K. Abe et al. (Super-Kamiokande),"Abe, K.",,2018,2017,2017-10-25,1710.09126,,"Phys.Rev.,D97,072001",Atmospheric neutrino oscillation analysis with external constraints in Super-Kamiokande I-IV,397,311,9,44.11,article,"K. Abe et al. (Super-Kamiokande), Phys. Rev. D97, 7, 072001 (2018), [arXiv:1710.09126]."
U0287,B15,AGOSTINI,NAO,A489,OK,,1644084,Lattanzi,"Lattanzi, M.",2,2018,2017,2017-12-19,1712.07109,,"Front.in Phys.,5,70",Status of neutrino properties and future prospects - Cosmological and astrophysical constraints,206,193,9,22.89,article,"Lattanzi, M, and M. Gerbino (2018), “Status of neutrino properties and future prospects - Cosmological and astrophysical constraints,” Front. in Phys. 5, 70, arXiv:1712.07109 [astro-ph.CO]."
U0289,B15,AGOSTINI,NAO,A526,OK,,1636186,McDonald,"McDonald, A.D.",,2018,2017,2017-11-13,1711.04782,,"Phys.Rev.Lett.,120,132504",Demonstration of Single Barium Ion Sensitivity for Neutrinoless Double Beta Decay using Single Molecule Fluorescence Imaging,73,23,9,8.11,article,"McDonald, A D, et al. (2018), “Demonstration of Single Barium Ion Sensitivity for Neutrinoless Double Beta Decay using Single Molecule Fluorescence Imaging,” Phys. Rev. Lett. 120 (13), 132504, arXiv:1711.04782 [physics.ins-det]."
U0292,B15,GONZALEZ-GARCIA,NAO,G092,OK,,1638990,Z. Li et al. (Super-Kamiokande),"Li, Z.",,2018,2017,2017-11-26,1711.09436,,"Phys.Rev.,D98,052006",Measurement of the tau neutrino cross section in atmospheric neutrino oscillations with Super-Kamiokande,130,95,9,14.44,article,"Z. Li et al. (Super-Kamiokande), Phys. Rev. D98, 5, 052006 (2018), [arXiv:1711.09436]."
U0332,B17,AGOSTINI,NAO,A669,OK,,1623879,Tanimura,Tanimura,9,2019,2017,2017-09-14,1709.05024,,"Mon.Not.Roy.Astron.Soc.,483,223",A Search for Warm/Hot Gas Filaments Between Pairs of SDSS Luminous Red Galaxies,133,102,9,14.78,article,"Tanimura, H, G. Hinshaw, I. G. McCarthy, L. Van Waerbeke, N. Aghanim, Y.-Z. Ma, A. Mead, A. Hojjati, and T. Tröster (2019), “A Search for Warm/Hot Gas Filaments Between Pairs of SDSS Luminous Red Galaxies,” Mon. Not. Roy. Astron. Soc. 483 (1), 223-234, arXiv:1709.05024 [astro-ph.CO]."
U0361,B19,GONZALEZ-GARCIA,NAO,G071,OK,,1621429,M. Agostini et al. (Borexino),M. Agostini et al. (Borexino),,2020,2017,2017-09-03,1709.00756,,"Phys.Rev.D 101, 062001",Improved measurement of 8B solar neutrinos with 1.5 kt·y of Borexino exposure,133,80,9,14.78,article,"M. Agostini et al. (Borexino), Phys. Rev. D 101, 6, 062001 (2020), [arXiv:1709.00756]."
U0795,B40,AGOSTINI,NAO,A043,OK,,1508862,Ahmed,Ahmed,3,2017,2017,2017-01-11,,,"Phys. Lett. B 769, 299-304",Interference between light and heavy neutrinos for 0νββ decay in the left–right symmetric model,15,7,9,1.67,article,"Ahmed, F, A. Neacsu, and M. Horoi (2017), “Interference between light and heavy neutrinos for 0νββ decay in the left-right symmetric model,” Phys. Lett. B 769, 299-304."
U0796,B40,AGOSTINI,NAO,A128,OK,,1606284,Bandac,Bandac,7,2017,2017,2017-08,,,"Appl. Radiat. Isot. 126, 127-129",Ultra-low background and environmental measurements at Laboratorio Subterráneo de Canfranc (LSC),18,15,9,2.0,article,"Bandac, I, S. Borjabad, A. Ianni, R. Nuñez Lagos, C. Pérez, S. Rodrı́guez, and J. A. Villar (2017), “Ultra-low background and environmental measurements at Laboratorio Subterráneo de Canfranc (LSC),” Appl. Radiat. Isot. 126, 127-129."
U0797,B40,AGOSTINI,NAO,A201,OK,,1765192,Calvez,Calvez,1,2017,2017,2017-09-21,,,,Development of reconstruction tools and sensitivity of the SuperNEMO demonstrator,0,0,9,0.0,thesis,"Calvez, S (2017), Development of reconstruction tools and sensitivity of the SuperNEMO demonstrator, Ph.D. thesis (Université Paris Saclay)."
U0798,B40,AGOSTINI,NAO,A224,OK,,1620923,Cirigliano,Cirigliano,5,2017,2017,2017-08-30,,,"JHEP 12, 082",Neutrinoless double beta decay in chiral effective field theory: lepton number violation at dimension seven,143,108,9,15.89,article,"Cirigliano, V, W. Dekens, J. de Vries, M. L. Graesser, and E. Mereghetti (2017), “Neutrinoless double beta decay in chiral effective field theory: lepton number violation at dimension seven,” JHEP 12, 082."
U0800,B40,AGOSTINI,NAO,A338,OK,,1633487,Freeman,Freeman,,2017,2017,2017-10-30,,,"Phys. Rev. C 96, 054325",Experimental study of the rearrangements of valence protons and neutrons amongst single-particle orbits during double-β decay in ¹⁰⁰Mo,35,29,9,3.89,article,"Freeman, S J, et al. (2017), “Experimental study of the rearrangements of valence protons and neutrons amongst single-particle orbits during double-β decay in 100Mo,” Phys. Rev. C 96, 054325."
U0802,B41,AGOSTINI,NAO,A395,OK,,1515620,Haaranen,Haaranen,3,2017,2017,2017-02-28,,,"Phys. Rev. C 95, 024327",Spectrum-shape method and the next-to-leading-order terms of the β-decay shape factor,78,38,9,8.67,article,"Haaranen, M, J. Kotila, and J. Suhonen (2017), “Spectrumshape method and the next-to-leading-order terms of the β-decay shape factor,” Phys. Rev. C 95, 024327."
U0803,B41,AGOSTINI,NAO,A447,OK,,1609812,Jiao,Jiao,3,2017,2017,2017-07-12,,,"Phys. Rev. C 96, 054310",Neutrinoless double-beta decay matrix elements in large shell-model spaces with the generator-coordinate method,64,46,9,7.11,article,"Jiao, C F, J. Engel, and J. D. Holt (2017), “Neutrinoless double-beta decay matrix elements in large shell-model spaces with the generator-coordinate method,” Phys. Rev. C 96, 054310."
U0805,B41,AGOSTINI,NAO,A474,OK,,1592224,Kostensalo,Kostensalo,3,2017,2017,2017-04-12,,,"Phys. Rev. C 95, 044313",Electron spectra in forbidden β decays and the quenching of the weak axial-vector coupling constant gA,56,32,9,6.22,article,"Kostensalo, J, M. Haaranen, and J. Suhonen (2017), “Electron spectra in forbidden β decays and the quenching of the weak axial-vector coupling constant gA,” Phys. Rev. C 95, 044313."
U0806,B41,AGOSTINI,NAO,A475,OK,,1618081,Kostensalo,Kostensalo,2,2017,2017,2017-08-21,,,"Phys. Rev. C 96, 024317",gA -driven shapes of electron spectra of forbidden β decays in the nuclear shell model,40,23,9,4.44,article,"Kostensalo, J, and J. Suhonen (2017), “gA -driven shapes of electron spectra of forbidden β decays in the nuclear shell model,” Phys. Rev. C 96, 024317."
U0808,B41,AGOSTINI,NAO,A490,OK,,1634015,Laubenstein,Laubenstein,1,2017,2017,2017-10-30,,,"International Journal of Modern Physics A 32, 1743002",Screening of materials with high purity germanium detectors at the Laboratori Nazionali del Gran Sasso,56,31,9,6.22,article,"Laubenstein, M (2017), “Screening of materials with high purity germanium detectors at the laboratori nazionali del gran sasso,” International Journal of Modern Physics A 32, 1743002."
U0809,B41,AGOSTINI,NAO,A561,OK,,1634014,Nisi,Nisi,4,2017,2017,2017-10-23,,,"Int. J. Mod. Phys. A 32 (30), 1743003",ICP-MS measurement of natural radioactivity at LNGS,24,17,9,2.67,article,"Nisi, S, L. Copia, I. Dafinei, and M. L. Di Vacri (2017), “ICP- MS measurement of natural radioactivity at LNGS,” Int. J. Mod. Phys. A 32 (30), 1743003."
U0810,B41,AGOSTINI,NAO,A596,OK,,1608244,Poves,Poves,1,2017,2017,2017-06-29,,,"J. Phys. G 44, 084002",Shell model spectroscopy far from stability,13,11,9,1.44,article,"Poves, A (2017), “Shell model spectroscopy far from stability,” J. Phys. G 44, 084002."
U0811,B41,AGOSTINI,NAO,A598,OK,,1513596,Povinec,Povinec,1,2017,2017,2017-02-11,,,"Nucl. Instrum. Meth. A 845, 398-403",Background constrains of the SuperNEMO experiment for neutrinoless double beta-decay searches,20,12,9,2.22,article,"Povinec, P P (SuperNEMO) (2017), “Background constrains of the SuperNEMO experiment for neutrinoless double beta-decay searches,” Nucl. Instrum. Meth. A 845, 398- 403."
U0812,B41,AGOSTINI,NAO,A644,NAO_ENCONTRADO,,,Shimizu,Shimizu,8,2017,,,,,"Phys. Scripta 92, 063001",Monte Carlo shell model studies with massively parallel supercomputers,,,9,,article,"Shimizu, N, T. Abe, M. Honma, T. Otsuka, T. Togashi, Y. Tsunoda, Y. Utsuno, and T. Yoshida (2017), “Monte Carlo shell model studies with massively parallel supercomputers,” Phys. Scripta 92, 063001."
U0813,B41,AGOSTINI,NAO,A647,OK,,1625658,Shirai,Shirai,1,2017,2017,2017-09-20,,,"J. Phys. Conf. Ser. 888 (1), 012031",Results and future plans for the KamLAND-Zen experiment,44,44,9,4.89,article,"Shirai, J (KamLAND-Zen) (2017), “Results and future plans for the KamLAND-Zen experiment,” J. Phys. Conf. Ser. 888 (1), 012031."
U0814,B41,AGOSTINI,NAO,A653,OK,,1512605,Song,Song,4,2017,2017,2017-02-07,,,"Phys. Rev. C 95, 024305",Nuclear matrix element of neutrinoless double-β decay: Relativity and short-range correlations,118,102,9,13.11,article,"Song, L S, J. M. Yao, P. Ring, and J. Meng (2017), “Nuclear matrix element of neutrinoless double-β decay: Relativity and short-range correlations,” Phys. Rev. C 95, 024305."
U0816,B41,AGOSTINI,NAO,A663,OK,,1639347,Suhonen,Suhonen,1,2017,2017,2017-11-16,,,"Front.in Phys. 5, 55",Value of the Axial-Vector Coupling Strength in β and ββ Decays: A Review,211,155,9,23.44,article,"Suhonen, J T (2017), “Value of the Axial-Vector Coupling Strength in β and ββ Decays: A Review,” Front.in Phys. 5, 55."
U0817,B41,AGOSTINI,NAO,A723,OK,,1634019,Wojcik,Wojcik,3,2017,2017,2017-10-30,,,"Int. J. Mod. Phys. A 32 (30), 1743004",Review of high-sensitivity Radon studies,21,15,9,2.33,article,"Wojcik, M, G. Zuzel, and H. Simgen (2017), “Review of highsensitivity Radon studies,” Int. J. Mod. Phys. A 32 (30), 1743004."
U0822,B42,AGOSTINI,NAO,A223,OK,,1628814,Cirigliano,Cirigliano,4,2018,2017,2017-10-04,,,"Phys. Rev. C 97, 065501",Neutrinoless double-β decay in effective field theory: The light-Majorana neutrino-exchange mechanism,106,84,9,11.78,article,"Cirigliano, V, W. Dekens, E. Mereghetti, and A. Walker-Loud (2018b), “Neutrinoless double-β decay in effective field theory: The light-Majorana neutrino-exchange mechanism,” Phys. Rev. C 97, 065501."
U0825,B42,AGOSTINI,NAO,A244,OK,,1632045,Cruz-Torres,Cruz-Torres,8,2018,2017,2017-10-22,,,"Phys. Lett. B 785, 304-308",Short range correlations and the isospin dependence of nuclear correlation functions,43,27,9,4.78,article,"Cruz-Torres, R, A. Schmidt, G. A. Miller, L. B. Weinstein, N. Barnea, R. Weiss, E. Piasetzky, and O. Hen (2018), “Short range correlations and the isospin dependence of nuclear correlation functions,” Phys. Lett. B 785, 304-308."
U0827,B42,AGOSTINI,NAO,A267,OK,,1639292,Deppisch,Deppisch,4,2018,2017,2017-11-28,,,"Phys. Rev. D 98, 055029",Neutrinoless Double Beta Decay and the Baryon Asymmetry of the Universe,89,57,9,9.89,article,"Deppisch, F F, L. Graf, J. Harz, and W.-C. Huang (2018), “Neutrinoless Double Beta Decay and the Baryon Asymmetry of the Universe,” Phys. Rev. D 98, 055029."
U0829,B42,AGOSTINI,NAO,A339,OK,,1599969,Freer,Freer,5,2018,2017,2017-05-17,,,"Rev. Mod. Phys. 90, 035004",Microscopic Clustering in Light Nuclei,366,309,9,40.67,review,"Freer, M, H. Horiuchi, Y. Kanada-En’yo, D. Lee, and U.-G. Meißner (2018), “Microscopic Clustering in Light Nuclei,” Rev. Mod. Phys. 90, 035004."
U0833,B42,AGOSTINI,NAO,A448,OK,,1623926,Jiao,Jiao,3,2018,2017,2017-09-15,,,"Phys. Rev. C 98, 064324","Neutrinoless double-β decay of ¹²⁴Sn, ¹³⁰Te, and ¹³⁶Xe in the Hamiltonian-based generator-coordinate method",29,23,9,3.22,article,"Jiao, C F, M. Horoi, and A. Neacsu (2018), “Neutrinoless double-β decay of 124Sn, 130Te, and 136Xe in the Hamiltonian-based generator-coordinate method,” Phys. Rev. C 98, 064324."
U0835,B42,AGOSTINI,NAO,A510,OK,,1625781,Lonardoni,Lonardoni,7,2018,2017,2017-09-26,,,"Phys. Rev. Lett. 120, 122502",Properties of nuclei up to A=16 using local chiral interactions,109,78,9,12.11,article,"Lonardoni, D, J. Carlson, S. Gandolfi, J. E. Lynn, K. E. Schmidt, A. Schwenk, and X. Wang (2018), “Properties of nuclei up to A = 16 using local chiral interactions,” Phys. Rev. Lett. 120, 122502."
U0837,B42,AGOSTINI,NAO,A547,OK,,1622547,Morris,Morris,10,2018,2017,2017-09-08,,,"Phys. Rev. Lett. 120, 152503",Structure of the lightest tin isotopes,248,141,9,27.56,article,"Morris, T D, J. Simonis, S. R. Stroberg, C. Stumpf, G. Hagen, J. D. Holt, G. R. Jansen, T. Papenbrock, R. Roth, and A. Schwenk (2018), “Structure of the lightest tin isotopes,” Phys. Rev. Lett. 120, 152503."
U0838,B42,AGOSTINI,NAO,A580,OK,,1623055,Pastore,Pastore,7,2018,2017,2017-09-11,,,"Phys. Rev. C 97 (2), 022501",Quantum Monte Carlo calculations of weak transitions in A=6-10 nuclei,98,72,9,10.89,article,"Pastore, S, A. Baroni, J. Carlson, S. Gandolfi, S. C. Pieper, R. Schiavilla, and R. B. Wiringa (2018a), “Quantum Monte Carlo calculations of weak transitions in A = 6-10 nuclei,” Phys. Rev. C 97 (2), 022501."
U0839,B42,AGOSTINI,NAO,A581,OK,,1630641,Pastore,Pastore,6,2018,2017,2017-10-13,,,"Phys. Rev. C 97, 014606",Neutrinoless double-β decay matrix elements in light nuclei,86,55,9,9.56,article,"Pastore, S, J. Carlson, V. Cirigliano, W. Dekens, E. Mereghetti, and R. B. Wiringa (2018b), “Neutrinoless double-β decay matrix elements in light nuclei,” Phys. Rev. C 97, 014606."
U0841,B43,AGOSTINI,NAO,A645,OK,,1621590,Shimizu,"Shimizu, N",3,2018,2017,2017-09-04,,,"Phys. Rev. Lett. 120, 142502",Double Gamow-Teller Transitions and its Relation to Neutrinoless ββ Decay,103,86,9,11.44,article,"Shimizu, N, J. Menéndez, and Kentaro Yako (2018), “Double Gamow-Teller Transitions and its Relation to Neutrinoless ββ Decay,” Phys. Rev. Lett. 120, 142502."
U0952,B49,AGOSTINI,NAO,A470,NAO_ENCONTRADO,,,Klein,"Klein, J.",,2017,,,,,,,,,9,,,"Klein, J (2017), personal communication."
U0953,B49,AGOSTINI,NAO,A687,OK,,1617808,Van Isacker,"Van Isacker, P.",3,2017,2017,2017-08-19,,,"Phys.Rev.C 96, 064305",Neutron-proton pairing and double-beta decay in the interacting boson model,18,14,9,2.0,article,"Van Isacker, P, J. Engel, and K. Nomura (2017), “Neutronproton pairing and double-β decay in the interacting boson model,” Phys. Rev. C 96, 064305."
U0955,B49,AGOSTINI,NAO,A232,OK,,1617809,Coello Pérez,"Coello Pérez, E.A.",3,2018,2017,2017-08-21,,,"Phys.Rev.C 98, 045501",Gamow-Teller and double-β decays of heavy nuclei within an effective theory,25,18,9,2.78,article,"Coello Pérez, E A, J. Menéndez, and A. Schwenk (2018), “Gamow-Teller and double-β decays of heavy nuclei within an effective theory,” Phys. Rev. C 98, 045501."
U0957,B49,AGOSTINI,NAO,A532,OK,,1666363,Menéndez,"Menéndez, J.",1,2018,2017,2017-12-13,,,"J.Phys.G 45, 014003",Neutrinoless ββ decay mediated by the exchange of light and heavy neutrinos: The role of nuclear structure correlations,124,107,9,13.78,article,"Menéndez, J (2018), “Neutrinoless ββ decay mediated by the exchange of light and heavy neutrinos: The role of nuclear structure correlations,” J. Phys. G 45, 014003."
U0961,B49,AGOSTINI,NAO,A380,OK,,1627851,de Graaff,"de Graaff, A.",4,2019,2017,2017-09-29,1709.10378,,"Astron.Astrophys. 624, A48",Probing the missing baryons with the Sunyaev-Zel'dovich effect from filaments,196,190,9,21.78,article,"de Graaff, A, Y.-C. Cai, C. Heymans, and J. A. Peacock (2019), “Probing the missing baryons with the Sunyaev- Zel’dovich effect from filaments,” Astron. Astrophys. 624, A48, arXiv:1709.10378 [astro-ph.CO]."
U0266,B14,AGOSTINI;GONZALEZ-GARCIA,SIM,A023;G120,OK,,1667682,Agafonova,"Agafonova, N.",,2018,2018,2018-04-13,1804.04912,,"Phys.Rev.Lett.,120,211801",Final Results of the OPERA Experiment on nu_tau Appearance in the CNGS Neutrino Beam,238,173,8,29.75,article,"Agafonova, N, et al. (OPERA) (2018), “Final results of the opera experiment on ν τ appearance in the cngs neutrino beam,” Phys.Rev.Lett. 120 (21), 211801, [Erratum: Phys.Rev.Lett. 121, 139901 (2018)], arXiv:1804.04912 [hep-ex]."
U0267,B14,AGOSTINI,NAO,A024;A025,OK,,1682902,Aghanim,"Aghanim, N.",,2018,2018,2018-07-17,1807.06209,,,Planck 2018 results. VI. Cosmological parameters,23108,21596,8,2888.5,article,"Aghanim, N, et al. (Planck) (2018), “Planck 2018 results. VI. Cosmological parameters,” arXiv:1807.06209 [astro-ph.CO]."
U0271,B14,AGOSTINI,NAO,A069,OK,,1651234,Alvis,"Alvis, S.I.",,2018,2018,2018-01-30,1801.10145,,"Phys.Rev.Lett.,120,211804",First Limit on the Direct Detection of Lightly Ionizing Particles for Electric Charge as Low as e/1000 with the Majorana Demonstrator,74,50,8,9.25,article,"Alvis, S I, et al. (Majorana) (2018), “First Limit on the Direct Detection of Lightly Ionizing Particles for Electric Charge as Low as e/1000 with the Majorana Demonstrator,” Phys. Rev. Lett. 120 (21), 211804, arXiv:1801.10145 [hep-ex]."
U0272,B14,AGOSTINI,NAO,A135,OK,,1703679,Barabash,"Barabash, A.S.",,2018,2018,2018-11-12,1811.06398,,"Phys.Rev.D,98,092007",Final results of the Aurora experiment to study 2beta decay of 116Cd with enriched 116CdWO4 crystal scintillators,87,55,8,10.88,article,"Barabash, AS, et al. (2018), “Final results of the Aurora experiment to study 2β decay of 116 Cd with enriched CdWO4 crystal scintillators,” Phys. Rev. D 98 (9), 092007, arXiv:1811.06398 [nucl-ex]."
U0274,B14,AGOSTINI,NAO,A187,OK,,1647564,Brofferio,"Brofferio, C.",2,2018,2018,2018-01-10,1801.03580,,"Rev.Sci.Instrum.,89,121502",The saga of neutrinoless double beta decay search with TeO2 thermal detectors,29,17,8,3.62,article,"Brofferio, C, and S. Dell’Oro (2018), “Contributed Review: The saga of neutrinoless double beta decay search with T eO2 thermal detectors,” Rev. Sci. Instrum. 89 (12), 121502, arXiv:1801.03580 [hep-ex]."
U0275,B14,AGOSTINI,NAO,A260,OK,,1670012,Delaquis,"Delaquis, S.",,2018,2018,2018-04-25,1804.09641,,"JINST,13,P08023",Deep Neural Networks for Energy and Position Reconstruction in EXO-200,52,41,8,6.5,article,"Delaquis, S, et al. (EXO) (2018), “Deep Neural Networks for Energy and Position Reconstruction in EXO-200,” JINST 13 (08), P08023, arXiv:1804.09641 [physics.ins-det]."
U0277,B14,AGOSTINI;GONZALEZ-GARCIA,SIM,A265;G224,OK,,1664547,Dentler,"Dentler, M.",7,2018,2018,2018-03-28,1803.10661,,"JHEP,08,010",Updated Global Analysis of Neutrino Oscillations in the Presence of eV-Scale Sterile Neutrinos,461,401,8,57.62,article,"Dentler, M, A. Hernandez-Cabezudo, J. Kopp, P. A.N. Machado, M. Maltoni, I. Martinez-Soler, and T. Schwetz (2018), “Updated global analysis of neutrino oscillations in the presence of ev-scale sterile neutrinos,” JHEP 08, 010, arXiv:1803.10661 [hep-ph]."
U0278,B14,GONZALEZ-GARCIA,NAO,G148,OK,,1676077,G. Bak et al. (RENO),"Bak, G.",,2018,2018,2018-06-01,1806.00248,,"Phys.Rev.Lett.,121,201801",Measurement of Reactor Antineutrino Oscillation Amplitude and Frequency at RENO,281,267,8,35.12,article,"G. Bak et al. (RENO), Phys. Rev. Lett. 121, 20, 201801 (2018), [arXiv:1806.00248]."
U0279,B14,AGOSTINI,NAO,A374,OK,,1682984,Gooding,"Gooding, D.",5,2018,2018,2018-07-17,1807.06634,,,Light Yield of Perovskite Nanocrystal-Doped Liquid Scintillator,4,4,8,0.5,article,"Gooding, D, J. Gruszko, C. Grant, B. Naranjo, and L. Winslow (2018), “Light Yield of Perovskite Nanocrystal- Doped Liquid Scintillator,” arXiv:1807.06634 [physics.insdet]."
U0280,B14,AGOSTINI,NAO,A383,OK,,1678102,Graf,"Graf, L.",4,2018,2018,2018-06-15,,,"Phys.Rev.D,98,095023",Short-Range Neutrinoless Double Beta Decay Mechanisms,73,40,8,9.12,article,"Graf, L, F. F. Deppisch, F. Iachello, and J. Kotila (2018), “Short-Range Neutrinoless Double Beta Decay Mechanisms,” Phys. Rev. D 98, 095023."
U0282,B15,AGOSTINI,NAO,A392,OK,,1665534,Guzowski,"Guzowski, P.",1,2018,2018,2018-04-01,1804.00280,,,The first ever search for neutrinoless quadruple beta decay,2,2,8,0.25,conference paper,"Guzowski, P (NEMO-3) (2018), “The first ever search for neutrinoless quadruple beta decay,” in Prospects in Neutrino Physics, pp. 154-158, arXiv:1804.00280 [hep-ex]."
U0283,B15,GONZALEZ-GARCIA,NAO,G162,OK,,1667194,I. Alekseev et al. (DANSS),"Alekseev, I.",,2018,2018,2018-04-11,1804.04046,,"Phys.Lett.,B787,56",Search for sterile neutrinos at the DANSS experiment,284,251,8,35.5,article,"I. Alekseev et al. (DANSS), Phys. Lett. B787, 56 (2018), [arXiv:1804.04046]."
U0284,B15,GONZALEZ-GARCIA,NAO,G246,OK,,1685172,J. Renner et al. (NEXT),"Renner, J.",,2018,2018,2018-08-06,1808.01804,,"JINST,13,P10020",Initial results on energy resolution of the NEXT-White detector,30,7,8,3.75,article,"J. Renner et al. (NEXT), JINST 13, 10, P10020 (2018), [arXiv:1808.01804]."
U0285,B15,GONZALEZ-GARCIA,NAO,G101,OK,,1672899,K. Abe et al. (Hyper-Kamiokande) (2018),"Abe, K.",,2018,2018,2018-05-09,1805.04163,,,Hyper-Kamiokande Design Report,1494,1149,8,186.75,report,"K. Abe et al. (Hyper-Kamiokande) (2018), [arXiv:1805.04163]."
U0288,B15,AGOSTINI,NAO,A518,OK,,1696419,Marsh,"Marsh, B.A.",,2018,2018,2018-10-01,,,"Nature Phys.,14,1163",Characterization of the shape-staggering effect in mercury nuclei,141,87,8,17.62,article,"Marsh, B A, et al. (2018), “Characterization of the shapestaggering effect in mercury nuclei,” Nature Phys. 14, 1163-1167."
U0290,B15,AGOSTINI,NAO,A545,OK,,1666884,Monrabal,"Monrabal, F.",,2018,2018,2018-04-06,1804.02409,,"JINST,13,P12010",The Next White (NEW) Detector,74,13,8,9.25,article,"Monrabal, F, et al. (NEXT) (2018), “The Next White (NEW) Detector,” JINST 13 (12), P12010, arXiv:1804.02409 [physics.ins-det]."
U0291,B15,AGOSTINI,NAO,A567,OK,,1648151,Nygren,"Nygren, D.R.",6,2018,2018,2018-01-14,1801.04513,,"JINST,13,P03015",Neutrinoless Double Beta Decay with 82SeF6 and Direct Ion Imaging,24,20,8,3.0,article,"Nygren, D R, B. J. P. Jones, N. López-March, Y. Mei, F. Psihas, and J. Renner (2018), “Neutrinoless Double Beta Decay with 82 SeF6 and Direct Ion Imaging,” JINST 13 (03), P03015, arXiv:1801.04513 [physics.ins-det]."
U0293,B15,GONZALEZ-GARCIA,NAO,G095,OK,,1710363,A. Albert et al. (ANTARES),"Albert, A.",,2019,2018,2018-12-20,1812.08650,,"JHEP,06,113",Measuring the atmospheric neutrino oscillation parameters and constraining the 3+1 neutrino model with ten years of ANTARES data,94,66,8,11.75,article,"A. Albert et al. (ANTARES), JHEP 06, 113 (2019), [arXiv:1812.08650]."
U0294,B15,GONZALEZ-GARCIA,NAO,G166,OK,,1695828,A. P. Serebrov et al. (NEUTRINO-4),"Serebrov, A.P.",,2019,2018,2018-09-27,1809.10561,,"Pisma Zh.Eksp.Teor.Fiz.,109,209",First Observation of the Oscillation Effect in the Neutrino-4 Experiment on the Search for the Sterile Neutrino,134,130,8,16.75,article,"A. P. Serebrov et al. (NEUTRINO-4), Pisma Zh. Eksp. Teor. Fiz. 109, 4, 209 (2019), [JETP Lett.109,no.4,213(2019)], [arXiv:1809.10561]."
U0299,B15,AGOSTINI,NAO,A071,OK,,1706867,Alvis,"Alvis, S.I.",,2019,2018,2018-12-03,1812.01090,,"Phys.Rev.,D99,072004",Search for trinucleon decay in the Majorana Demonstrator,29,11,8,3.62,article,"Alvis, S I, et al. (Majorana) (2019b), “Search for trinucleon decay in the Majorana Demonstrator,” Phys. Rev. D 99 (7), 072004, arXiv:1812.01090 [hep-ex]."
U0310,B16,AGOSTINI,NAO,A215,OK,,1680016,Chambers,"Chambers, C.",,2019,2018,2018-06-27,1806.10694,,"Nature,569,203",Imaging individual Ba atoms in solid xenon for barium tagging in nEXO,44,24,8,5.5,article,"Chambers, C, et al. (nEXO) (2019), “Imaging individual barium atoms in solid xenon for barium tagging in nEXO,” Nature 569 (7755), 203-207, arXiv:1806.10694 [physics.insdet]."
U0311,B16,GONZALEZ-GARCIA,NAO,G143,OK,,1692396,D. Adey et al. (Daya Bay),"Adey, D.",,2019,2018,2018-08-31,1808.10836,,"Phys.Rev.D,100,052004",Improved Measurement of the Reactor Antineutrino Flux at Daya Bay,77,36,8,9.62,article,"D. Adey et al. (Daya Bay), Phys. Rev. D 100, 5, 052004 (2019), [arXiv:1808.10836]."
U0319,B16,AGOSTINI,NAO,A390,OK,,1705389,Gruszko,"Gruszko, J.",8,2019,2018,2018-11-27,1811.11144,,"JINST,14,P02005",Detecting Cherenkov light from 1-2 MeV electrons in linear alkylbenzene,32,23,8,4.0,article,"Gruszko, J, B. Naranjo, B. Daniel, A. Elagin, D. Gooding, C. Grant, J. Ouellet, and L. Winslow (2019), “Detecting Cherenkov light from 1-2 MeV electrons in linear alkylbenzene,” JINST 14 (02), P02005, arXiv:1811.11144 [physics.ins-det]."
U0320,B16,AGOSTINI,NAO,A394,OK,,1704652,Ha,"Ha, C.",,2019,2018,2018-11-22,1811.09344,,"Phys.Rev.Lett.,122,131802",First Direct Search for Inelastic Boosted Dark Matter with COSINE-100,42,30,8,5.25,article,"Ha, C, et al. (COSINE-100) (2019), “First Direct Search for Inelastic Boosted Dark Matter with COSINE-100,” Phys. Rev. Lett. 122 (13), 131802, arXiv:1811.09344 [astro-ph.IM]."
U0321,B17,AGOSTINI,NAO,A459,OK,,1705720,Kaptanoglu,Kaptanoglu,3,2019,2018,2018-11-28,1811.11587,,"JINST,14,T05001",Cherenkov and Scintillation Light Separation Using Wavelength in LAB Based Liquid Scintillator,43,31,8,5.38,article,"Kaptanoglu, T, M. Luo, and J. Klein (2019), “Cherenkov and Scintillation Light Separation Using Wavelength in LAB Based Liquid Scintillator,” JINST 14 (05), T05001, arXiv:1811.11587 [physics.ins-det]."
U0328,B17,GONZALEZ-GARCIA,NAO,G115,OK,,1687433,N. Abgrall et al. (NA61/SHINE),N. Abgrall,,2019,2018,2018-08-14,1808.04927,,"Eur.Phys.J.C,79,100","Measurements of pi+/-, K+/- and proton yields from the surface of the T2K replica target for incoming 31 GeV/c protons with the NA61/SHINE spectrometer at the CERN SPS",75,37,8,9.38,article,"N. Abgrall et al. (NA61/SHINE), Eur. Phys. J. C 79, 2, 100 (2019), [arXiv:1808.04927]."
U0331,B17,AGOSTINI,NAO,A638,OK,,1707954,Senjanovic,Senjanovic,2,2019,2018,2018-12-10,1812.03790,,"Phys.Rev.D,100,115031",Disentangling the seesaw mechanism in the minimal left-right symmetric model,38,29,8,4.75,article,"Senjanovic, Goran, and Vladimir Tello (2019), “Disentangling the seesaw mechanism in the minimal left-right symmetric model,” Phys. Rev. D 100 (11), 115031, arXiv:1812.03790 [hep-ph]."
U0818,B41,AGOSTINI,NAO,A034,OK,,1700565,Agostini,Agostini,,2018,2018,2018-10-24,,,"Nature 562 (7728), 505-510",Comprehensive measurement of $pp$-chain solar neutrinos,349,245,8,43.62,article,"Agostini, M, et al. (BOREXINO) (2018a), “Comprehensive measurement of pp-chain solar neutrinos,” Nature 562 (7728), 505-510."
U0819,B41,AGOSTINI,NAO,A106,OK,,1691857,Auerbach,Auerbach,2,2018,2018,2018-08-27,,,"Phys. Rev. C 98, 064301",Nuclear structure studies of double-charge-exchange Gamow-Teller strength,12,10,8,1.5,article,"Auerbach, N, and Bui Minh Loc (2018), “Nuclear structure studies of double-charge-exchange Gamow-Teller strength,” Phys. Rev. C 98, 064301."
U0820,B41,AGOSTINI,NAO,A203,OK,,1673126,Cappuzzello,Cappuzzello,,2018,2018,2018-05-08,,,"Eur. Phys. J. A 54, 72",The NUMEN project: NUclear Matrix Elements for Neutrinoless double beta decay,188,34,8,23.5,article,"Cappuzzello, F, et al. (2018), “The NUMEN project: NUclear Matrix Elements for Neutrinoless double beta decay,” Eur. Phys. J. A 54, 72."
U0821,B42,AGOSTINI,NAO,A222,OK,,1657912,Cirigliano,Cirigliano,7,2018,2018,2018-02-27,,,"Phys. Rev. Lett. 120, 202001",New Leading Contribution to Neutrinoless Double-β Decay,207,155,8,25.88,article,"Cirigliano, V, W. Dekens, J. De Vries, M. L. Graesser, E. Mereghetti, Saori Pastore, and Ubirajara Van Kolck (2018a), “New Leading Contribution to Neutrinoless Double-β Decay,” Phys. Rev. Lett. 120, 202001."
U0823,B42,AGOSTINI,NAO,A225,OK,,1676798,Cirigliano,Cirigliano,5,2018,2018,2018-06-07,,,"JHEP 12, 097",A neutrinoless double beta decay master formula from effective field theory,187,151,8,23.38,article,"Cirigliano, V, W. Dekens, J. de Vries, M. L. Graesser, and E. Mereghetti (2018c), “A neutrinoless double beta decay master formula from effective field theory,” JHEP 12, 097."
U0824,B42,AGOSTINI,NAO,A229,OK,,1706663,Clemenza,Clemenza,1,2018,2018,2018-11-09,,10.1007/s10967-018-6333-z,J. Radioanal. Nucl. Chem.,Low background neutron activation: a high sensitivity technique for long-lived radionuclides determination in rare events physics experiments,8,7,8,1.0,article,"Clemenza, M (2018), “Low background neutron activation: a high sensitivity technique for long-lived radionuclides determination in rare events physics experiments,” Journal of Radioanalytical and Nuclear Chemistry 10.1007/s10967- 018-6333-z."
U0826,B42,AGOSTINI,NAO,A263,OK,,1683618,Dell’Oro,Dell’Oro,3,2018,2018,2018-07-19,,,"J. Phys. Conf. Ser. 1056, 012059",Search for creation of electrons in lab,4,0,8,0.5,proceedings,"Dell’Oro, S, S. Marcocci, and F. Vissani (2018a), “Search for creation of electrons in lab,” in Search for creation of electrons in lab, Vol. 1056, p. 012059."
U0828,B42,AGOSTINI,NAO,A316,OK,,1664321,Fang,Fang,3,2018,2018,2018-03-24,,,"Phys. Rev. C 97, 045503",0νββ-decay nuclear matrix element for light and heavy neutrino mass mechanisms from deformed QRPA,118,100,8,14.75,article,"Fang, D-L, A. Faessler, and F. Šimkovic (2018), “0νββ-decay nuclear matrix element for light and heavy neutrino mass mechanisms from deformed quasiparticle random-phase approximation calculations for 76 Ge, 82 Se, 130 Te, 136 Xe , and Nd with isospin restoration,” Phys. Rev. C 97, 045503."
U0830,B42,AGOSTINI,NAO,A340,OK,,1699484,Frekers,Frekers,2,2018,2018,2018-10-22,,,"Eur. Phys. J. A 54, 177",Charge-exchange reactions and the quest for resolution,55,53,8,6.88,review,"Frekers, D, and M. Alanssari (2018), “Charge-exchange reactions and the quest for resolution,” Eur. Phys. J. A 54, 177."
U0831,B42,AGOSTINI,NAO,A372,NAO_ENCONTRADO,,,Gonokami,Gonokami,1,2018,,,,,,Statement from the president of the university of tokyo concerning the start of hyperkamiokande,,,8,,,"Gonokami, M (2018), “Statement from the president of the university of tokyo concerning the start of hyperkamiokande,” https://www.hyperk.org/?p=365, accessed 2021 December."
U0832,B42,AGOSTINI,NAO,A433,OK,,1648168,Horoi,Horoi,2,2018,2018,2018-01-13,,,"Phys. Rev. C 98, 035502",Shell model study of using an effective field theory for disentangling several contributions to neutrinoless double-β decay,34,19,8,4.25,article,"Horoi, M, and A. Neacsu (2018), “Shell model study of using an effective field theory for disentangling several contributions to neutrinoless double-β decay,” Phys. Rev. C 98, 035502."
U0834,B42,AGOSTINI,NAO,A462,NAO_ENCONTRADO,,,Kishimoto,Kishimoto,1,2018,,,,,,CANDLES for the study of 48 Ca double beta decay and its future prospect,,,8,,,"Kishimoto, T (CANDLES) (2018), “CANDLES for the study of 48 Ca double beta decay and its future prospect,” DBD18 workshop, Waikoloa HI, US."
U0836,B42,GONZALEZ-GARCIA,NAO,G067,OK,U0818,1700565,M. Agostini et al. (BOREXINO),M. Agostini et al. (BOREXINO),,2018,2018,2018-10-24,,,"Nature 562, 505 (issue 7728)",Comprehensive measurement of pp-chain solar neutrinos,349,245,8,43.62,article,"M. Agostini et al. (BOREXINO), Nature 562, 7728, 505 (2018)."
U0840,B42,AGOSTINI,NAO,A634,OK,,1677163,Santopinto,Santopinto,4,2018,2018,2018-06-08,,,"Phys. Rev. C 98, 061601",Heavy-ion double-charge-exchange and its relation to neutrinoless double-β decay,78,57,8,9.75,article,"Santopinto, E, H. Garcı́a-Tecocoatzi, R. I. Magaña Vsevolodovna, and J. Ferretti (2018), “Heavy-ion double-charge-exchange and its relation to neutrinoless double-β decay,” Phys. Rev. C 98, 061601."
U0842,B43,AGOSTINI,NAO,A708,OK,,1674915,Wang,"Wang, L-J",3,2018,2018,2018-05-25,,,"Phys. Rev. C 98 (3), 031301",Quenching of nuclear matrix elements for 0νββ decay by chiral two-body currents,62,36,8,7.75,article,"Wang, L-J, J. Engel, and J. M. Yao (2018), “Quenching of nuclear matrix elements for 0νββ decay by chiral two-body currents,” Phys. Rev. C 98 (3), 031301."
U0843,B43,AGOSTINI,NAO,A730,OK,,1684328,Yao,"Yao, J M",5,2018,2018,2018-07-29,,,"Phys. Rev. C 98, 054311",Generator-coordinate reference states for spectra and 0νββ decay in the in-medium similarity renormalization group,77,54,8,9.62,article,"Yao, J M, J. Engel, L. J. Wang, C. F. Jiao, and H. Hergert (2018), “Generator-coordinate reference states for spectra and 0νββ decay in the in-medium similarity renormalization group,” Phys. Rev. C 98, 054311."
U0844,B43,AGOSTINI,NAO,A735,OK,,1697282,Yoshida,"Yoshida, S",4,2018,2018,2018-10-07,,,"Phys. Rev. C 98, 061301",Uncertainty quantification in the nuclear shell model,24,21,8,3.0,article,"Yoshida, S, N. Shimizu, T. Togashi, and T. Otsuka (2018a), “Uncertainty quantification in the nuclear shell model,” Phys. Rev. C 98, 061301."
U0845,B43,AGOSTINI,NAO,A736,OK,,1674380,Yoshida,"Yoshida, S",4,2018,2018,2018-05-19,,,"Phys. Rev. C 97, 054321",Systematic shell-model study of β-decay properties and Gamow-Teller strength distributions in A≈40 neutron-rich nuclei,59,49,8,7.38,article,"Yoshida, S, Y. Utsuno, N. Shimizu, and T. Otsuka (2018b), “Systematic shell-model study of β-decay properties and Gamow-Teller strength distributions in A∼40 neutron-rich nuclei,” Phys. Rev. C 97, 054321."
U0846,B43,AGOSTINI,NAO,A737,OK,,1663002,Yoshinaga,"Yoshinaga, N",5,2018,2018,2018-02-01,,,"Prog. Theor. Exp. Phys. 2018, 023D02",Structure of nuclei with masses 76 and 82 and nuclear matrix elements of neutrinoless double beta decay,9,7,8,1.12,article,"Yoshinaga, N, K. Yanase, K. Higashiyama, E. Teruya, and D. Taguchi (2018), “Structure of nuclei with masses 76 and 82 and nuclear matrix elements of neutrinoless double beta decay,” Prog. Theor. Exp. Phys. 2018, 023D02."
U0852,B43,AGOSTINI,NAO,A235,OK,,1708619,Coraggio,"Coraggio, L",6,2019,2018,2018-12-11,,,"Phys. Rev. C 100, 014316",Renormalization of the Gamow-Teller operator within the realistic shell model,61,35,8,7.62,article,"Coraggio, L, L. De Angelis, T. Fukui, A. Gargano, N. Itaco, and F. Nowacki (2019), “Renormalization of the Gamow- Teller operator within the realistic shell model,” Phys. Rev. C 100, 014316."
U0857,B43,AGOSTINI,NAO,A425,OK,,1709211,Hoferichter,"Hoferichter, M",4,2019,2018,2018-12-13,,,"Phys. Rev. D 99, 055031",Nuclear structure factors for general spin-independent WIMP-nucleus scattering,101,76,8,12.62,article,"Hoferichter, M, Philipp Klos, J. Menéndez, and A. Schwenk (2019), “Nuclear structure factors for general spinindependent WIMP-nucleus scattering,” Phys. Rev. D 99, 055031."
U0858,B43,AGOSTINI,NAO,A437,OK,,1699210,Ichikawa,"Ichikawa, Y",,2019,2018,2018-10-18,,,"Nature Phys. 15, 321-325",Interplay between nuclear shell evolution and shape deformation revealed by the magnetic moment of 75Cu,29,15,8,3.62,article,"Ichikawa, Y, et al. (2019), “Interplay between nuclear shell evolution and shape deformation revealed by the magnetic moment of 75 Cu,” Nature Phys. 15, 321-325."
U0885,B45,AGOSTINI,NAO,A573,OK,,1673676,Otsuka,Otsuka,5,2020,2018,2018-05-16,,,"Rev.Mod.Phys. 92, 015002 (2020)",Evolution of shell structure in exotic nuclei,439,364,8,54.88,review,"Otsuka, Takaharu, Alexandra Gade, Olivier Sorlin, Toshio Suzuki, and Yutaka Utsuno (2020), “Evolution of shell structure in exotic nuclei,” Rev. Mod. Phys. 92, 015002."
U0954,B49,AGOSTINI,NAO,A051,OK,,1675260,Al Kharusi,"Al Kharusi, S.",,2018,2018,2018-05-28,1805.11142,,,nEXO Pre-Conceptual Design Report,154,75,8,19.25,report,"Al Kharusi, S, et al. (nEXO) (2018), “nEXO Pre-Conceptual Design Report,” arXiv:1805.11142 [physics.ins-det]."
U0956,B49,AGOSTINI,NAO,A256,NAO_ENCONTRADO,,,De Bianchi,"De Bianchi, S.",1,2018,,,,,"Stud.Hist.Phil.Sci.B 61, 68-79",Rethinking antiparticles. Hermann Weyl’s contribution to neutrino physics,,,8,,article,"De Bianchi, S (2018), “Rethinking antiparticles. Hermann Weyl’s contribution to neutrino physics,” Stud. Hist. Phil. Sci. B 61, 68-79."
U0958,B49,AGOSTINI,NAO,A702,OK,,1662568,Šimkovic,"Šimkovic, F.",4,2018,2018,2018-03-13,,,"Phys.Rev.C 97, 034315",Improved description of the 2νββ-decay and a possibility to determine the effective axial-vector coupling constant,82,62,8,10.25,article,"Šimkovic, F, R. Dvornický, Dušaň Stefánik, and A. Faessler (2018a), “Improved description of the 2νββ -decay and a possibility to determine the effective axial-vector coupling constant,” Phys. Rev. C 97, 034315."
U0959,B49,AGOSTINI,NAO,A705,OK,,1687436,Šimkovic,"Šimkovic, F.",3,2018,2018,2018-08-15,,,"Phys.Rev.C 98, 064325","0νββ nuclear matrix elements, neutrino potentials and SU(4) symmetry",90,78,8,11.25,article,"Šimkovic, F, A. Smetana, and P. Vogel (2018b), “0νββ nuclear matrix elements, neutrino potentials and SU(4) symmetry,” Phys. Rev. C 98, 064325."
U0960,B49,AGOSTINI,NAO,A233,OK,,1693639,Coello Pérez,"Coello Pérez, E.A.",3,2019,2018,2018-09-12,,,"Phys.Lett.B 797, 134885",Two-neutrino double electron capture on 124Xe based on an effective theory and the nuclear shell model,35,25,8,4.38,article,"Coello Pérez, E A, J. Menéndez, and A. Schwenk (2019), “Two-neutrino double electron capture on 124 Xe based on an effective theory and the nuclear shell model,” Phys. Lett. B 797, 134885."
U0295,B15,AGOSTINI,NAO,A045,OK,,1754140,Aker,"Aker, M.",,2019,2019,2019-09-13,1909.06048,,"Phys.Rev.Lett.,123,221802",Improved Upper Limit on the Neutrino Mass from a Direct Kinematic Method by KATRIN,662,575,7,94.57,article,"Aker, M, et al. (KATRIN) (2019), “An improved upper limit on the neutrino mass from a direct kinematic method by katrin,” Phys.Rev.Lett. 123 (22), 221802, arXiv:1909.06048 [hep-ex]."
U0296,B15,AGOSTINI,NAO,A062,OK,,1729314,Alduino,"Alduino, C.",,2019,2019,2019-04-08,1904.05745,,"Cryogenics,102,9",The CUORE cryostat: An infrastructure for rare event searches at millikelvin temperatures,77,30,7,11.0,article,"Alduino, C, et al. (2019), “The CUORE cryostat: An infrastructure for rare event searches at millikelvin temperatures,” Cryogenics 102, 9-21, arXiv:1904.05745 [physics.ins-det]."
U0297,B15,AGOSTINI,NAO,A064,OK,,1795468,Algeri,"Algeri, S.",4,2019,2019,2019-11-22,1911.10237,,,Searching for new physics with profile likelihoods: Wilks and beyond,102,94,7,14.57,article,"Algeri, S, J. Aalbers, K. Dundas Morå, and J. Conrad (2019), “Searching for new physics with profile likelihoods: Wilks and beyond,” arXiv:1911.10237 [physics.data-an]."
U0298,B15,AGOSTINI,NAO,A070,OK,,1718852,Alvis,"Alvis, S.I.",,2019,2019,2019-02-06,1902.02299,,"Phys.Rev.,C100,025501",A Search for Neutrinoless Double-Beta Decay in 76Ge with 26 kg-yr of Exposure from the MAJORANA DEMONSTRATOR,196,142,7,28.0,article,"Alvis, S I, et al. (Majorana) (2019a), “A Search for Neutrinoless Double-Beta Decay in 76 Ge with 26 kg-yr of Exposure from the MAJORANA DEMONSTRATOR,” Phys. Rev. C 100 (2), 025501, arXiv:1902.02299 [nucl-ex]."
U0300,B15,AGOSTINI;GONZALEZ-GARCIA,SIM,A075;G244,OK,,1738735,Anton,"Anton, G.",,2019,2019,2019-06-06,1906.02723,,"Phys.Rev.Lett.,123,161802",Search for Neutrinoless Double-Beta Decay with the Complete EXO-200 Dataset,403,331,7,57.57,article,"Anton, G, et al. (EXO-200) (2019), “Search for Neutrinoless Double-β Decay with the Complete EXO-200 Dataset,” Phys. Rev. Lett. 123 (16), 161802, arXiv:1906.02723 [hep-ex]."
U0301,B16,AGOSTINI,NAO,A090,OK,,1744770,Armstrong,"Armstrong, W.R.",,2019,2019,2019-07-22,1907.09376,,,CUPID pre-CDR,187,88,7,26.71,report,"Armstrong, W R, et al. (CUPID) (2019), “CUPID pre-CDR,” arXiv:1907.09376 [physics.ins-det]."
U0302,B16,AGOSTINI,NAO,A109,OK,,1712819,Avignone,"Avignone, F.T.",2,2019,2019,2019-01-09,1901.02805,,"Front.in Phys.,7,6","The Search for Double Beta Decay With Germanium Detectors: Past, Present, and Future",22,18,7,3.14,article,"Avignone, F T, and S. R. Elliott (2019), “The Search for Double Beta Decay With Germanium Detectors: Past, Present, and Future,” Front.in Phys. 7, 6, arXiv:1901.02805 [nucl-ex]."
U0303,B16,AGOSTINI,NAO,A115,OK,,1730823,Azzolini,"Azzolini, O.",,2019,2019,2019-04-23,1904.10397,,"Eur.Phys.J.,C79,583",Background Model of the CUPID-0 Experiment,71,13,7,10.14,article,"Azzolini, O, et al. (CUPID) (2019a), “Background Model of the CUPID-0 Experiment,” Eur. Phys. J. C79 (7), 583, arXiv:1904.10397 [nucl-ex]."
U0304,B16,AGOSTINI,NAO,A116,OK,,1753096,Azzolini,"Azzolini, O.",,2019,2019,2019-09-08,1909.03397,,"Phys.Rev.Lett.,123,262501",Evidence of Single State Dominance in the Two-Neutrino Double-Beta Decay of 82Se with CUPID-0,70,39,7,10.0,article,"Azzolini, O, et al. (2019b), “Evidence of Single State Dominance in the Two-Neutrino Double-β Decay of 82 Se with CUPID-0,” Phys. Rev. Lett. 123 (26), 262501, arXiv:1909.03397 [nucl-ex]."
U0305,B16,AGOSTINI,NAO,A117,OK,,1739633,Azzolini,"Azzolini, O.",,2019,2019,2019-06-12,1906.05001,,"Phys.Rev.Lett.,123,032501",Final result of CUPID-0 phase-I in the search for the 82Se Neutrinoless Double-Beta Decay,122,71,7,17.43,article,"Azzolini, O, et al. (CUPID) (2019c), “Final result of CUPID- 0 phase-I in the search for the 82 Se Neutrinoless Double-β Decay,” Phys. Rev. Lett. 123 (3), 032501, arXiv:1906.05001 [nucl-ex]."
U0306,B16,AGOSTINI,NAO,A147,OK,,1754170,Basili,"Basili, R.A.M.",7,2019,2019,2019-09-13,1909.06501,,,Benchmark neutrinoless double-beta decay matrix elements in a light nucleus,26,17,7,3.71,article,"Basili, R A M, J. M. Yao, J. Engel, H. Hergert, M. Lockner, P. Maris, and J. P. Vary (2019), “Benchmark neutrinoless double-beta decay matrix elements in a light nucleus,” arXiv:1909.06501."
U0307,B16,AGOSTINI,NAO,A154,OK,,1768981,Bellone,"Bellone, J.I.",5,2019,2019,2019-12-06,1912.03043,,,Sequential Heavy Ion Double Charge Exchange Reactions and the Link to Double Beta-decay,3,3,7,0.43,article,"Bellone, J I, S. Burrello, M. Colonna, J.-A. Lay, and H. Lenske (2019), “Sequential Heavy Ion Double Charge Exchange Reactions and the Link to Double β-decay,” arXiv:1912.03043."
U0308,B16,AGOSTINI,NAO,A194,OK,,1748698,Buck,"Buck, C.",3,2019,2019,2019-08-09,1908.03334,,"JINST,14,P11007",Novel Opaque Scintillator for Neutrino Detection,30,19,7,4.29,article,"Buck, C, B. Gramlich, and S. Schoppmann (2019), “Novel Opaque Scintillator for Neutrino Detection,” JINST 14 (11), P11007, arXiv:1908.03334 [physics.ins-det]."
U0309,B16,AGOSTINI,NAO,A197,OK,,1748575,Cabrera,"Cabrera, A.",,2019,2019,2019-08-07,1908.02859,,,Neutrino Physics with an Opaque Detector,57,34,7,8.14,article,"Cabrera, A, et al. (2019), “Neutrino Physics with an Opaque Detector,” arXiv:1908.02859 [physics.ins-det]."
U0312,B16,AGOSTINI,NAO,A280,OK,,1720046,Dolinski,"Dolinski, M.J.",3,2019,2019,2019-02-11,1902.04097,,"Ann.Rev.Nucl.Part.Sci.,69,219",Neutrinoless Double-Beta Decay: Status and Prospects,678,641,7,96.86,article,"Dolinski, Michelle J, Alan W. P. Poon, and Werner Rodejohann (2019), “Neutrinoless Double-Beta Decay: Status and Prospects,” Ann. Rev. Nucl. Part. Sci. 69, 219-251, arXiv:1902.04097 [nucl-ex]."
U0313,B16,GONZALEZ-GARCIA,NAO,G025,OK,,1714003,E. Akhmedov,"Akhmedov, E.",1,2019,2019,2019-01-16,1901.05232,,,Quantum mechanics aspects and subtleties of neutrino oscillations,48,48,7,6.86,conference paper,"E. Akhmedov, in “International Conference on History of the Neutrino: 1930-2018 Paris, France, September 5-7, 2018,” (2019), [arXiv:1901.05232]."
U0314,B16,AGOSTINI,NAO,A335,OK,,1764693,Fox,"Fox, J.M.R.",2,2019,2019,2019-11-12,1911.05208,,,Uncertainty quantification of an empirical shell-model interaction using principal component analysis,22,17,7,3.14,article,"Fox, J M R, and C. W. Johnson (2019), “Uncertainty quantification of an empirical shell-model interaction using principal component analysis,” arXiv:1911.05208."
U0315,B16,AGOSTINI,NAO,A361,OK,,1758439,Giuliani,"Giuliani, A.",7,2019,2019,2019-10-10,1910.04688,,,Double Beta Decay APPEC Committee Report,84,74,7,12.0,report,"Giuliani, A, J. J. Gomez Cadenas, S. Pascoli, E. Previtali, R. Saakyan, K. Schäffner, and S. Schönert (APPEC Committee) (2019), “Double Beta Decay APPEC Committee Report,” arXiv:1910.04688 [hep-ex]."
U0316,B16,AGOSTINI,NAO,A363,OK,,1716584,Giunti,"Giunti, C.",2,2019,2019,2019-01-24,1901.08330,,"Ann.Rev.Nucl.Part.Sci.,69,163",eV-scale Sterile Neutrinos,219,194,7,31.29,article,"Giunti, C, and T. Lasserre (2019), “eV-scale Sterile Neutrinos,” Ann. Rev. Nucl. Part. Sci. 69, 163-190, arXiv:1901.08330 [hep-ph]."
U0317,B16,AGOSTINI,NAO,A371,OK,,1723866,Gomez-Cadenas,"Gomez-Cadenas, J.J.",3,2019,2019,2019-03-06,1903.02435,,"Front.in Phys.,7,51",High Pressure Gas Xenon TPCs for Double Beta Decay Searches,18,15,7,2.57,article,"Gomez-Cadenas, Juan J, Francesc Monrabal Capilla, and Paola Ferrario (2019), “High Pressure Gas Xenon TPCs for Double Beta Decay Searches,” Front. in Phys. 7, 51, arXiv:1903.02435 [physics.ins-det]."
U0318,B16,AGOSTINI,NAO,A385,OK,,1748708,Graham,"Graham, E.",6,2019,2019,2019-07-23,1908.03564,10.1088/1748-0221/14/11/P11024,"JINST,14,P11024",Light Yield of Perovskite Nanocrystal-Doped Liquid Scintillator,19,16,7,2.71,article,"Graham, E, D. Gooding, J. Gruszko, C. Grant, B. Naranjo, and L. Winslow (2019), “Light Yield of Perovskite Nanocrystal-Doped Liquid Scintillator,” 10.1088/1748- 0221/14/11/P11024, arXiv:1908.03564 [physics.ins-det]."
U0322,B17,GONZALEZ-GARCIA,NAO,G147,OK,,1750681,L. Hayen et al.,L. Hayen,,2019,2019,2019-08-22,1908.08302,,"Phys.Rev.C,100,054323",First-forbidden transitions in the reactor anomaly,102,85,7,14.57,article,"L. Hayen et al., Phys. Rev. C 100, 5, 054323 (2019), [arXiv:1908.08302]."
U0323,B17,AGOSTINI,NAO,A509,OK,,1732511,Liu,Liu,,2019,2019,2019-05-01,1905.00354,,"Phys.Rev.Lett.,123,161301",Constraints on Spin-Independent Nucleus Scattering with sub-GeV Weakly Interacting Massive Particle Dark Matter from the CDEX-1B Experiment at the China Jinping Underground Laboratory,181,153,7,25.86,article,"Liu, Z Z, et al. (CDEX) (2019), “Constraints on Spin- Independent Nucleus Scattering with sub-GeV Weakly Interacting Massive Particle Dark Matter from the CDEX- 1B Experiment at the China Jinping Underground Laboratory,” Phys. Rev. Lett. 123 (16), 161301, arXiv:1905.00354 [hep-ex]."
U0324,B17,GONZALEZ-GARCIA,NAO,G126,OK,,1739571,M. A. Acero et al. (NOvA),M. A. Acero,,2019,2019,2019-06-11,1906.04907,,"Phys.Rev.Lett.,123,151803",First Measurement of Neutrino Oscillation Parameters using Neutrinos and Antineutrinos by NOvA,468,367,7,66.86,article,"M. A. Acero et al. (NOvA), Phys. Rev. Lett. 123, 15, 151803 (2019), [arXiv:1906.04907]."
U0325,B17,GONZALEZ-GARCIA,NAO,G070,OK,,1613496,M. Agostini et al. (Borexino),M. Agostini,,2019,2019,2017-07-28,1707.09279,,"Phys.Rev.D,100,082004","First Simultaneous Precision Spectroscopy of pp, 7Be, and pep Solar Neutrinos with Borexino Phase-II",262,171,7,37.43,article,"M. Agostini et al. (Borexino), Phys. Rev. D 100, 8, 082004 (2019), [arXiv:1707.09279]."
U0326,B17,GONZALEZ-GARCIA,NAO,G146,OK,,1730487,M. Estienne et al.,M. Estienne,,2019,2019,2019-04-19,1904.09358,,"Phys.Rev.Lett.,123,022502",Updated Summation Model: An Improved Agreement with the Daya Bay Antineutrino Fluxes,163,146,7,23.29,article,"M. Estienne et al., Phys. Rev. Lett. 123, 2, 022502 (2019), [arXiv:1904.09358]."
U0327,B17,GONZALEZ-GARCIA,NAO,G093,OK,,1714067,M. G. Aartsen et al. (IceCube),M. G. Aartsen,,2019,2019,2019-01-16,1901.05366,,"Phys.Rev.D,99,032007",Measurement of Atmospheric Tau Neutrino Appearance with IceCube DeepCore,206,116,7,29.43,article,"M. G. Aartsen et al. (IceCube), Phys. Rev. D99, 3, 032007 (2019), [arXiv:1901.05366]."
U0329,B17,AGOSTINI,NAO,A612,OK,,1737564,Renner,Renner,,2019,2019,2019-05-30,1905.13110,,"JHEP,10,230",Energy calibration of the NEXT-White detector with 1% resolution near Qββ of 136Xe,50,9,7,7.14,article,"Renner, J, et al. (NEXT) (2019), “Energy calibration of the NEXT-White detector with 1% resolution near Qββ of136 Xe,” JHEP 10, 230, arXiv:1905.13110 [physics.insdet]."
U0330,B17,AGOSTINI,NAO,A618,OK,,1743852,Roca-Maza,Roca-Maza,3,2019,2019,2019-07-15,1907.06368,,,Double charge-exchange phonon states,11,9,7,1.57,article,"Roca-Maza, X, H. Sagawa, and G. Colo’ (2019), “Double charge-exchange phonon states,” arXiv:1907.06368."
U0333,B17,GONZALEZ-GARCIA,NAO,G250,OK,,1726391,V. Alenkov et al. (AMoRE),V. Alenkov,,2019,2019,2019-03-22,1903.09483,,"Eur.Phys.J.C,79,791",First Results from the AMoRE-Pilot neutrinoless double beta decay experiment,136,65,7,19.43,article,"V. Alenkov et al. (AMoRE), Eur. Phys. J. C79, 9, 791 (2019), [arXiv:1903.09483]."
U0336,B17,AGOSTINI,NAO,A037,OK,,1752720,Agostini,Agostini,,2020,2019,2019-09-05,1909.02522,,"JHEP,03,139",Modeling of GERDA Phase II data,42,15,7,6.0,article,"Agostini, M, et al. (GERDA) (2020c), “Modeling of GERDA Phase II data,” JHEP 03, 139, arXiv:1909.02522 [nucl-ex]."
U0339,B17,AGOSTINI,NAO,A076,OK,,1748779,Anton,Anton,,2020,2019,2019-08-12,1908.04128,,"Phys.Rev.C,101,065501",Measurement of the scintillation and ionization response of liquid xenon at MeV energies in the EXO-200 experiment,60,39,7,8.57,article,"Anton, G, et al. (EXO-200) (2020), “Measurement of the scintillation and ionization response of liquid xenon at MeV energies in the EXO-200 experiment,” Phys. Rev. C 101 (6), 065501, arXiv:1908.04128 [physics.ins-det]."
U0341,B18,AGOSTINI,NAO,A087,OK,,1770924,Armengaud,Armengaud,,2020,2019,2019-12-16,1912.07272,,"Eur.Phys.J.C 80 (2020) 7, 674",Precise measurement of $2\nu\beta\beta$ decay of $^{100}$Mo with the CUPID-Mo detection technology,62,24,7,8.86,article,"Armengaud, E, et al. (2020a), “Precise measurement of 2νββ decay of 100 Mo with the CUPID-Mo detection technology,” Eur. Phys. J. C 80 (7), 674, arXiv:1912.07272 [nucl-ex]."
U0342,B18,AGOSTINI,NAO,A088,OK,,1752922,Armengaud,Armengaud,,2020,2019,2019-09-06,1909.02994,,"Eur.Phys.J.C 80 (2020) 1, 44",The CUPID-Mo experiment for neutrinoless double-beta decay: performance and prospects,117,52,7,16.71,article,"Armengaud, E, et al. (2020b), “The CUPID-Mo experiment for neutrinoless double-beta decay: performance and prospects,” Eur. Phys. J. C 80 (1), 44, arXiv:1909.02994 [physics.ins-det]."
U0344,B18,AGOSTINI,NAO,A104,OK,,1764050,Askins,Askins,,2020,2019,2019-11-08,1911.03501,,"Eur.Phys.J.C 80 (2020) 5, 416",THEIA: an advanced optical neutrino detector,214,133,7,30.57,article,"Askins, M, et al. (Theia) (2020), “THEIA: an advanced optical neutrino detector,” Eur. Phys. J. C 80 (5), 416, arXiv:1911.03501 [physics.ins-det]."
U0346,B18,AGOSTINI,NAO,A129,OK,,1741216,Bandac,Bandac,,2020,2019,2019-06-24,1906.10233,,JHEP 01 (2020) 018,The $0\nu2\beta$-decay CROSS experiment: preliminary results and prospects,42,17,7,6.0,article,"Bandac, I C, et al. (CROSS) (2020), “The 0ν2β-decay CROSS experiment: preliminary results and prospects,” JHEP 01, 018, [JHEP20,018(2020)], arXiv:1906.10233 [nucl-ex]."
U0348,B18,AGOSTINI,NAO,A180,OK,,1768962,Bolton,Bolton,3,2020,2019,2019-12-06,1912.03058,,JHEP 03 (2020) 170,Neutrinoless double beta decay versus other probes of heavy sterile neutrinos,256,216,7,36.57,article,"Bolton, Patrick D, Frank F. Deppisch, and P. S. Bhupal Dev (2020), “Neutrinoless double beta decay versus other probes of heavy sterile neutrinos,” JHEP 03, 170, arXiv:1912.03058 [hep-ph]."
U0352,B18,AGOSTINI,NAO,A286,OK,,1751567,Dror,Dror,3,2020,2019,2019-08-28,1908.10861,,JHEP 02 (2020) 134,Absorption of Fermionic Dark Matter by Nuclear Targets,91,84,7,13.0,article,"Dror, J A, G. Elor, and R. Mcgehee (2020), “Absorption of Fermionic Dark Matter by Nuclear Targets,” JHEP 02, 134, arXiv:1908.10861 [hep-ph]."
U0354,B18,AGOSTINI,NAO,A350,OK,,1724463,Galan,Galan,,2020,2019,2019-03-10,1903.03979,,"J.Phys.G 47 (2020) 4, 045108",Topological background discrimination in the PandaX-III neutrinoless double beta decay experiment,27,12,7,3.86,article,"Galan, J, et al. (2020), “Topological background discrimination in the PandaX-III neutrinoless double beta decay experiment,” J. Phys. G 47 (4), 045108, arXiv:1903.03979 [physics.ins-det]."
U0355,B18,GONZALEZ-GARCIA,NAO,G163,OK,,1770821,H. Almazán et al. (STEREO),H. Almazán et al. (STEREO),,2020,2019,2019-12-13,1912.06582,,"Phys.Rev.D 102 (2020) 5, 052002",Improved sterile neutrino constraints from the STEREO experiment with 179 days of reactor-on data,175,144,7,25.0,article,"H. Almazán et al. (STEREO), Phys. Rev. D 102, 5, 052002 (2020), [arXiv:1912.06582]."
U0356,B18,GONZALEZ-GARCIA,NAO,G149,OK,,1717203,H. de Kerret et al. (Double Chooz),H. de Kerret et al. (Double Chooz),,2020,2019,2019-01-27,1901.09445,,"Nature Phys. 16 (2020) 5, 558",First Double Chooz $\theta_{13}$ Measurement via Total Neutron Capture Detection,260,190,7,37.14,article,"H. de Kerret et al. (Double Chooz), Nature Phys. 16, 5, 558 (2020), [arXiv:1901.09445]."
U0357,B18,AGOSTINI,NAO,A415,OK,,1753787,Helset,Helset,2,2020,2019,2019-09-12,1909.05853,,Phys.Lett.B 800 (2020) 135132,"Baryon Number, Lepton Number, and Operator Dimension in the SMEFT with Flavor Symmetries",45,44,7,6.43,article,"Helset, A, and A. Kobach (2020), “Baryon number, lepton number, and operator dimension in the smeft with flavor symmetries,” Phys.Lett.B 800, 135132, arXiv:1909.05853 [hep-ph]."
U0363,B19,AGOSTINI,NAO,A569,OK,,1755255,Obara,Obara,,2020,2019,2019-09-20,1909.09343,,"Nucl.Instrum.Meth.A 958, 162803",AXEL: High-pressure Xe gas TPC for BG-free 0nu2beta decay search,9,9,7,1.29,article,"Obara, S, et al. (2020), “AXEL: High-pressure Xe gas TPC for BG-free 0ν2β decay search,” Nucl. Instrum. Meth. A 958, 162803, arXiv:1909.09343 [physics.ins-det]."
U0365,B19,AGOSTINI,NAO,A575,OK,,1766235,Palanque-Delabrouille,Palanque-Delabrouille,,2020,2019,2019-11-20,1911.09073,,"JCAP 04, 038","Hints, neutrino bounds, and WDM constraints from SDSS DR14 Lyman-alpha and Planck full-survey data",299,263,7,42.71,article,"Palanque-Delabrouille, N, C. Yèche, N. Schöneberg, J. Lesgourgues, M. Walther, S. Chabanier, and E. Armengaud (2020), “Hints, neutrino bounds and WDM constraints from SDSS DR14 Lyman-α and Planck full-survey data,” JCAP 04, 038, arXiv:1911.09073 [astro-ph.CO]."
U0368,B19,AGOSTINI,NAO,A728,OK,,1749709,Yao,Yao,,2020,2019,2019-08-15,1908.05424,,"Phys.Rev.Lett. 124, 232501",Ab Initio Treatment of Collective Correlations and the Neutrinoless Double Beta Decay of 48Ca,194,144,7,27.71,article,"Yao, J M, B. Bally, J. Engel, R. Wirth, T. R. Rodrı́guez, and H. Hergert (2020), “AbInitio Treatment of Collective Correlations and the Neutrinoless Double Beta Decay of Ca,” Phys. Rev. Lett. 124, 232501, arXiv:1908.05424."
U0847,B43,AGOSTINI,NAO,A079,OK,,1731038,Aprile,"Aprile, E",,2019,2019,2019-04-24,,,"Nature 568, 532-535",Observation of two-neutrino double electron capture in 124Xe with XENON1T,181,128,7,25.86,article,"Aprile, E, et al. (XENON) (2019), “Observation of two-neutrino double electron capture in 124 Xe with XENON1T,” Nature 568, 532-535."
U0848,B43,AGOSTINI,NAO,A099,OK,,1725721,Arnold,"Arnold, R",,2019,2019,2019-03-19,,,"Eur. Phys. J. C 79, 440",Detailed studies of 100Mo two-neutrino double beta decay in NEMO-3,82,54,7,11.71,article,"Arnold, R, et al. (NEMO-3) (2019), “Detailed studies of Mo two-neutrino double beta decay in NEMO-3,” Eur. Phys. J. C 79, 440."
U0849,B43,AGOSTINI,NAO,A114,OK,,1753091,Ayangeakaa,"Ayangeakaa, A D",,2019,2019,2019-09-07,1909.03270,,"Phys. Rev. Lett. 123, 102501",Evidence for Rigid Triaxial Deformation in 76Ge from a Model-Independent Analysis,61,52,7,8.71,article,"Ayangeakaa, A D, et al. (2019), “Evidence for Rigid Triaxial Deformation in 76 Ge from a Model-Independent Analysis,” Phys. Rev. Lett. 123, 102501, 1909.03270."
U0850,B43,AGOSTINI,NAO,A188,OK,,1743930,Brofferio,"Brofferio, Chiara",3,2019,2019,2019-05-17,,,"Front. in Phys. 7, 86",Neutrinoless Double Beta Decay Experiments With TeO2 Low-Temperature Detectors,18,13,7,2.57,article,"Brofferio, Chiara, Oliviero Cremonesi, and Stefano Dell’Oro (2019), “Neutrinoless Double Beta Decay Experiments With TeO2 Low-Temperature Detectors,” Front. in Phys. 7, 86."
U0851,B43,AGOSTINI,NAO,A221,OK,,1746510,Cirigliano,"Cirigliano, V",9,2019,2019,2019-07-25,,,"Phys. Rev. C 100, 055504",Renormalized approach to neutrinoless double-β decay,139,92,7,19.86,article,"Cirigliano, V, W. Dekens, J. De Vries, M. L. Graesser, E. Mereghetti, S. Pastore, M. Piarulli, U. Van Kolck, and R. B. Wiringa (2019), “A renormalized approach to neutrinoless double-beta decay,” Phys. Rev. C 100, 055504."
U0853,B43,AGOSTINI,NAO,A295,OK,,1726223,Ejiri,"Ejiri, H",3,2019,2019,2019-03-23,,,"Phys. Rept. 797, 1-102","Neutrino-nuclear responses for astro-neutrinos, single beta decays and double beta decays",227,121,7,32.43,article,"Ejiri, H, J. Suhonen, and K. Zuber (2019), “Neutrino-nuclear responses for astro-neutrinos, single beta decays and double beta decays,” Phys. Rept. 797, 1-102."
U0854,B43,AGOSTINI,NAO,A354,OK,,1713508,Gando,"Gando, A",,2019,2019,2019-01-12,,,"Phys. Rev. Lett. 122, 192501",Precision measurement of the 136Xe two-neutrino ββ spectrum in KamLAND-Zen and its impact on the quenching of nuclear matrix elements,97,66,7,13.86,article,"Gando, A, et al. (KamLAND-Zen) (2019), “Precision measurement of the 136 Xe two-neutrino ββ spectrum in KamLAND-Zen and its impact on the quenching of nuclear matrix elements,” Phys. Rev. Lett. 122, 192501."
U0855,B43,AGOSTINI,NAO,A393,OK,,1722854,Gysbers,"Gysbers, P",,2019,2019,2019-02-28,,,"Nature Phys. 15, 428-431",Discrepancy between experimental and theoretical β-decay rates resolved from first principles,383,300,7,54.71,article,"Gysbers, P, et al. (2019), “Discrepancy between experimental and theoretical β-decay rates resolved from first principles,” Nature Phys. 15, 428-431."
U0856,B43,AGOSTINI,NAO,A416,OK,,1734623,Henderson,"Henderson, J",,2019,2019,2019-05-13,,,"Phys. Rev. C 99, 054313",Triaxiality in selenium-76,32,24,7,4.57,article,"Henderson, J, et al. (2019), “Triaxiality in selenium-76,” Phys. Rev. C 99, 054313."
U0859,B43,AGOSTINI,NAO,A446,OK,,1748159,Jiao,"Jiao, C",2,2019,2019,2019-08-05,,,"Phys. Rev. C 100, 031303","Union of rotational and vibrational modes in generator-coordinate-type calculations, with application to neutrinoless double-β decay",17,13,7,2.43,article,"Jiao, C, and C. W. Johnson (2019), “The marriage of rotational and vibrational modes in generator-coordinate-type calculations, with application to neutrinoless double-beta decay,” Phys. Rev. C 100, 031303."
U0860,B43,AGOSTINI,NAO,A451,OK,,1747851,Jokiniemi,"Jokiniemi, L",2,2019,2019,2019-08-01,,,"Phys. Rev. C 100, 014619",Muon-capture strength functions in intermediate nuclei of 0νββ decays,37,22,7,5.29,article,"Jokiniemi, L, and J. Suhonen (2019), “Muon-capture strength functions in intermediate nuclei of 0νββ decays,” Phys. Rev. C 100, 014619."
U0861,B44,AGOSTINI,NAO,A452,OK,,1738797,Jokiniemi,Jokiniemi,4,2019,2019,2019-07-10,,,Phys.Lett.B 794 (2019) 143-147,Pinning down the strength function for ordinary muon capture on 100 Mo,34,10,7,4.86,article,"Jokiniemi, L, J. Suhonen, H. Ejiri, and I. H. Hashim (2019), “Pinning down the strength function for ordinary muon capture on 100 Mo,” Phys. Lett. B 794, 143-147."
U0862,B44,AGOSTINI,NAO,A498,OK,,1762750,Lenske,Lenske,4,2019,2019,2019-11,,,Prog.Part.Nucl.Phys. 109 (2019) 103716,Heavy ion charge exchange reactions as probes for nuclear β-decay,102,35,7,14.57,article,"Lenske, H, F. Cappuzzello, M. Cavallaro, and M. Colonna (2019), “Heavy ion charge exchange reactions as probes for nuclear β-decay,” Prog. Part. Nucl. Phys. 109, 103716."
U0863,B44,AGOSTINI,NAO,A556,OK,,1716444,Neufcourt,Neufcourt,5,2019,2019,2019-01-22,,,Phys.Rev.Lett. 122 (2019) 062502,Neutron drip line in the Ca region from Bayesian model averaging,149,131,7,21.29,article,"Neufcourt, L, Y. Cao, W. Nazarewicz, E. Olsen, and F. Viens (2019), “Neutron drip line in the Ca region from Bayesian model averaging,” Phys. Rev. Lett. 122, 062502."
U0864,B44,AGOSTINI,NAO,A617,OK,,1681413,Robledo,Robledo,3,2019,2019,2018-07-06,,,J.Phys.G 46 (2019) 013001,Mean field and beyond description of nuclear structure with the Gogny force: A review,217,160,7,31.0,article,"Robledo, L M, T. R. Rodrı́guez, and R. R. Rodrı́guez- Guzmán (2019), “Mean field and beyond description of nuclear structure with the Gogny force: A review,” J. Phys. G 46, 013001."
U0865,B44,AGOSTINI,NAO,A643,OK,,1750837,Sharp,Sharp,10,2019,2019,2019-08-22,1910.12093,,Phys.Rev.C 100 (2019) 024329,Pairing properties of the double-β emitter 116Cd,5,4,7,0.71,article,"Sharp, D K, S. J. Freeman, B. D. Cropper, P. J. Davies, T. Faestermann, T. M. Hatfield, R. Hertenberger, S. J. F. Hughes, P. T. Macgregor, and H. F Wirth (2019), “Pairing properties of the double-β emitter 116 Cd,” Phys. Rev. C 100, 024329, 1910.12093."
U0866,B44,AGOSTINI,NAO,A656,OK,,1720559,Stroberg,Stroberg,4,2019,2019,2019-02-16,,,Ann.Rev.Nucl.Part.Sci. 69 (2019) 307-362,Nonempirical Interactions for the Nuclear Shell Model: An Update,296,204,7,42.29,article,"Stroberg, S R, S. K. Bogner, H. Hergert, and J. D. Holt (2019), “Non-Empirical Interactions for the Nuclear Shell Model: An Update,” Ann. Rev. Nucl. Part. Sci. 69, 307- 362."
U0867,B44,AGOSTINI,NAO,A670,OK,,1733185,Taniuchi,Taniuchi,,2019,2019,2019-05-01,,,Nature 568 (2019) 53,$^{78}$Ni revealed as a doubly magic stronghold against nuclear deformation,183,94,7,26.14,article,"Taniuchi, R, et al. (2019), “78Ni revealed as a doubly magic stronghold against nuclear deformation,” Nature 568, 53."
U0868,B44,AGOSTINI,NAO,A674,OK,,1714006,Terasaki,Terasaki,2,2019,2019,2019-01-16,,10.1016/j.apradiso.2004.03.039,Phys.Rev.C 100 (2019) 034325,Isoscalar pairing interaction for the quasiparticle random-phase approximation approach to double-β and β decays,18,13,7,2.57,article,"Terasaki, J, and Y. Iwata (2019), “Effective axial-vector current coupling and isoscalar pairing interaction for quasiparticle random-phase approximation approach to double- β and β decays,” Phys. Rev. C 100, 034325."
U0869,B44,AGOSTINI,NAO,A710,OK,,1740102,Wang,Wang,7,2019,2019,2019-06-16,,,Phys.Lett.B 798 (2019) 134974,Comparison between Variational Monte Carlo and Shell Model Calculations of Neutrinoless Double Beta Decay Matrix Elements in Light Nuclei,32,21,7,4.57,article,"Wang, X B, A. C. Hayes, J. Carlson, G. X. Dong, E. Mereghetti, S. Pastore, and R. B. Wiringa (2019), “Comparison between Variational Monte Carlo and Shell Model Calculations of Neutrinoless Double Beta Decay Matrix Elements in Light Nuclei,” Phys. Lett. B 798, 134974."
U0882,B45,AGOSTINI,NAO,A476,OK,,1750456,Kostensalo,Kostensalo,2,2020,2019,2019-08-21,,,"Phys. Lett. B 802, 135192",Consistent large-scale shell-model analysis of the two-neutrino ββ and single β branchings in 48Ca and 96Zr,25,23,7,3.57,article,"Kostensalo, J, and J. Suhonen (2020), “Consistent large-scale shell-model analysis of the two-neutrino ββ and single β branchings in 48 Ca and 96 Zr,” Phys. Lett. B 802, 135192."
U0894,B45,AGOSTINI,NAO,A245,OK,,1742779,Cruz-Torres,Cruz-Torres,,2021,2019,2019-07-08,,,"Nature Phys. 17(3), 306-310 (2021)",Many-body factorization and position-momentum equivalence of nuclear short-range correlations,104,62,7,14.86,article,"Cruz-Torres, R, et al. (2021), “Many-body factorization and position-momentum equivalence of nuclear short-range correlations,” Nature Phys. 17, 306-310."
U0334,B17,AGOSTINI,NAO,A026,OK,,1788728,Agostini,Agostini,,2020,2020,2020-03-25,2003.13407,,"Eur.Phys.J.C,80,808",Sensitivity of the DARWIN observatory to the neutrinoless double beta decay of 136Xe,87,47,6,14.5,article,"Agostini, F, et al. (DARWIN) (2020a), “Sensitivity of the DARWIN observatory to the neutrinoless double beta decay of 136 Xe,” Eur. Phys. J. C 80 (9), 808, arXiv:2003.13407 [physics.ins-det]."
U0335,B17,AGOSTINI;GONZALEZ-GARCIA,SIM,A036;G239,OK,,1817003,Agostini,Agostini,,2020,2020,2020-09-13,2009.06079,,"Phys.Rev.Lett.,125,252502",Final Results of GERDA on the Search for Neutrinoless Double-β Decay,666,552,6,111.0,article,"Agostini, M, et al. (GERDA) (2020b), “Final Results of GERDA on the Search for Neutrinoless Double-β Decay,” Phys. Rev. Lett. 125 (25), 252502, arXiv:2009.06079 [nucl-ex]."
U0337,B17,AGOSTINI,NAO,A038,OK,,1798379,Agostini,Agostini,,2020,2020,2020-05-28,2005.14184,,"Phys.Rev.Lett.,125,011801",First Search for Bosonic Superweakly Interacting Massive Particles with Masses up to 1 MeV/c² with GERDA,61,48,6,10.17,article,"Agostini, M, et al. (GERDA) (2020d), “The first search for bosonic super-WIMPs with masses up to 1 MeV/c2 with GERDA,” Phys. Rev. Lett. 125 (1), 011801, arXiv:2005.14184 [hep-ex]."
U0338,B17,AGOSTINI,NAO,A048,OK,,1769193,Akerib,Akerib,,2020,2020,2019-12-09,1912.04248,,"Phys.Rev.C,102,014602",Projected Sensitivity of the LUX-ZEPLIN Experiment to the 0νββ Decay of 136Xe,62,29,6,10.33,article,"Akerib, D S, et al. (LZ) (2020), “Projected sensitivity of the LUX-ZEPLIN experiment to the 0νββ decay of 136 Xe,” Phys. Rev. C 102 (1), 014602, arXiv:1912.04248 [nucl-ex]."
U0340,B17,AGOSTINI,NAO,A086,OK,,1832686,Armatol,Armatol,,2020,2020,2020-11-23,2011.11726,,,Novel technique for the study of pileup events in cryogenic bolometers,34,3,6,5.67,article,"Armatol, A, et al. (CUPID) (2020), “A novel technique for the study of pile-up events in cryogenic bolometers,” arXiv:2011.11726 [physics.ins-det]."
U0343,B18,AGOSTINI,NAO,A100,OK,,1830523,Arnold,Arnold,,2020,2020,2020-11-15,2011.07657,,,Search for periodic modulations of the rate of double-$\beta$ decay of Mo100 in the NEMO-3 detector,5,3,6,0.83,article,"Arnold, R, et al. (NEMO-3) (2020), “Search for Periodic Modulations of the Rate of Double-Beta Decay of 100 Mo in the NEMO-3 Detector,” arXiv:2011.07657 [nucl-ex]."
U0345,B18,GONZALEZ-GARCIA,NAO,G102,OK,,1779524,B. Abi et al. (DUNE),B. Abi et al. (DUNE),,2020,2020,2020-02-07,2002.02967,,"JINST 15 (2020) 08, T08008","Deep Underground Neutrino Experiment (DUNE), Far Detector Technical Design Report, Volume I: Introduction to DUNE",792,340,6,132.0,article,"B. Abi et al. (DUNE), JINST 15, 08, T08008 (2020), [arXiv:2002.02967]."
U0347,B18,AGOSTINI,NAO,A168,OK,,1809166,Blaum,Blaum,8,2020,2020,2020-07-29,2007.14908,,Rev.Mod.Phys. 92 (2020) 045007,Neutrinoless Double-Electron Capture,68,41,6,11.33,article,"Blaum, K, S. Eliseev, F. A. Danevich, V. I. Tretyak, S. Kovalenko, M. I. Krivoruchenko, Yu. N. Novikov, and J. Suhonen (2020), “Neutrinoless Double-Electron Capture,” Rev. Mod. Phys. 92, 045007, arXiv:2007.14908 [hep-ph]."
U0349,B18,AGOSTINI,NAO,A205,OK,,1798640,Caravaca,Caravaca,4,2020,2020,2020-05-30,2006.00173,,"Eur.Phys.J.C 80 (2020) 9, 867",Characterization of water-based liquid scintillator for Cherenkov and scintillation separation,58,40,6,9.67,article,"Caravaca, J, B.J. Land, M. Yeh, and G.D. Orebi Gann (2020), “Characterization of water-based liquid scintillator for Cherenkov and scintillation separation,” Eur. Phys. J. C 80 (9), 867, arXiv:2006.00173 [physics.ins-det]."
U0350,B18,AGOSTINI,NAO,A268,OK,,1818456,Deppisch,Deppisch,4,2020,2020,2020-09-21,2009.10119,,"Phys.Rev.D 102 (2020) 9, 095016",Analysis of Light Neutrino Exchange and Short-Range Mechanisms in $0\nu\beta\beta$ Decay,134,106,6,22.33,article,"Deppisch, F F, L. Graf, F. Iachello, and J. Kotila (2020a), “Analysis of light neutrino exchange and short-range mechanisms in 0νββ decay,” Phys. Rev. D 102 (9), 095016, arXiv:2009.10119 [hep-ph]."
U0351,B18,AGOSTINI,NAO,A269,OK,,1788422,Deppisch,Deppisch,3,2020,2020,2020-03-26,2003.11836,,"Phys.Rev.Lett. 125 (2020) 17, 171801",Searching for New Physics in Two-Neutrino Double Beta Decay,57,37,6,9.5,article,"Deppisch, F F, Lukas Graf, and F. Šimkovic (2020b), “Searching for New Physics in Two-Neutrino Double Beta Decay,” Phys. Rev. Lett. 125 (17), 171801, arXiv:2003.11836 [hep-ph]."
U0353,B18,AGOSTINI,NAO,A312,OK,,1809173,Esteban,Esteban,5,2020,2020,2020-07-27,2007.14792,,JHEP 09 (2020) 178,The fate of hints: updated global analysis of three-flavor neutrino oscillations,1665,1634,6,277.5,article,"Esteban, I, M. C. Gonzalez-Garcia, M. Maltoni, T. Schwetz, and Albert Zhou (2020), “The fate of hints: updated global analysis of three-flavor neutrino oscillations,” JHEP 09, 178, arXiv:2007.14792 [hep-ph]."
U0358,B18,AGOSTINI,NAO,A492,OK,,1795884,Lee,Lee,,2020,2020,2020-05-12,2005.05567,,"JINST 15 (2020) 08, C08010",AMoRE: A search for neutrinoless double-beta decay of 100Mo using low-temperature molybdenum-containing crystal detectors,44,39,6,7.33,article,"Lee, M H (AMoRE) (2020), “AMoRE: A search for neutrinoless double-beta decay of 100Mo using low-temperature molybdenum-containing crystal detectors,” JINST 15 (08), C08010, arXiv:2005.05567 [physics.ins-det]."
U0359,B18,AGOSTINI,NAO,A505,OK,,1807230,Liao,Liao,2,2020,2020,2020-07-16,2007.08125,,JHEP 11 (2020) 152,An explicit construction of the dimension-9 operator basis in the standard model effective field theory,118,112,6,19.67,article,"Liao, Yi, and Xiao-Dong Ma (2020), “An explicit construction of the dimension-9 operator basis in the standard model effective field theory,” JHEP 11, 152, arXiv:2007.08125 [hep-ph]."
U0360,B18,GONZALEZ-GARCIA,NAO,G068,OK,,1803362,M. Agostini et al. (BOREXINO),M. Agostini et al. (BOREXINO),,2020,2020,2020-06-26,2006.15115,,Nature 587 (2020) 577,Experimental evidence of neutrinos produced in the CNO fusion cycle in the Sun,266,189,6,44.33,article,"M. Agostini et al. (BOREXINO), Nature 587, 577 (2020), [arXiv:2006.15115]."
U0362,B19,AGOSTINI,NAO,A529,OK,,1823740,Mei,Mei,,2020,2020,2020-10-19,2010.09226,,,Topmetal CMOS direct charge sensing plane for neutrinoless double-beta decay search in high-pressure gaseous TPC,5,5,6,0.83,article,"Mei, Y, X. Sun, and N. Xu (2020), “Topmetal CMOS direct charge sensing plane for neutrinoless double-beta decay search in high-pressure gaseous TPC,” arXiv:2010.09226 [physics.ins-det]."
U0364,B19,GONZALEZ-GARCIA,NAO,G119,OK,,1803577,P. Adamson et al. (MINOS+),P. Adamson et al. (MINOS+),,2020,2020,2020-06-30,2006.15208,,"Phys.Rev.Lett. 125, 131802",Precision Constraints for Three-Flavor Neutrino Oscillations from the Full MINOS+ and MINOS Dataset,142,124,6,23.67,article,"P. Adamson et al. (MINOS+), Phys. Rev. Lett. 125, 13, 131802 (2020), [arXiv:2006.15208]."
U0366,B19,AGOSTINI,NAO,A607,OK,,1779408,Rebeiro,Rebeiro,,2020,2020,2020-02-07,2002.02987,,,"Benchmarking 136Xe Neutrinoless beta-beta Decay Matrix Element Calculations with the 138Ba(p,t) Reaction",17,10,6,2.83,article,"Rebeiro, B M, et al. (2020), “Benchmarking 136 Xe Neutrinoless ββ Decay Matrix Element Calculations with the Ba(p, t) Reaction,” arXiv:2002.02987."
U0367,B19,AGOSTINI,NAO,A673,OK,,1784487,Terasaki,Terasaki,,2020,2020,2020-03-07,2003.03542,,"Phys.Rev.C 102, 044303",Strength of the isoscalar pairing interaction determined by a relation between double-charge change and double-pair transfer for double-beta decay,41,34,6,6.83,article,"Terasaki, J (2020), “Strength of the isoscalar pairing interaction determined by a relation between double-charge change and double-pair transfer for double- β decay,” Phys. Rev. C 102 (4), 044303, arXiv:2003.03542 [nucl-th]."
U0369,B19,GONZALEZ-GARCIA,NAO,G130,OK,,1804293,A. A. Aguilar-Arevalo et al. (MiniBooNE),A. A. Aguilar-Arevalo et al. (MiniBooNE),,2021,2020,2020-06-30,2006.16883,,"Phys.Rev.D 103, 052002",Updated MiniBooNE neutrino oscillation results with increased data and new background studies,350,280,6,58.33,article,"A. A. Aguilar-Arevalo et al. (MiniBooNE), Phys. Rev. D 103, 5, 052002 (2021), [arXiv:2006.16883]."
U0370,B19,GONZALEZ-GARCIA,NAO,G167,OK,,1795886,A. P. Serebrov et al.,A. P. Serebrov et al.,,2021,2020,2020-05-09,2005.05301,,"Phys.Rev.D 104, 032003",Search for sterile neutrinos with the Neutrino-4 experiment and measurement results,162,145,6,27.0,article,"A. P. Serebrov et al., Phys. Rev. D 104, 3, 032003 (2021), [arXiv:2005.05301]."
U0374,B19,AGOSTINI,NAO,A018,OK,,1796355,Adams,Adams,,2021,2020,2020-05-13,2005.06467,,"JHEP 2021 (08), 164",Sensitivity of a tonne-scale NEXT detector for neutrinoless double beta decay searches,108,65,6,18.0,article,"Adams, C, et al. (NEXT) (2021a), “Sensitivity of a tonnescale NEXT detector for neutrinoless double beta decay searches,” JHEP 2021 (08), 164, arXiv:2005.06467 [physics.ins-det]."
U0375,B19,AGOSTINI,NAO,A019,OK,,1837923,Adams,Adams,,2021,2020,2020-12-21,2012.11749,,"Phys.Rev.Lett. 126, 171801",Measurement of the 2vbb Decay Half-Life of 130Te with CUORE,61,28,6,10.17,article,"Adams, D Q, et al. (CUORE) (2021b), “Measurement of the 2νββ Decay Half-Life of 130 Te with CUORE,” Phys. Rev. Lett. 126 (17), 171801, arXiv:2012.11749 [nucl-ex]."
U0376,B19,AGOSTINI,NAO,A027,OK,,1838396,Agostini,Agostini,,2021,2020,2020-12-27,2012.13938,,"Phys.Rev.D 103, 033008",Discovery probabilities of Majorana neutrinos based on cosmological data,10,4,6,1.67,article,"Agostini, M, G. Benato, S. Dell’Oro, S. Pirro, and F. Vissani (2021a), “Discovery probabilities of Majorana neutrinos based on cosmological data,” Phys. Rev. D 103 (3), 033008, arXiv:2012.13938 [hep-ph]."
U0378,B19,AGOSTINI,NAO,A030,OK,,1837071,Agostini,Agostini,,2021,2020,2020-12-16,2012.09281,,"Phys.Lett.B 815, 136127",Search for Light Exotic Fermions in Double-Beta Decays,21,16,6,3.5,article,"Agostini, M, E. Bossio, A. Ibarra, and X. Marcano (2021c), “Search for Light Exotic Fermions in Double-Beta Decays,” Phys. Lett. B 815, 136127, arXiv:2012.09281 [hep-ph]."
U0380,B19,AGOSTINI,NAO,A044,OK,,1812757,Ajimura,Ajimura,,2021,2020,2020-08-20,2008.09288,,"Phys.Rev.D 103, 092008",Low background measurement in CANDLES-III for studying the neutrino-less double beta decay of 48Ca,35,21,6,5.83,article,"Ajimura, S, et al. (CANDLES) (2021), “Low background measurement in CANDLES-III for studying the neutrino-less double beta decay of 48 Ca,” Phys. Rev. D 103 (9), 092008, arXiv:2008.09288 [hep-ex]."
U0401,B21,GONZALEZ-GARCIA,NAO,G196,OK,,1802107,P. F. de Salas et al.,P. F. de Salas,,2021,2020,2020-06-19,2006.11237,,"JHEP 02, 071",2020 global reassessment of the neutrino oscillation picture,959,835,6,159.83,article,"P. F. de Salas et al., JHEP 02, 071 (2021), [arXiv:2006.11237]."
U0409,B21,GONZALEZ-GARCIA,NAO,G168,OK,,1780817,Y. Abreu et al. (SoLid),Y. Abreu,,2021,2020,2020-02-14,2002.05914,,"JINST 16, P02025",SoLid: a short baseline reactor neutrino experiment,60,46,6,10.0,article,"Y. Abreu et al. (SoLid), JINST 16, 02, P02025 (2021), [arXiv:2002.05914]."
U0439,B22,GONZALEZ-GARCIA,NAO,G161,OK,,1827478,Z. Atif et al. (RENO,Z. Atif,,2022,2020,2020-11-02,2011.00896,,"Phys.Rev.D 105, L111101",Search for sterile neutrino oscillations using RENO and NEOS data,75,68,6,12.5,article,"Z. Atif et al. (RENO, NEOS), Phys. Rev. D 105, 11, L111101 (2022), [arXiv:2011.00896]."
U0870,B44,AGOSTINI,NAO,A042,OK,,1768982,Ahmed,Ahmed,2,2020,2020,2019-12-05,,,Phys.Rev.C 101 (2020) 035504,Interference Effects for $0\nu\beta\beta$ Decay in the Left-Right Symmetric Model,12,9,6,2.0,article,"Ahmed, F, and M. Horoi (2020), “Interference Effects for 0νββ Decay in the Left-Right Symmetric Model,” Phys. Rev. C 101, 035504."
U0871,B44,AGOSTINI,NAO,A130,OK,,1820310,Barabash,Barabash,1,2020,2020,2020-09-27,2009.14451,,Universe 6 (2020) 159,Precise Half-Life Values for Two-Neutrino Double-β Decay: 2020 Review,153,129,6,25.5,article,"Barabash, A (2020), “Precise Half-Life Values for Two- Neutrino Double-β Decay: 2020 Review,” Universe 6, 159, 2009.14451."
U0872,B44,AGOSTINI,NAO,A153,OK,,1838604,Belli,Belli,7,2020,2020,2020-12-13,,,Universe 6 (2020) 239,Double Beta Decay to Excited States of Daughter Nuclei,20,14,6,3.33,article,"Belli, P, R. Bernabei, F. Cappella, V. Caracciolo, R. Cerulli, A. Incicchitti, and V. Merlo (2020), “Double Beta Decay to Excited States of Daughter Nuclei,” Universe 6 (12), 239."
U0873,B44,AGOSTINI,NAO,A171,OK,,1676540,Bodenstein-Dresler,Bodenstein-Dresler,,2020,2020,2018-06-06,,,"Phys.Lett.B 800, 135092 (2020)",Quenching of $g_{\rm A}$ deduced from the $\beta$-spectrum shape of $^{113}$Cd measured with the COBRA experiment,50,18,6,8.33,article,"Bodenstein-Dresler, L, et al. (COBRA) (2020), “Quenching of gA deduced from the β-spectrum shape of 113 Cd measured with the COBRA experiment,” Phys. Lett. B 800, 135092."
U0874,B44,AGOSTINI,NAO,A236,OK,,1774033,Coraggio,Coraggio,5,2020,2020,2020-01-03,2001.00890,,Phys.Rev.C 101 (2020) 044315,Calculation of the neutrinoless double-β decay matrix element within the realistic shell model,112,98,6,18.67,article,"Coraggio, L, A. Gargano, N. Itaco, R. Mancino, and F. Nowacki (2020), “The calculation of the neutrinoless double-beta decay matrix element within the realistic shell model,” Phys. Rev. C 101, 044315, 2001.00890."
U0875,B44,AGOSTINI,NAO,A259,OK,,1781277,Dekens,Dekens,5,2020,2020,2020-02-17,,,JHEP 06 (2020) 097,Sterile neutrinos and neutrinoless double beta decay in effective field theory,117,90,6,19.5,article,"Dekens, Wouter, Jordy de Vries, Kaori Fuyuto, Emanuele Mereghetti, and Guanghui Zhou (2020), “Sterile neutrinos and neutrinoless double beta decay in effective field theory,” JHEP 06, 097."
U0876,B44,AGOSTINI,NAO,A346,OK,,1792678,Fukuda,Fukuda,8,2020,2020,2020-03-21,,,J.Phys.Conf.Ser. 1468 (2020) 012139,ZICOS - Neutrinoless Double Beta Decay experiment using Zr-96 with an organic liquid scintillator,10,7,6,1.67,proceedings,"Fukuda, Y, S. Moriyama, K. Hiraide, I. Ogawa, T. Gunji, R. Hayami, S. Tsukadaw, and S. Kurosawa (2020), “ZICOS - Neutrinoless Double Beta Decay experiment using Zr-96 with an organic liquid scintillator -,” J. Phys. Conf. Ser. 1468 (1), 012139."
U0877,B44,AGOSTINI,NAO,A355,OK,,1792567,Gando,Gando,1,2020,2020,2020-03-21,,,J.Phys.Conf.Ser. 1468 (2020) 012142,First results of KamLAND-Zen 800,38,30,6,6.33,proceedings,"Gando, Y (KamLAND-Zen) (2020), “First results of KamLAND-Zen 800,” J. Phys. Conf. Ser. 1468 (1), 012142."
U0878,B44,AGOSTINI,NAO,A387,NAO_ENCONTRADO,,,Grant,Grant,1,2020,,,,,,Results from kamland-zen and sno+,,,6,,,"Grant, C (2020), “Results from kamland-zen and sno+,” ."
U0879,B44,AGOSTINI,NAO,A420,OK,,1853563,Higashiyama,Higashiyama,6,2020,2020,2020-01-22,,,J.Phys.G 47 (2020) 035102,Nuclear matrix elements of neutrinoless double beta decay for masses 130 and 136 in the shell model,3,3,6,0.5,article,"Higashiyama, K, K. Yanase, N. Yoshinaga, A. Umeya, and E. Uehara, A. Teruya (2020), J. Phys G."
U0880,B44,AGOSTINI,NAO,A426,OK,,1807717,Hoferichter,Hoferichter,3,2020,2020,2020-07-16,2007.08529,,Phys.Rev.D 102 (2020) 074018,Coherent elastic neutrino-nucleus scattering: EFT analysis and nuclear responses,186,157,6,31.0,article,"Hoferichter, M, J. Menéndez, and A. Schwenk (2020), “Coherent elastic neutrino-nucleus scattering: EFT analysis and nuclear responses,” Phys. Rev. D 102, 074018, 2007.08529."
U0881,B45,AGOSTINI,NAO,A436,OK,,1776426,Ianni,Ianni,1,2020,2020,2020-01-17,,,"J. Phys. Conf. Ser. 1342 (1), 012003",Considerations on Underground Laboratories,8,8,6,1.33,proceedings,"Ianni, Aldo (2020), “Considerations on Underground Laboratories,” J. Phys. Conf. Ser. 1342 (1), 012003."
U0883,B45,AGOSTINI,NAO,A482,OK,,1800854,Kumar,Kumar,4,2020,2020,2020-06-09,2007.08122,,"Phys. Rev. C 101, 064304",Second-forbidden nonunique β− decays of Na24 and Cl36 assessed by the nuclear shell model,36,9,6,6.0,article,"Kumar, A, P. C. Srivastava, J. Kostensalo, and J. Suhonen (2020), “Second-forbidden nonunique β− decays of Na24 and Cl36 assessed by the nuclear shell model,” Phys. Rev. C 101, 064304, 2007.08122."
U0884,B45,AGOSTINI,NAO,A548,OK,,1828915,Morrison,Morrison,,2020,2020,2020-11-04,,,"Phys. Rev. C 102, 054304",Quadrupole deformation of 130Xe measured in a Coulomb-excitation experiment,27,23,6,4.5,article,"Morrison, L, et al. (2020), “Quadrupole deformation of 130 Xe measured in a Coulomb-excitation experiment,” Phys. Rev. C 102, 054304."
U0886,B45,AGOSTINI,NAO,A589,OK,,1792295,Pisanti,Pisanti,1,2020,2020,2020-03-21,,,"J. Phys. Conf. Ser. 1468 (1), 012010",Improved nuclear reaction network for a reliable estimate of primordial Deuterium yield,1,1,6,0.17,proceedings,"Pisanti, O (2020), “Improved nuclear reaction network for a reliable estimate of primordial Deuterium yield,” J. Phys. Conf. Ser. 1468 (1), 012010."
U0887,B45,AGOSTINI,NAO,A615,OK,,1805401,Rivilla,Rivilla,,2020,2020,2020-06-22,,,"Nature 583 (7814), 48-54",Fluorescent bicolour sensor for low-background neutrinoless double β decay experiments,29,18,6,4.83,article,"Rivilla, I, et al. (2020), “Fluorescent bicolour sensor for lowbackground neutrinoless double β decay experiments,” Nature 583 (7814), 48-54."
U0888,B45,AGOSTINI,NAO,A635,OK,,1784439,Sarkar,Sarkar,3,2020,2020,2020-03-09,2003.04002,,"Phys. Rev. C 102, 034317",Nuclear matrix elements for λ mechanism of 0νββ of 48Ca in nuclear shell-model: Closure versus nonclosure approach,14,7,6,2.33,article,"Sarkar, S, Y. Iwata, and P. K. Raina (2020), “Nuclear matrix elements for λ mechanism of 0νββ of 48 Ca in nuclear shellmodel: Closure versus nonclosure approach,” Phys. Rev. C 102, 034317, 2003.04002."
U0889,B45,AGOSTINI,NAO,A744,OK,,1812251,Zyla,Zyla,,2020,2020,2020-08-14,,,"PTEP 2020 (8), 083C01",Review of Particle Physics,6840,5879,6,1140.0,review,"Zyla, P A, et al. (Particle Data Group) (2020), “Review of Particle Physics,” PTEP 2020 (8), 083C01, and 2021 update."
U0893,B45,AGOSTINI,NAO,A227,OK,,1837807,Cirigliano,Cirigliano,5,2021,2020,2020-12-21,2012.11602,,"Phys. Rev. Lett. 126, 172002",Toward Complete Leading-Order Predictions for Neutrinoless Double β Decay,101,69,6,16.83,article,"Cirigliano, V, W. Dekens, J. de Vries, M. Hoferichter, and E. Mereghetti (2021b), “Toward Complete Leading-Order Predictions for Neutrinoless Double β Decay,” Phys. Rev. Lett. 126, 172002, 2012.11602."
U0895,B45,AGOSTINI,NAO,A252,OK,,1834605,Davoudi,Davoudi,2,2021,2020,2020-12-03,2012.02083,,"Phys. Rev. Lett. 126, 152003",Path from Lattice QCD to the Short-Distance Contribution to 0νββ Decay with a Light Majorana Neutrino,50,41,6,8.33,article,"Davoudi, Z, and S. V. Kadam (2021), “Path from Lattice QCD to the Short-Distance Contribution to 0νββ Decay with a Light Majorana Neutrino,” Phys. Rev. Lett. 126, 152003, 2012.02083."
U0900,B45,AGOSTINI,NAO,A503,OK,U0395,1814774,Li,Li,3,2021,2020,2020-09-02,,,"Phys. Rev. Lett. 126, 151801",Left-Right Symmetry and Leading Contributions to Neutrinoless Double Beta Decay,46,34,6,7.67,article,"Li, Gang, Michael Ramsey-Musolf, and Juan Carlos Vasquez (2021b), “Left-Right Symmetry and Leading Contributions to Neutrinoless Double Beta Decay,” Phys. Rev. Lett. 126, 151801."
U0904,B46,AGOSTINI,NAO,A646,OK,,1828789,Shimizu,"Shimizu, N",,2021,2020,2020-11-05,2011.03157,,"Phys. Rev. C 103, 014312",Variational approach with the superposition of the symmetry-restored quasiparticle vacua for nuclear shell-model calculations,43,26,6,7.17,,"Shimizu, N, Y. Tsunoda, Y. Utsuno, and T. Otsuka (2021), “Variational approach with the superposition of the symmetry-restored quasiparticle vacua for nuclear shell-model calculations,” Phys. Rev. C 103, 014312, 2011.03157."
U0907,B46,AGOSTINI,NAO,A729,OK,,1823722,Yao,"Yao, J M",,2021,2020,2020-10-16,2010.08609,,"Phys. Rev. C 103, 014315",Ab initio benchmarks of neutrinoless double beta decay in light nuclei with a chiral Hamiltonian,44,23,6,7.33,,"Yao, J M, A. Belley, R. Wirth, T. Miyagi, C. G. Payne, S. R. Stroberg, H. Hergert, and J. D. Holt (2021), “Abinitio benchmarks of neutrinoless double-β decay in light nuclei with a chiral Hamiltonian,” Phys. Rev. C 103, 014315, 2010.08609."
U0962,B49,AGOSTINI,NAO,A052,OK,,1778338,Al Kharusi,"Al Kharusi, S.",,2020,2020,2020-01-31,2002.00108,,"Phys.Rev.Lett. 124, 232502",Measurement of the Spectral Shape of the β-Decay of 137Xe to the Ground State of 137Cs in EXO-200 and Comparison with Theory,11,8,6,1.83,article,"Al Kharusi, S, et al. (EXO-200) (2020), “Measurement of the Spectral Shape of the β-Decay of 137 Xe to the Ground State of 137 Cs in EXO-200 and Comparison with Theory,” Phys. Rev. Lett. 124, 232502, 2002.00108."
U0964,B50,AGOSTINI,NAO,A651,OK,,1773812,Söderström,"Söderström, P A",,2020,2020,2020-01-02,2001.00554,,"Nature Commun. 11, 3242",Electromagnetic character of the competitive γγ/γ-decay from 137mBa,21,13,6,3.5,article,"Söderström, P A, et al. (2020), “Electromagnetic character of the competitive γγ/γ-decay from 137m Ba,” Nature Commun. 11, 3242, 2001.00554."
U0966,B50,AGOSTINI,NAO,A568,OK,,1838627,Nzobadila Ondze,"Nzobadila Ondze, J C",,2021,2020,2020-12-28,,,"Phys. Rev. C 103, 034329","Investigation of pair-correlated 0+ states in 134Ba via the 136Ba(p,t) reaction",7,3,6,1.17,article,"Nzobadila Ondze, J C, et al. (2021), “Investigation of paircorrelated 0+ states in 134 Ba via the 136 Ba(p, t) reaction,” Phys. Rev. C 103, 034329."
U0371,B19,AGOSTINI;GONZALEZ-GARCIA,SIM,A014;G241,OK,,1892243,Abgrall,Abgrall,,2021,2021,2021-07-23,2107.11462,,,The Large Enriched Germanium Experiment for Neutrinoless beta-beta Decay,333,192,5,66.6,article,"Abgrall, N, et al. (LEGEND) (2021), “The Large Enriched Germanium Experiment for Neutrinoless ββ Decay: LEGEND-1000 Preconceptual Design Report,” arXiv:2107.11462 [physics.ins-det]."
U0372,B19,AGOSTINI,NAO,A015,OK,,1856627,Abi,Abi,,2021,2021,2021-04-07,2104.03281,,"Phys.Rev.Lett. 126, 141801",Measurement of the Positive Muon Anomalous Magnetic Moment to 0.46 ppm,2178,2009,5,435.6,article,"Abi, B, et al. (Muon g-2) (2021), “Measurement of the Positive Muon Anomalous Magnetic Moment to 0.46 ppm,” Phys. Rev. Lett. 126 (14), 141801, arXiv:2104.03281 [hep-ex]."
U0373,B19,AGOSTINI;GONZALEZ-GARCIA,SIM,A016;G159,OK,,1856344,Abusleme,Abusleme,,2021,2021,2021-04-06,2104.02565,,"Prog.Part.Nucl.Phys. 123, 103927",JUNO physics and detector,582,283,5,116.4,article,"Abusleme, A, et al. (JUNO) (2021), “JUNO Physics and Detector,” arXiv:2104.02565 [hep-ex]."
U0377,B19,AGOSTINI,NAO,A029,OK,,1887890,Agostini,Agostini,,2021,2021,2021-07-19,2107.09104,,"Phys.Rev.C 104, L042501",Testing the inverted neutrino mass ordering with neutrinoless double-beta decay,32,22,5,6.4,article,"Agostini, M, G. Benato, J. A. Detwiler, J. Menéndez, and F. Vissani (2021b), “Testing the inverted neutrino mass ordering with neutrinoless double-β decay,” Phys. Rev. C 104 (4), L042501, arXiv:2107.09104 [hep-ph]."
U0379,B19,AGOSTINI,NAO,A040,OK,,1848255,Agrawal,Agrawal,,2021,2021,2021-02-24,2102.12143,,"Eur.Phys.J.C 81, 1015",Feebly-Interacting Particles: FIPs 2020 Workshop Report,388,250,5,77.6,article,"Agrawal, Prateek, et al. (2021), “Feebly-interacting particles: FIPs 2020 workshop report,” Eur. Phys. J. C 81 (11), 1015, arXiv:2102.12143 [hep-ph]."
U0381,B20,AGOSTINI;GONZALEZ-GARCIA,SIM,A055;G243,OK,,1860511,Albanese,"Albanese, V",,2021,2021,2021-04-23,2104.11687,,,The SNO+ Experiment,218,156,5,43.6,preprint,"Albanese, V, et al. (SNO+) (2021), “The SNO+ Experiment,” arXiv:2104.11687 [physics.ins-det]."
U0382,B20,AGOSTINI,NAO,A089,OK,,1833573,Armengaud,"Armengaud, E",,2021,2021,2020-11-26,2011.13243,,"Phys.Rev.Lett. 126, 181802",New Limit for Neutrinoless Double-Beta Decay of $^{100}$Mo from the CUPID-Mo Experiment,123,76,5,24.6,article,"Armengaud, E, et al. (CUPID) (2021), “New Limit for Neutrinoless Double-Beta Decay of 100 Mo from the CUPID- Mo Experiment,” Phys. Rev. Lett. 126 (18), 181802, arXiv:2011.13243 [nucl-ex]."
U0383,B20,AGOSTINI,NAO,A126,OK,,1826410,Bally,"Bally, B; A. Sanchez-Fernandez; T. R. Rodriguez",3,2021,2021,2020-10-27,2010.14169,,"Eur.Phys.J.A 57, 69",Symmetry-projected variational calculations with the numerical suite TAURUS: I. Variation after particle-number projection,29,18,5,5.8,article,"Bally, B, A. Sánchez-Fernández, and T. R. Rodrı́guez (2021), “Symmetry-projected variational calculations with the numerical suite TAURUS: I. Variation after particlenumber projection,” Eur. Phys. J. A 57 (2), 69, [Erratum: Eur.Phys.J.A 57, 124 (2021)], arXiv:2010.14169 [nucl-th]."
U0384,B20,AGOSTINI,NAO,A152,OK,,1811887,Belley,"Belley, A; C. G. Payne; S. R. Stroberg; T. Miyagi; J. D. Holt",5,2021,2021,2020-08-14,2008.06588,,"Phys.Rev.Lett. 126, 042502","Ab initio neutrinoless double-beta decay matrix elements for 48Ca, 76Ge, and 82Se",132,114,5,26.4,article,"Belley, A, C. G. Payne, S. R. Stroberg, T. Miyagi, and J. D. Holt (2021), “AbInitio Neutrinoless Double-Beta Decay Matrix Elements for 48 Ca , 76 Ge , and 82 Se,” Phys. Rev. Lett. 126, 042502, arXiv:2008.06588."
U0385,B20,AGOSTINI,NAO,A164,OK,,1817389,Bhattiprolu,"Bhattiprolu, P N; S. P. Martin; J. D. Wells",3,2021,2021,2020-09-15,2009.07249,,"Eur.Phys.J.C 81, 123",Criteria for projected discovery and exclusion sensitivities of counting experiments,38,35,5,7.6,article,"Bhattiprolu, P N, S. P. Martin, and J. D. Wells (2021), “Criteria for projected discovery and exclusion sensitivities of counting experiments,” Eur. Phys. J. C 81 (2), 123, arXiv:2009.07249 [physics.data-an]."
U0386,B20,AGOSTINI,NAO,A179,OK,,1833580,Bolton,"Bolton, P D; F. F. Deppisch; L. Graf; F. Simkovic",4,2021,2021,2020-11-26,2011.13387,,"Phys.Rev.D 103, 055019",Two-Neutrino Double Beta Decay with Sterile Neutrinos,48,31,5,9.6,article,"Bolton, P D, F. F. Deppisch, Lukáš G., and F. Šimkovic (2021), “Two-Neutrino Double Beta Decay with Sterile Neutrinos,” Phys. Rev. D 103 (5), 055019, arXiv:2011.13387 [hep-ph]."
U0387,B20,AGOSTINI,NAO,A184,OK,,1805352,Bouet,"Bouet, R",,2021,2021,2020-07-06,2007.02570,,"JINST 16, P03012",R2D2 spherical TPC: first energy resolution results,19,3,5,3.8,article,"Bouet, R, et al. (2021), “R2D2 spherical TPC: first energy resolution results,” JINST 16 (03), P03012, arXiv:2007.02570 [physics.ins-det]."
U0388,B20,AGOSTINI,NAO,A185,OK,,1912347,Brase,"Brase, Catharina; Javier Menendez; Eduardo Antonio Coello Perez; Achim Schwenk",4,2021,2021,2021-08-26,2108.11805,,,Neutrinoless double-beta decay from an effective field theory for heavy nuclei,25,17,5,5.0,preprint,"Brase, Catharina, Javier Menéndez, Eduardo Antonio Coello Pérez, and Achim Schwenk (2021), “Neutrinoless doublebeta decay from an effective field theory for heavy nuclei,” arXiv:2108.11805 [nucl-th]."
U0389,B20,AGOSTINI,NAO,A202,OK,,1873735,Capozzi,"Capozzi, F; E. Di Valentino; E. Lisi; A. Marrone; A. Melchiorri; A. Palazzo",6,2021,2021,2021-07-01,2107.00532,,"Phys.Rev.D 104, 083031",The unfinished fabric of the three neutrino paradigm,295,270,5,59.0,article,"Capozzi, F, E. Di Valentino, E. Lisi, A. Marrone, A. Melchiorri, and A. Palazzo (2021), “Unfinished fabric of the three neutrino paradigm,” Phys. Rev. D 104 (8), 083031, arXiv:2107.00532 [hep-ph]."
U0390,B20,AGOSTINI,NAO,A253,OK,,1813226,Davoudi,"Davoudi, Zohreh; William Detmold; Kostas Orginos; Assumpta Parreno; Martin J. Savage; Phiala Shanahan; Michael L. Wagman",7,2021,2021,2020-08-25,2008.11160,,"Phys.Rept. 900, 1-74",Nuclear matrix elements from lattice QCD for electroweak and beyond-Standard-Model processes,97,52,5,19.4,review,"Davoudi, Zohreh, William Detmold, Kostas Orginos, Assumpta Parreño, Martin J. Savage, Phiala Shanahan, and Michael L. Wagman (2021), “Nuclear matrix elements from lattice QCD for electroweak and beyond-Standard-Model processes,” Phys. Rept. 900, 1-74, arXiv:2008.11160 [hep-lat]."
U0391,B20,AGOSTINI,NAO,A449,OK,,1976831,Jokiniemi,"Jokiniemi, L; T. Miyagi; S. R. Stroberg; J. D. Holt; J. Kotila; J. Suhonen",6,2021,2021,2021-11-25,2111.12992,,,Ab initio calculation of muon capture on $^{24}$Mg,23,10,5,4.6,preprint,"Jokiniemi, L, T. Miyagi, S. R. Stroberg, J. D. Holt, J. Kotila, and J. Suhonen (2021a), “Ab initio calculation of muon capture on 24 Mg,” arXiv:2111.12992 [nucl-th]."
U0392,B20,AGOSTINI,NAO,A454,OK,,1920889,Jones,"Jones, B J P",,2021,2021,2021-09-08,2109.05902,,,The Dynamics of Ions on Phased Radio-frequency Carpets in High Pressure Gases and Application for Barium Tagging in Xenon Gas Time Projection Chambers,10,2,5,2.0,preprint,"Jones, B J P, et al. (NEXT) (2021), “The Dynamics of Ions on Phased Radio-frequency Carpets in High Pressure Gases and Application for Barium Tagging in Xenon Gas Time Projection Chambers,” arXiv:2109.05902 [physics.ins-det]."
U0393,B20,AGOSTINI,NAO,A480,OK,,1946645,Kotila,"Kotila, Jenni; Jacopo Ferretti; Francesco Iachello",3,2021,2021,2021-10-18,2110.09141,,,Long-range neutrinoless double beta decay mechanisms,16,14,5,3.2,preprint,"Kotila, Jenni, Jacopo Ferretti, and Francesco Iachello (2021), “Long-range neutrinoless double beta decay mechanisms,” arXiv:2110.09141 [hep-ph]."
U0394,B20,AGOSTINI,NAO,A487,OK,,1809443,Land,"Land, B J; Z. Bagdasarian; J. Caravaca; M. Smiley; M. Yeh; G. D. Orebi Gann",6,2021,2021,2020-07-29,2007.14999,,"Phys.Rev.D 103, 052004",MeV-scale performance of water-based and pure liquid scintillator detectors,48,31,5,9.6,article,"Land, B J, Z. Bagdasarian, J. Caravaca, M. Smiley, M. Yeh, and G. D. Orebi Gann (2021), “MeV-scale performance of water-based and pure liquid scintillator detectors,” Phys. Rev. D 103 (5), 052004, arXiv:2007.14999 [physics.ins-det]."
U0395,B20,AGOSTINI,NAO,A502,OK,,1814774,Li,"Li, Gang; Michael Ramsey-Musolf; Juan Carlos Vasquez",3,2021,2021,2020-09-02,2009.01257,,"Phys.Rev.Lett. 126, 151801",Left-Right Symmetry and Leading Contributions to Neutrinoless Double Beta Decay,46,34,5,9.2,article,"Li, Gang, Michael Ramsey-Musolf, and Juan Carlos Vasquez (2021a), “Left-Right Symmetry and Leading Contributions to Neutrinoless Double Beta Decay,” Phys. Rev. Lett. 126 (15), 151801, arXiv:2009.01257 [hep-ph]."
U0396,B20,AGOSTINI,NAO,A504,OK,,1807482,Li,"Li, Hao-Lin; Zhe Ren; Ming-Lei Xiao; Jiang-Hao Yu; Yu-Hui Zheng",5,2021,2021,2020-07-15,2007.07899,,"Phys.Rev.D 104, 015025",Complete set of dimension-nine operators in the standard model effective field theory,135,89,5,27.0,article,"Li, Hao-Lin, Zhe Ren, Ming-Lei Xiao, Jiang-Hao Yu, and Yu- Hui Zheng (2021c), “Complete set of dimension-nine operators in the standard model effective field theory,” Phys. Rev. D 104 (1), 015025, arXiv:2007.07899 [hep-ph]."
U0397,B20,GONZALEZ-GARCIA,NAO,G165,OK,,1802101,M. Andriamirado et al. (PROSPECT),M. Andriamirado et al. (PROSPECT),,2021,2021,2020-06-19,2006.11210,,"Phys.Rev.D 103, 032001",Improved short-baseline neutrino oscillation search and energy spectrum measurement with the PROSPECT experiment at HFIR,192,153,5,38.4,article,"M. Andriamirado et al. (PROSPECT), Phys. Rev. D 103, 3, 032001 (2021), [arXiv:2006.11210]."
U0398,B20,GONZALEZ-GARCIA,NAO,G097,OK,,1811168,M. G. Aartsen et al. (IceCube-Gen2),M. G. Aartsen et al. (IceCube-Gen2),,2021,2021,2020-08-10,2008.04323,,"J.Phys.G 48, 060501",IceCube-Gen2: the window to the extreme Universe,852,514,5,170.4,article,"M. G. Aartsen et al. (IceCube-Gen2), J. Phys. G 48, 6, 060501 (2021), [arXiv:2008.04323]."
U0399,B20,AGOSTINI,NAO,A564,OK,,1812955,Novario,"Novario, S; P. Gysbers; J. Engel; G. Hagen; G. R. Jansen; T. D. Morris; P. Navratil; T. Papenbrock; S. Quaglioni",9,2021,2021,2020-08-21,2008.09696,,"Phys.Rev.Lett. 126, 182502",Coupled-Cluster Calculations of Neutrinoless Double-β Decay in ⁴⁸Ca,113,98,5,22.6,article,"Novario, S, P. Gysbers, J. Engel, G. Hagen, G. R. Jansen, T. D. Morris, P. Navrátil, T. Papenbrock, and S. Quaglioni (2021), “Coupled-Cluster Calculations of Neutrinoless Double-β Decay in 48 Ca,” Phys. Rev. Lett. 126, 182502, arXiv:2008.09696. NSAC NLDBD Subcommittee, (2014), “Report to the nuclear science advisory committee,” https: //science.osti.gov/-/media/np/nsac/pdf/docs/2014/ NLDBD_Report_2014_Final.pdf. NSAC NLDBD Subcommittee, (2015), “Report to the nuclear science advisory committee,” https: //science.osti.gov/-/media/np/nsac/pdf/docs/2016/ NLDBD_Report_2015_Final_Nov18.pdf."
U0400,B20,AGOSTINI,NAO,A570,OK,,1887093,Ohlsson,"Ohlsson, T; M. Pernow",2,2021,2021,2021-07-19,2107.08771,,"JHEP 09, 111",Flavor Symmetries in the Yukawa Sector of Non-Supersymmetric SO(10): Numerical Fits Using Renormalization Group Running,6,5,5,1.2,article,"Ohlsson, T, and M. Pernow (2021), “Flavor symmetries in the Yukawa sector of non-supersymmetric SO(10): numerical fits using renormalization group running,” JHEP 09, 111, arXiv:2107.08771 [hep-ph]."
U0402,B21,AGOSTINI,NAO,A625,OK,,1847865,Romeo,"Romeo, B",3,2021,2021,2021-02-22,2102.11101,,,γγ decay as a probe of neutrinoless ββ decay nuclear matrix elements,29,19,5,5.8,preprint,"Romeo, B, J. Menéndez, and C. Peña (2021), “γγ decay as a probe of neutrinoless ββ decay nuclear matrix elements,” arXiv:2102.11101."
U0403,B21,AGOSTINI,NAO,A626,OK,,1862611,Romero,"Romero, A M",5,2021,2021,2021-05-07,2105.03471,,"Phys.Rev.C 104, 054317",Application of an efficient generator-coordinate subspace-selection algorithm to neutrinoless double-β decay,11,3,5,2.2,article,"Romero, A M, J. M. Yao, B. Bally, T. R. Rodrı́guez, and J. Engel (2021), “Application of an efficient generator-coordinate subspace-selection algorithm to neutrinoless double-β decay,” Phys. Rev. C 104 (5), 054317, arXiv:2105.03471 [nucl-th]."
U0404,B21,GONZALEZ-GARCIA,NAO,G134,OK,,1860978,S. Ajimura et al. (JSNS2),S. Ajimura,,2021,2021,2021-04-27,2104.13169,,"Nucl.Instrum.Meth.A 1014, 165742",The JSNS^2 Detector,57,36,5,11.4,article,"S. Ajimura et al. (JSNS2), Nucl. Instrum. Meth. A 1014, 165742 (2021), [arXiv:2104.13169]."
U0405,B21,GONZALEZ-GARCIA,NAO,G145,OK,,1849502,V. Kopeikin,V. Kopeikin,3,2021,2021,2021-03-02,2103.01684,,"Phys.Rev.D 104, L071301",Reevaluating reactor antineutrino spectra with new measurements of the ratio between U235 and Pu239 β spectra,121,120,5,24.2,article,"V. Kopeikin, M. Skorokhvatov and O. Titov, Phys. Rev. D 104, 7, L071301 (2021), [arXiv:2103.01684]."
U0406,B21,AGOSTINI,NAO,A695,OK,,1849976,Vissani,"Vissani, F",1,2021,2021,2021-03-03,2103.02642,,"Universe 7, 61","What Is Matter According to Particle Physics, and Why Try to Observe Its Creation in a Lab?",10,5,5,2.0,article,"Vissani, F (2021), “What Is Matter According to Particle Physics, and Why Try to Observe Its Creation in a Lab?” Universe 7 (3), 61, arXiv:2103.02642 [hep-ph]."
U0407,B21,AGOSTINI,NAO,A715,OK,,1990698,Weiss,"Weiss, Ronen",5,2021,2021,2021-12-15,2112.08146,,,Neutrinoless double-β decay: Combining quantum Monte Carlo and the nuclear shell model with the generalized contact formalism,48,26,5,9.6,preprint,"Weiss, Ronen, Pablo Soriano, Alessandro Lovato, Jaview Menendez, and R. B. Wiringa (2021), “Neutrinoless double-beta decay: combining quantum Monte Carlo and the nuclear shell model with the generalized contact formalism,” arXiv:2112.08146 [nucl-th]."
U0408,B21,AGOSTINI,NAO,A722,OK,,1863037,Wirth,"Wirth, R",3,2021,2021,2021-05-11,2105.05415,,,Ab Initio Calculation of the Contact Operator Contribution in the Standard Mechanism for Neutrinoless Double Beta Decay,83,72,5,16.6,preprint,"Wirth, R, J. M. Yao, and H. Hergert (2021), “Ab initio calculation of the contact operator contribution in the standard mechanism for neutrinoless double beta decay,” arXiv:2105.05415."
U0412,B21,AGOSTINI;GONZALEZ-GARCIA,SIM,A020;G247,OK,,2063810,Adams,"Adams, D Q",,2022,2021,2021-04-14,2104.06906,,"Nature 604, 53",Search for Majorana neutrinos exploiting millikelvin cryogenics with CUORE,260,162,5,52.0,article,"Adams, D Q, et al. (CUORE) (2022), “Search for Majorana neutrinos exploiting millikelvin cryogenics with CUORE,” Nature 604 (7904), 53-58, arXiv:2104.06906 [nucl-ex]."
U0413,B21,AGOSTINI;GONZALEZ-GARCIA,SIM,A021;G245,OK,,1873213,Adhikari,"Adhikari, G",,2022,2021,2021-06-30,2106.16243,,"J.Phys.G 49, 015104",nEXO: neutrinoless double beta decay search beyond 10^28 year half-life sensitivity,317,244,5,63.4,article,"Adhikari, G, et al. (nEXO) (2022), “nEXO: neutrinoless double beta decay search beyond 1028 year half-life sensitivity,” J. Phys. G 49 (1), 015104, arXiv:2106.16243 [nucl-ex]."
U0414,B21,AGOSTINI,NAO,A039,OK,,1996405,Agostini,"Agostini, M",,2022,2021,2021-12-22,2112.11816,,"Phys.Rev.Lett. 128, 091803",First Directional Measurement of Sub-MeV Solar Neutrinos with Borexino,56,39,5,11.2,article,"Agostini, M, et al. (BOREXINO) (2022), “First Directional Measurement of Sub-MeV Solar Neutrinos with Borexino,” Phys. Rev. Lett. 128 (9), 091803, arXiv:2112.11816 [hep-ex]."
U0415,B21,AGOSTINI,NAO,A046,OK,,1863711,Aker,"Aker, M",,2022,2021,2021-05-18,2105.08533,,"Nature Phys. 18, 160",Direct neutrino-mass measurement with sub-electronvolt sensitivity,785,714,5,157.0,article,"Aker, M, et al. (KATRIN) (2022), “Direct neutrino-mass measurement with sub-electronvolt sensitivity,” Nature Phys. 18 (2), 160-166, arXiv:2105.08533 [hep-ex]."
U0417,B21,AGOSTINI,NAO,A181,OK,,1996661,Bolton,"Bolton, Patrick D",3,2022,2021,2021-12-23,2112.12658,,"JHEP 03, 152",Neutrinoless Double Beta Decay via Light Neutralinos in R-Parity Violating Supersymmetry,21,20,5,4.2,article,"Bolton, Patrick D, Frank F. Deppisch, and P. S. Bhupal Dev (2022), “Neutrinoless double beta decay via light neutralinos in R-parity violating supersymmetry,” JHEP 03, 152, arXiv:2112.12658 [hep-ph]."
U0419,B21,GONZALEZ-GARCIA,NAO,G210,OK,,1944147,C. Giunti et al.,C. Giunti,,2022,2021,2021-10-13,2110.06820,,"Phys.Lett.B 829, 137054",Reactor antineutrino anomaly in light of recent flux model refinements,147,119,5,29.4,article,"C. Giunti et al., Phys. Lett. B 829, 137054 (2022), [arXiv:2110.06820]."
U0432,B22,GONZALEZ-GARCIA,NAO,G127,OK,,1907127,M. A. Acero et al. (NOvA),M. A. Acero,,2022,2021,2021-08-18,2108.08219,,"Phys.Rev.D 106, 032004",Improved measurement of neutrino oscillation parameters by the NOvA experiment,434,327,5,86.8,article,"M. A. Acero et al. (NOvA), Phys. Rev. D 106, 3, 032004 (2022), [arXiv:2108.08219]."
U0433,B22,GONZALEZ-GARCIA,NAO,G113,OK,,1873339,M. Pavin et al. (EMPHATIC),M. Pavin,,2022,2021,2021-06-29,2106.15723,,"Phys.Rev.D 106, 112008",Measurement of proton-carbon forward scattering in a proof-of-principle test of the EMPHATIC spectrometer,10,6,5,2.0,article,"M. Pavin et al. (EMPHATIC), Phys. Rev. D 106, 11, 112008 (2022), [arXiv:2106.15723]."
U0435,B22,GONZALEZ-GARCIA,NAO,G132,OK,,1953251,P. Abratenko et al. (MicroBooNE),P. Abratenko,,2022,2021,2021-10-26,2110.14054,,"Phys.Rev.Lett. 128, 241801",Search for an Excess of Electron Neutrino Interactions in MicroBooNE Using Multiple Final-State Topologies,190,104,5,38.0,article,"P. Abratenko et al. (MicroBooNE), Phys. Rev. Lett. 128, 24, 241801 (2022), [arXiv:2110.14054]."
U0436,B22,GONZALEZ-GARCIA,NAO,G211,OK,,1926136,V. V. Barinov et al.,V. V. Barinov,,2022,2021,2021-09-23,2109.11482,,"Phys.Rev.Lett. 128, 232501",Results from the Baksan Experiment on Sterile Transitions (BEST),245,225,5,49.0,article,"V. V. Barinov et al., Phys. Rev. Lett. 128, 23, 232501 (2022), [arXiv:2109.11482]."
U0890,B45,AGOSTINI,NAO,A085,OK,,1879097,Arling,Arling,,2021,2021,2021-06-08,,,"Nucl. Instrum. Meth. A 1010, 165524",Commissioning of the COBRA extended demonstrator at the LNGS,4,2,5,0.8,article,"Arling, J H, et al. (2021), “Commissioning of the COBRA extended demonstrator at the LNGS,” Nucl. Instrum. Meth. A 1010, 165524."
U0891,B45,AGOSTINI,NAO,A146,OK,,1904619,Basak,Basak,5,2021,2021,2021-08-12,,,"Phys. Rev. C 104, 024320",Shape coexistence scenario in Sm150 from a γ-γ fast-timing measurement,17,8,5,3.4,article,"Basak, S, S. S. Alam, D. Kumar, A. Saha, and T. Bhattacharjee (2021), “Shape coexistence scenario in Sm150 from a γ-γ fast-timing measurement,” Phys. Rev. C 104, 024320."
U0892,B45,AGOSTINI,NAO,A226,OK,,1845329,Cirigliano,Cirigliano,5,2021,2021,2021-02-05,2102.03371,,"JHEP 05, 289",Determining the leading-order contact term in neutrinoless double β decay,79,51,5,15.8,article,"Cirigliano, V, W. Dekens, J. de Vries, M. Hoferichter, and E. Mereghetti (2021a), “Determining the leading-order contact term in neutrinoless double β decay,” JHEP 05, 289, 2102.03371."
U0896,B45,AGOSTINI,NAO,A299,NAO_ENCONTRADO,,,ENSDF,ENSDF,,2021,,,,,http://www.nndc.bnl.gov/ensdf,,,,5,,database,"ENSDF, (2021), http://www.nndc.bnl.gov/ensdf."
U0897,B45,AGOSTINI,NAO,A450,OK,,1894346,Jokiniemi,Jokiniemi,3,2021,2021,2021-07-28,2107.13354,,"(preprint 2107.13354, sem journal citado no bruto)",Impact of the leading-order short-range nuclear matrix element on the neutrinoless double-beta decay of medium-mass and heavy nuclei,68,53,5,13.6,article,"Jokiniemi, L, P. Soriano, and J. Menéndez (2021b), “Impact of the leading-order short-range nuclear matrix element on the neutrinoless double-beta decay of heavy nuclei,” 2107.13354."
U0898,B45,AGOSTINI,NAO,A469,OK,,1988627,Kleemann,Kleemann,,2021,2021,2021-12-10,,,"Phys. Rev. C 104 (6), L061302",Majorana parameters of the interacting boson model of nuclear structure and their implication for 0νββ decay,7,3,5,1.4,article,"Kleemann, J, et al. (2021), “Majorana parameters of the interacting boson model of nuclear structure and their implication for 0νββ decay,” Phys. Rev. C 104 (6), L061302."
U0899,B45,AGOSTINI,NAO,A483,OK,,1840064,Kumar,Kumar,3,2021,2021,2021-01-08,2101.03046,,"Eur. Phys. J. A 57, 225","Second-forbidden nonunique β⁻ decays of 59,60Fe: Possible candidates for g_A sensitive electron spectral-shape measurements",24,3,5,4.8,article,"Kumar, A, P. C. Srivastava, and J. Suhonen (2021), “Secondforbidden nonunique β − decays of 59,60 Fe:possible candidates for gA sensitive electron spectral-shape measurements,” Eur. Phys. J. A 57, 225, 2101.03046."
U0901,B46,AGOSTINI,NAO,A563,NAO_ENCONTRADO,,,Nones,,,2021,,,,,,Bingo,,,5,,,"Nones, C (2021), “Bingo,” Presentation at TAUP 2021."
U0902,B46,AGOSTINI,NAO,A608,OK,,1860975,Rebeiro,"Rebeiro, B M",,2021,2021,2021-04-27,,,"Phys. Rev. C 104, 034309","Spectroscopy of states in $^{136}Ba$ using the $^{138}Ba(p,t)$ reaction",6,2,5,1.2,,"Rebeiro, B M, et al. (2021), “Spectroscopy of states in 136 Ba using the 138 Ba(p, t) reaction,” Phys. Rev. C 104, 034309."
U0903,B46,AGOSTINI,NAO,A613,OK,,1844564,Richardson,"Richardson, Thomas R",,2021,2021,2021-02-03,,,"Phys. Rev. C 103, 055501",Large-$N_c$ analysis of two-nucleon neutrinoless double-$\beta$ decay and charge-independence-breaking contact terms,34,26,5,6.8,,"Richardson, Thomas R, Matthias R. Schindler, Saori Pastore, and Roxanne P. Springer (2021), “Large-Nc analysis of two-nucleon neutrinoless double-β decay and chargeindependence-breaking contact terms,” Phys. Rev. C 103, 055501."
U0905,B46,AGOSTINI,NAO,A716,NAO_ENCONTRADO,,,Welliver,,,2021,,,,,,,,,5,,,"Welliver, B (2021), Talk at APS-DNP 2021 Conference."
U0906,B46,AGOSTINI,NAO,A681,NAO_ENCONTRADO,,,XUNDL,,,2021,,,,,,,,,5,,,"XUNDL, (2021), http://www.nndc.bnl.gov/ensdf/ensdf/ xundl.jsp."
U0908,B46,AGOSTINI,NAO,A738,NAO_ENCONTRADO,,,Yue,,,2021,,,,,,Cdex-300ν: neutrinoless double beta decay experiment based on 76 ge,,,5,,,"Yue, Qian (2021), “Cdex-300ν: neutrinoless double beta decay experiment based on 76 ge,” TAUP."
U0912,B46,AGOSTINI,NAO,A254,OK,,1974016,Davoudi,"Davoudi, Zohreh",,2022,2021,2021-11-22,,,"Phys. Rev. D 105, 094502",Extraction of low-energy constants of single- and double-β decays from lattice QCD: A sensitivity analysis,34,29,5,6.8,,"Davoudi, Zohreh, and Saurabh V. Kadam (2022), “Extraction of low-energy constants of single- and double-β decays from lattice QCD: A sensitivity analysis,” Phys. Rev. D 105, 094502."
U0915,B46,AGOSTINI,NAO,A559,OK,,1997921,Ney,"Ney, E M",,2022,2021,2021-12-29,,,"Phys. Rev. C 105, 034349",Two-body weak currents in heavy nuclei,12,9,5,2.4,,"Ney, E M, J. Engel, and N. Schunck (2022), “Two-body weak currents in heavy nuclei,” Phys. Rev. C 105, 034349."
U0917,B46,AGOSTINI,NAO,A732,OK,,1980658,Yao,"Yao, J M",,2022,2021,2021-11-30,,,"Prog. Part. Nucl. Phys. 126, 103965",Beyond-mean-field approaches for nuclear neutrinoless double beta decay in the standard mechanism,67,41,5,13.4,,"Yao, J M, J. Meng, Y. F. Niu, and P. Ring (2022b), “Beyondmean-field approaches for nuclear neutrinoless double beta decay in the standard mechanism,” Prog. Part. Nucl. Phys. 126, 103965."
U0963,B50,AGOSTINI,NAO,A650,OK,,1848221,Simón,"Simón, A",,2020,2021,2021-02-23,2102.11931,,"JHEP 21, 146",Boosting background suppression in the NEXT experiment through Richardson-Lucy deconvolution,28,8,5,5.6,article,"Simón, A, et al. (NEXT) (2020), “Boosting background suppression in the NEXT experiment through Richardson- Lucy deconvolution,” JHEP 21, 146, arXiv:2102.11931 [physics.ins-det]."
U0965,B50,AGOSTINI,NAO,A274,OK,,1871784,Di Valentino,"Di Valentino, E",3,2021,2021,2021-06-29,2106.15267,,"Phys. Rev. D 104 (8), 083504",Most constraining cosmological neutrino mass bounds,146,123,5,29.2,article,"Di Valentino, E, S. Gariazzo, and O. Mena (2021), “Most constraining cosmological neutrino mass bounds,” Phys. Rev. D 104 (8), 083504, arXiv:2106.15267 [astro-ph.CO]."
U0410,B21,GONZALEZ-GARCIA,NAO,G160,OK,,2075005,A. Abusleme et al. (JUNO),A. Abusleme,,2022,2022,2022-04-27,2204.13249,,"Chin.Phys.C 46, 123001",Sub-percent Precision Measurement of Neutrino Oscillation Parameters with JUNO,196,102,4,49.0,article,"A. Abusleme et al. (JUNO), Chin. Phys. C 46, 12, 123001 (2022), [arXiv:2204.13249]."
U0411,B21,AGOSTINI,NAO,A007,OK,,2046342,Abe,"Abe, S",,2022,2022,2022-03-04,2203.02139,,,Search for the Majorana Nature of Neutrinos in the Inverted Mass Ordering Region with KamLAND-Zen,498,445,4,124.5,preprint,"Abe, S, et al. (KamLAND-Zen) (2022), “First Search for the Majorana Nature of Neutrinos in the Inverted Mass Ordering Region with KamLAND-Zen,” arXiv:2203.02139 [hep-ex]."
U0416,B21,AGOSTINI;GONZALEZ-GARCIA,SIM,A101;G240,OK,,2115233,Arnquist,"Arnquist, I J",,2022,2022,2022-07-15,2207.07638,,,Final Result of the Majorana Demonstrator's Search for Neutrinoless Double-β Decay in 76Ge,177,125,4,44.25,preprint,"Arnquist, I J, et al. (2022), “Final Result of the MAJORANA DEMONSTRATOR’s Search for Neutrinoless Double-β Decay in 76 Ge,” arXiv:2207.07638 [nucl-ex]."
U0418,B21,GONZALEZ-GARCIA,NAO,G249,OK,,2034245,C. Augier et al. (CUPID),C. Augier,,2022,2022,2022-02-17,2202.08716,,"Eur.Phys.J.C 82, 1033",Final results on the 0νββ decay half-life limit of 100Mo from the CUPID-Mo experiment,105,59,4,26.25,article,"C. Augier et al. (CUPID), Eur. Phys. J. C 82, 11, 1033 (2022), [arXiv:2202.08716]."
U0420,B21,GONZALEZ-GARCIA,NAO,G214,OK,,2146365,C. Giunti et al.,C. Giunti,,2022,2022,2022-09-02,2209.00916,,"JHEP 10, 164",Gallium Anomaly: Critical View from the Global Picture of νe and ν̄e Disappearance,58,45,4,14.5,article,"C. Giunti et al., JHEP 10, 164 (2022), [arXiv:2209.00916]."
U0421,B22,AGOSTINI,NAO,A198,OK,,2065202,Cacciapaglia,"Cacciapaglia, Giacomo",2,2022,2022,2022-04-09,2204.04514,,"Phys.Lett.B 832, 137232",The W boson mass weighs in on the non-standard Higgs,68,66,4,17.0,article,"Cacciapaglia, Giacomo, and Francesco Sannino (2022), “The W boson mass weighs in on the non-standard Higgs,” Phys. Lett. B 832, 137232, arXiv:2204.04514 [hep-ph]."
U0422,B22,AGOSTINI,NAO,A228,OK,,2105283,Cirigliano,"Cirigliano, V",,2022,2022,2022-07-03,2207.01085,,,Towards precise and accurate calculations of neutrinoless double-beta decay,49,32,4,12.25,preprint,"Cirigliano, V, et al. (2022), “Towards Precise and Accurate Calculations of Neutrinoless Double-Beta Decay: Project Scoping Workshop Report,” arXiv:2207.01085 [nucl-th]."
U0423,B22,AGOSTINI,NAO,A284,OK,,2053582,Drewes,"Drewes, Marco",4,2022,2022,2022-03-16,2203.08538,,,Low-scale leptogenesis with flavour and CP symmetries,30,21,4,7.5,preprint,"Drewes, Marco, Yannis Georis, Claudia Hagedorn, and Juraj Klarić (2022a), “Low-scale leptogenesis with flavour and CP symmetries,” arXiv:2203.08538 [hep-ph]."
U0424,B22,AGOSTINI,NAO,A285,OK,,1873435,Drewes,"Drewes, Marco",3,2022,2022,2021-06-30,2106.16226,,"Phys.Rev.Lett. 128, 051801",Mapping the Viable Parameter Space for Testable Leptogenesis,94,69,4,23.5,article,"Drewes, Marco, Yannis Georis, and Juraj Klarić (2022b), “Mapping the Viable Parameter Space for Testable Leptogenesis,” Phys. Rev. Lett. 128 (5), 051801, arXiv:2106.16226 [hep-ph]."
U0425,B22,AGOSTINI,NAO,A247,OK,,2064812,D’Alise,"D’Alise, Alessandra",,2022,2022,2022-04-07,2204.03686,,,"Standard model anomalies: lepton flavour non-universality, g − 2 and W-mass",23,19,4,5.75,preprint,"D’Alise, Alessandra, et al. (2022), “Standard model anomalies: Lepton flavour non-universality, g-2 and W-mass,” arXiv:2204.03686 [hep-ph]."
U0426,B22,AGOSTINI,NAO,A313,OK,,2139843,Ettengruber,"Ettengruber, Manuel",5,2022,2022,2022-08-21,2208.09954,,,Discovering neutrinoless double-beta decay in the era of precision neutrino cosmology,9,5,4,2.25,preprint,"Ettengruber, Manuel, Matteo Agostini, Allen Caldwell, Philipp Eller, and Oliver Schulz (2022), “Discovering neutrinoless double-beta decay in the era of precision neutrino cosmology,” arXiv:2208.09954 [hep-ph]."
U0427,B22,AGOSTINI,NAO,A382,OK,,2026263,Graesser,"Graesser, Michael L",5,2022,2022,2022-02-02,2202.01237,,,Uncovering a chirally suppressed mechanism of 0νββ decay with LHC searches,17,12,4,4.25,preprint,"Graesser, Michael L, Gang Li, Michael J. Ramsey-Musolf, Tianyang Shen, and Sebastián Urrutia-Quiroga (2022), “Uncovering a chirally suppressed mechanism of 0νββ decay with LHC searches,” arXiv:2202.01237 [hep-ph]."
U0428,B22,AGOSTINI,NAO,A398,OK,,2012835,Hagen,"Hagen, G",8,2022,2022,2022-01-18,2201.07298,,,Angular-momentum projection in coupled-cluster theory: Structure of $^{34}$Mg,92,46,4,23.0,preprint,"Hagen, G, S. J. Novario, Z. H. Sun, T. Papenbrock, G. R. Jansen, J. G. Lietz, T. Duguet, and A. Tichai (2022), “Angular-momentum projection in coupled-cluster theory: structure of 34 Mg,” arXiv:2201.07298 [nucl-th]."
U0429,B22,AGOSTINI,NAO,A434,OK,,2055593,Horoi,"Horoi, M",3,2022,2022,2022-03-20,2203.10577,,,Statistical analysis for the neutrinoless double-β-decay matrix element of ⁴⁸Ca,34,26,4,8.5,preprint,"Horoi, M, A. Neacsu, and S. Stoica (2022), “A Statistical Analysis for the Neutrinoless Double-Beta Decay Matrix element of 48 Ca,” arXiv:2203.10577 [nucl-th]."
U0430,B22,AGOSTINI,NAO,A453,OK,,2110818,Jokiniemi,"Jokiniemi, Lotta",4,2022,2022,2022-07-11,2207.05108,,,Neutrinoless ββ-decay nuclear matrix elements from two-neutrino ββ-decay data,52,34,4,13.0,preprint,"Jokiniemi, Lotta, Beatriz Romeo, Pablo Soriano, and Javier Menéndez (2022), “Neutrinoless ββ-decay nuclear matrix elements from two-neutrino ββ-decay data,” arXiv:2207.05108 [nucl-th]."
U0431,B22,AGOSTINI,NAO,A508,OK,,2069740,Lisi,"Lisi, Eligio",2,2022,2022,2022-04-20,2204.09569,,"Phys.Rev.D 106, 013009",Majorana neutrino mass constraints in the landscape of nuclear matrix elements,13,9,4,3.25,article,"Lisi, Eligio, and Antonio Marrone (2022), “Majorana neutrino mass constraints in the landscape of nuclear matrix elements,” Phys. Rev. D 106 (1), 013009, arXiv:2204.09569 [hep-ph]."
U0434,B22,GONZALEZ-GARCIA,NAO,G248,OK,,2094605,O. Azzolini et al. (CUPID),O. Azzolini,,2022,2022,2022-06-10,2206.05130,,"Phys.Rev.Lett. 129, 111801",Final Result on the Neutrinoless Double Beta Decay of $^{82}$Se with CUPID-0,100,63,4,25.0,article,"O. Azzolini et al. (CUPID), Phys. Rev. Lett. 129, 11, 111801 (2022), [arXiv:2206.05130]."
U0437,B22,GONZALEZ-GARCIA,NAO,G242,OK,,2086378,W. H. Dai et al. (CDEX),W. H. Dai,,2022,2022,2022-05-21,2205.10718,,"Phys.Rev.D 106, 032012",Search for neutrinoless double-beta decay of $^{76}$Ge with a natural broad energy germanium detector,22,14,4,5.5,article,"W. H. Dai et al. (CDEX), Phys. Rev. D 106, 3, 032012 (2022), [arXiv:2205.10718]."
U0438,B22,AGOSTINI,NAO,A731,OK,,2072814,Yao,"Yao, J M",10,2022,2022,2022-04-27,2204.12971,,,Ab initio studies of the double–Gamow-Teller transition and its correlation with neutrinoless double-β decay,28,17,4,7.0,preprint,"Yao, J M, I. Ginnett, A. Belley, T. Miyagi, R. Wirth, S. Bogner, J. Engel, H. Hergert, J. D. Holt, and S. R. Stroberg (2022a), “Ab initio studies of double Gamow- Teller transition and its correlation with neutrinoless double beta decay,” arXiv:2204.12971 [nucl-th]."
U0440,B22,GONZALEZ-GARCIA,NAO,G229,OK,,2612614,A. Ashtari Esfahani et al. (Project 8),A. Ashtari Esfahani,,2023,2022,2022-12-09,2212.05048,,"Phys.Rev.Lett. 131, 102502",Tritium Beta Spectrum Measurement and Neutrino Mass Limit from Cyclotron Radiation Emission Spectroscopy,69,48,4,17.25,article,"A. Ashtari Esfahani et al. (Project 8), Phys. Rev. Lett. 131, 10, 102502 (2023), [arXiv:2212.05048]."
U0441,B23,GONZALEZ-GARCIA,NAO,G157,OK,,2601288,F. P. An et al. (Daya Bay),F. P. An,,2023,2022,2022-11-27,2211.14988,,"Phys. Rev. Lett. 130, 16, 161802",Precision Measurement of Reactor Antineutrino Oscillation at Kilometer-Scale Baselines by Daya Bay,150,121,4,37.5,article,"F. P. An et al. (Daya Bay), Phys. Rev. Lett. 130, 16, 161802 (2023), [arXiv:2211.14988]."
U0443,B23,GONZALEZ-GARCIA,NAO,G164,OK,,2165649,H. Almazán et al. (STEREO),H. Almazán,,2023,2022,2022-10-14,2210.07664,,"Nature 613, 7943, 257",STEREO neutrino spectrum of 235U fission rejects sterile neutrino hypothesis,96,88,4,24.0,article,"H. Almazán et al. (STEREO), Nature 613, 7943, 257 (2023), [arXiv:2210.07664]."
U0445,B23,GONZALEZ-GARCIA,NAO,G133,OK,,2167334,P. Abratenko et al. (MicroBooNE),P. Abratenko,,2023,2022,2022-10-18,2210.10216,,"Phys. Rev. Lett. 130, 1, 011801",First Constraints on Light Sterile Neutrino Oscillations from Combined Appearance and Disappearance Searches with the MicroBooNE Detector,92,64,4,23.0,article,"P. Abratenko et al. (MicroBooNE), Phys. Rev. Lett. 130, 1, 011801 (2023), [arXiv:2210.10216]."
U0448,B23,GONZALEZ-GARCIA,NAO,G225,OK,,2051352,M. A. Acero et al.,M. A. Acero,,2024,2022,2022-03-14,2203.07323,,"J.Phys.G 51(12), 120501 (2024)",White Paper on Light Sterile Neutrino Searches and Related Phenomenology,154,84,4,38.5,article,"M. A. Acero et al., J. Phys. G 51, 12, 120501 (2024), [arXiv:2203.07323]."
U0909,B46,AGOSTINI,NAO,A004,OK,,2064224,Aaltonen,"Aaltonen, T",,2022,2022,2022-04-08,,,"Science 376 (6589), 170-176",High-precision measurement of the W boson mass with the CDF II detector,818,780,4,204.5,,"Aaltonen, T, et al. (CDF) (2022), “High-precision measurement of the W boson mass with the CDF II detector,” Science 376 (6589), 170-176."
U0911,B46,AGOSTINI,NAO,A237,OK,,2043462,Coraggio,"Coraggio, L",,2022,2022,2022-03-02,,,"Phys. Rev. C 105, 034312",Shell-model calculation of $^{100}$Mo double-$\beta$ decay,55,43,4,13.75,,"Coraggio, L, N. Itaco, G. De Gregorio, A. Gargano, R. Mancino, and F. Nowacki (2022), “Shell-model calculation of Mo double-β decay,” Phys. Rev. C 105, 034312."
U0913,B46,AGOSTINI,NAO,A419,OK,,2039237,Hicks,"Hicks, S F",,2022,2022,2022-02-28,,,"Phys. Rev. C 105, 024329",Nuclear structure of Te130 from inelastic neutron scattering and shell model analysis,10,7,4,2.5,,"Hicks, S F, et al. (2022), “Nuclear structure of Te130 from inelastic neutron scattering and shell model analysis,” Phys. Rev. C 105, 024329."
U0914,B46,AGOSTINI,NAO,A422,OK,,2022389,Hinohara,"Hinohara, Nobuo",,2022,2022,2022-01-30,,,"Phys. Rev. C 105, 044314",Global calculation of two-neutrino double-β decay within the finite amplitude method in nuclear density functional theory,24,17,4,6.0,,"Hinohara, Nobuo, and Jonathan Engel (2022), “Global calculation of two-neutrino double-β decay within the finite amplitude method in nuclear density functional theory,” Phys. Rev. C 105, 044314."
U0916,B46,AGOSTINI,NAO,A562,OK,,2057925,Nomura,"Nomura, Kosuke",,2022,2022,2022-03-24,,,"Phys. Rev. C 105, 044301",Two-neutrino double-β decay in the mapped interacting boson model,22,14,4,5.5,,"Nomura, Kosuke (2022), “Two-neutrino double-β decay in the mapped interacting boson model,” Phys. Rev. C 105, 044301."
U0967,B50,AGOSTINI,NAO,A384,OK,,2071245,Gráf,"Gráf, L",3,2022,2022,2022-04-22,2204.10845,,"Phys. Rev. D 106 (3), 035022",Unraveling the 0νββ decay mechanisms,53,43,4,13.25,article,"Gráf, Lukáš, Manfred Lindner, and Oliver Scholer (2022), “Unraveling the 0νββ decay mechanisms,” Phys. Rev. D 106 (3), 035022, arXiv:2204.10845 [hep-ph]."
U0968,B50,AGOSTINI,NAO,A378,NAO_ENCONTRADO,,,de Gouvea,"de Gouvea, A",1,2022,,,,,,Model dependence in neutrinoless double-beta decay probes,,,4,,,"de Gouvea, Andre (2022), “Model dependence in neutrinoless double-beta decay probes,” Seattle Snowmass Summer Meeting."
U0442,B23,GONZALEZ-GARCIA,NAO,G116,OK,,2665737,H. Adhikary et al. (NA61/SHINE) (2023),H. Adhikary,,2023,2023,2023-06-05,2306.02961,,,"Measurements of pi+, pi-, p, pbar, K+ and K- production in 120 GeV/c p + C interactions",13,8,3,4.33,article,"H. Adhikary et al. (NA61/SHINE) (2023), [arXiv:2306.02961]."
U0444,B23,GONZALEZ-GARCIA,NAO,G124,OK,,2638628,K. Abe et al. (T2K),K. Abe,,2023,2023,2023-03-06,2303.03222,,"Eur. Phys. J. C 83, 9, 782",Measurements of neutrino oscillation parameters from the T2K experiment using 3.6x10^21 protons on target,290,193,3,96.67,article,"K. Abe et al. (T2K), Eur. Phys. J. C 83, 9, 782 (2023), [arXiv:2303.03222]."
U0446,B23,GONZALEZ-GARCIA,NAO,G199,OK,,2720510,T. Wester et al. (Super-Kamiokande) (2023),T. Wester,,2023,2023,2023-11-08,2311.05105,,,Atmospheric neutrino oscillation analysis with neutron tagging and an expanded fiducial volume in Super-Kamiokande I-V,108,66,3,36.0,article,"T. Wester et al. (Super-Kamiokande) (2023), [arXiv:2311.05105]."
U0910,B46,AGOSTINI,NAO,A183,DUVIDOSO,,2651539,Bossio,M. Bossio,2,2022,2023,2023-04-14,,,,Probing Beyond the Standard Model Physics with Double-beta Decays,28,,3,9.33,review,"Bossio, E, and M. Agostini (2022), “A review of exotic physics searches with double-beta decay,” To appear in September 2022."
U0918,B46,GONZALEZ-GARCIA,NAO,G197,OK,U0446,2720510,Atmospheric neutrino oscillation analysis with neutron taggi,,,2024,2023,2023-11-08,,,,Atmospheric neutrino oscillation analysis with neutron tagging and an expanded fiducial volume in Super-Kamiokande I–V,108,66,3,36.0,,"Atmospheric neutrino oscillation analysis with neutron tagging and an expanded fiducial volume in Super-Kamiokande I-V (2024), ZENODO."
U0447,B23,GONZALEZ-GARCIA,NAO,G193,OK,,2838825,I. Esteban et al.,I. Esteban,,2024,2024,2024-10-07,2410.05380,,"JHEP 12, 216",NuFit-6.0: updated global analysis of three-flavor neutrino oscillations,741,717,2,370.5,article,"I. Esteban et al., JHEP 12, 216 (2024), [arXiv:2410.05380]."
U0449,B23,GONZALEZ-GARCIA,NAO,G238,OK,,2799242,S. Abe et al. (KamLAND-Zen) (2024),S. Abe,,2024,2024,2024-06-17,2406.11438,,,Search for Majorana Neutrinos with the Complete KamLAND-Zen Dataset,230,210,2,115.0,article,"S. Abe et al. (KamLAND-Zen) (2024), [arXiv:2406.11438]."
U0450,B23,GONZALEZ-GARCIA,NAO,G099,OK,,2817709,S. Aiello et al. (KM3NeT),S. Aiello,,2024,2024,2024-08-13,2408.07015,,"JHEP 10, 206",Measurement of neutrino oscillation parameters with the first six detection units of KM3NeT/ORCA,50,22,2,25.0,article,"S. Aiello et al. (KM3NeT), JHEP 10, 206 (2024), [arXiv:2408.07015]."
U0451,B23,GONZALEZ-GARCIA,NAO,G251,OK,,2805677,A. Agrawal et al. (AMoRE),A. Agrawal,,2025,2024,2024-07-08,2407.05618,,"Phys. Rev. Lett. 134, 8, 082501",Improved limit on neutrinoless double beta decay of 100Mo from AMoRE-I,50,31,2,25.0,article,"A. Agrawal et al. (AMoRE), Phys. Rev. Lett. 134, 8, 082501 (2025), [arXiv:2407.05618]."
U0455,B23,GONZALEZ-GARCIA,NAO,G226,OK,,2800485,M. Aker et al. (KATRIN),M. Aker,,2025,2024,2024-06-19,2406.13516,,"Science 388, 6743, adq9592",Direct neutrino-mass measurement based on 259 days of KATRIN data,362,327,2,181.0,article,"M. Aker et al. (KATRIN), Science 388, 6743, adq9592 (2025), [arXiv:2406.13516]."
U0456,B23,GONZALEZ-GARCIA,NAO,G215,OK,,2852153,M. C. Gonzalez-Garcia,M. C. Gonzalez-Garcia,3,2025,2024,2024-11-25,2411.16840,,"Phys. Lett. B 862, 139297",Solar Model Independent Constraints on the Sterile Neutrino Interpretation of the Gallium Anomaly,9,6,2,4.5,article,"M. C. Gonzalez-Garcia, M. Maltoni and J. P. Pinheiro, Phys. Lett. B 862, 139297 (2025), [arXiv:2411.16840]."
U0458,B23,GONZALEZ-GARCIA,NAO,G208,OK,,2861683,P. Abratenko et al. ((MicroBooNE Collaboration)*,P. Abratenko,,2025,2024,2024-12-18,2412.14407,,"Phys. Rev. Lett. 135, 8, 081802",Search for an Anomalous Production of Charged-Current nu_e Interactions without Visible Pions across Multiple Kinematic Observables in MicroBooNE,19,8,2,9.5,article,"P. Abratenko et al. ((MicroBooNE Collaboration)*, MicroBooNE), Phys. Rev. Lett. 135, 8, 081802 (2025), [arXiv:2412.14407]."
U0459,B23,GONZALEZ-GARCIA,NAO,G096;G200,OK,,2783228,R. Abbasi et al. ((IceCube Collaboration)k,R. Abbasi,,2025,2024,2024-05-03,2405.02163,,"Phys. Rev. Lett. 134, 9, 091801",Measurement of Atmospheric Neutrino Oscillation Parameters Using Convolutional Neural Networks with 9.3 Years of Data in IceCube DeepCore,89,50,2,44.5,article,"R. Abbasi et al. ((IceCube Collaboration)k, IceCube), Phys. Rev. Lett. 134, 9, 091801 (2025), [arXiv:2405.02163]."
U0919,B46,GONZALEZ-GARCIA,NAO,G198,OK,U0459,2783228,Data release for neutrino oscillation parameters using convo,,,2024,2024,2024-05-03,,,,Measurement of Atmospheric Neutrino Oscillation Parameters Using Convolutional Neural Networks with 9.3 Years of Data in IceCube DeepCore,89,50,2,44.5,,"Data release for neutrino oscillation parameters using convolutional neural networks with 9.3 years of data in IceCube DeepCore (2024), ."
U0920,B46,GONZALEZ-GARCIA,NAO,G201,NAO_ENCONTRADO,,,J. Wolcott (NOvA) FERMILAB-SLIDES-24-0130-PPD (2024).,,,2024,,,,,,,,,2,,,J. Wolcott (NOvA) FERMILAB-SLIDES-24-0130-PPD (2024).
U0921,B47,GONZALEZ-GARCIA,NAO,G195,NAO_ENCONTRADO,,,M. Tortola,,,2024,,,,,,,,,2,,,"M. Tortola, Neutrinos global fit (2024), Talk at XV Latin American Symposium on High Energy Physics, URL https://indico.nucleares.unam.mx/event/2125/contribution/40."
U0452,B23,GONZALEZ-GARCIA,NAO,G194,OK,,2898747,F. Capozzi et al.,F. Capozzi,,2025,2025,2025-03-10,2503.07752,,"Phys. Rev. D 111, 9, 093006",Neutrino masses and mixing: Entering the era of subpercent precision,93,87,1,93.0,article,"F. Capozzi et al., Phys. Rev. D 111, 9, 093006 (2025), [arXiv:2503.07752]."
U0453,B23,GONZALEZ-GARCIA,NAO,G144,OK,,2864297,F. P. An et al. (Daya Bay),F. P. An,,2025,2025,2025-01-01,2501.00746,,"Phys. Rev. Lett. 134, 20, 201802",Comprehensive Measurement of the Reactor Antineutrino Spectrum and Flux at Daya Bay,20,17,1,20.0,article,"F. P. An et al. (Daya Bay), Phys. Rev. Lett. 134, 20, 201802 (2025), [arXiv:2501.00746]."
U0454,B23,GONZALEZ-GARCIA,NAO,G216,OK,,2903348,H. Acharya et al. (KATRIN) (2025),H. Acharya,,2025,2025,2025-03-24,2503.18667,,,Sterile-neutrino search based on 259 days of KATRIN data,40,31,1,40.0,article,"H. Acharya et al. (KATRIN) (2025), [arXiv:2503.18667]."
U0457,B23,GONZALEZ-GARCIA,NAO,G217,OK,,2949341,M. Cadeddu et al. (2025),M. Cadeddu,,2025,2025,2025-07-17,2507.13103,,,Reassessing the gallium anomaly using self-consistent electron wave functions,5,1,1,5.0,article,"M. Cadeddu et al. (2025), [arXiv:2507.13103]."
U0922,B47,GONZALEZ-GARCIA,NAO,G158,OK,,2935469,S. Jeon et al. (RENO),"Jeon, S",,2025,2025,2025-06-01,,,"Phys. Rev. D 111, 112006",Measurement of reactor antineutrino oscillation parameters using the full 3800-day dataset of the RENO experiment,9,9,1,9.0,,"S. Jeon et al. (RENO), Phys. Rev. D 111, 11, 112006 (2025)."
